,,,,,,,,,Standard,,,,,,,,Performance,
Rk,Player,Nation,Pos,Squad,Age,Born,90s,Gls,Sh,SoT,SoT%,Sh/90,SoT/90,G/Sh,G/SoT,Dist,PK,PKatt
1,Aymen Abdennour,tn TUN,DF,Valencia,25,1989,20.6,0,6,2,33.3,0.29,0.1,0,0,,0,0
2,Antonio Ad·n,es ESP,GK,Betis,28,1987,35.7,0,0,0,,0,0,,,,0,0
3,Adriano,br BRA,DF,Barcelona,30,1984,4.8,0,1,0,0,0.21,0,0,,,0,0
4,Aritz Aduriz,es ESP,FW,Athletic Club,34,1981,30.8,20,93,49,52.7,3.02,1.59,0.18,0.35,,3,5
5,Imanol Agirretxe,es ESP,FW,Real Sociedad,28,1987,13,13,46,22,47.8,3.54,1.69,0.28,0.59,,0,0
6,Rachid AÔt-Atmane,dz ALG,MF,Sporting GijÛn,22,1993,11.8,0,6,1,16.7,0.51,0.08,0,0,,0,0
7,Ager Aketxe,es ESP,MF,Athletic Club,21,1993,2.1,0,4,1,25,1.95,0.49,0,0,,0,0
8,Jordi Alba,es ESP,DF,Barcelona,26,1989,28.8,0,7,2,28.6,0.24,0.07,0,0,,0,0
9,Ra˙l Albentosa,es ESP,DF,M·laga,26,1988,28.4,2,17,7,41.2,0.6,0.25,0.12,0.29,,0,0
10,Luis Alberto,es ESP,"MF,FW",La CoruÒa,22,1992,23.3,6,80,27,33.8,3.43,1.16,0.08,0.22,,0,0
11,Paco Alc·cer,es ESP,FW,Valencia,21,1993,26.9,13,61,26,42.6,2.27,0.97,0.18,0.42,,2,3
12,AntolÌn Alcaraz,py PAR,DF,Las Palmas,33,1982,6,1,2,1,50,0.33,0.17,0.5,1,,0,0
13,Nauzet Alem·n,es ESP,MF,Las Palmas,30,1985,2.8,0,3,0,0,1.09,0,0,,,0,0
14,Diego Alende,es ESP,DF,Celta Vigo,17,1997,0.4,0,0,0,,0,0,,,,0,0
15,Alexis,es ESP,DF,Getafe,29,1985,15,1,2,1,50,0.13,0.07,0.5,1,,0,0
16,Sergio ¡Ålvarez,es ESP,GK,Celta Vigo,28,1986,30.3,0,0,0,,0,0,,,,0,0
17,Sergio ¡Ålvarez,es ESP,MF,Sporting GijÛn,23,1992,24.3,2,5,3,60,0.21,0.12,0.4,0.67,,0,0
18,VÌctor ¡Ålvarez,es ESP,"MF,DF",Espanyol,22,1993,21.8,1,13,4,30.8,0.6,0.18,0.08,0.25,,0,0
19,Dani Alves,br BRA,DF,Barcelona,32,1983,23.8,0,16,4,25,0.67,0.17,0,0,,0,0
20,Diego Alves,br BRA,GK,Valencia,30,1985,13,0,0,0,,0,0,,,,0,0
21,Antonio Amaya,es ESP,DF,Rayo Vallecano,32,1983,11.5,1,3,2,66.7,0.26,0.17,0.33,0.5,,0,0
22,Nordin Amrabat,ma MAR,"MF,FW",M·laga,28,1987,11.1,0,26,8,30.8,2.33,0.72,0,0,,0,1
23,Marco Andreolli,it ITA,DF,Sevilla,29,1986,6.1,0,3,0,0,0.49,0,0,,,0,0
24,JosÈ ¡Ångel Crespo,es ESP,DF,Rayo Vallecano,28,1987,7.9,0,1,1,100,0.13,0.13,0,0,,0,0
25,Miguel ¡Ångel Guerrero,es ESP,FW,Sporting GijÛn,25,1990,12.1,2,22,9,40.9,1.82,0.75,0.09,0.22,,0,0
26,Miguel ¡Ångel,es ESP,DF,Getafe,19,1996,2.2,0,0,0,,0,0,,,,0,0
27,Marcos Angeleri,ar ARG,DF,M·laga,32,1983,12.3,0,3,0,0,0.24,0,0,,,0,0
28,Ion Ansotegi,es ESP,DF,Eibar,33,1982,6,0,4,1,25,0.66,0.17,0,0,,0,0
29,JosÈ Antonio Reyes,es ESP,MF,Sevilla,31,1983,13.1,1,21,9,42.9,1.6,0.69,0.05,0.11,,0,0
30,Youssef El-Arabi,ma MAR,FW,Granada,28,1987,27.9,16,70,34,48.6,2.51,1.22,0.13,0.26,,7,7
31,Sergio Araujo,ar ARG,FW,Las Palmas,23,1992,20.2,5,61,25,41,3.02,1.24,0.08,0.2,,0,0
32,¡Ålvaro Arbeloa,es ESP,DF,Real Madrid,32,1983,2.9,0,0,0,,0,0,,,,0,0
33,Anaitz Arbilla,es ESP,DF,Espanyol,28,1987,7,0,7,2,28.6,1,0.29,0,0,,0,0
34,Alphonse Areola,fr FRA,GK,Villarreal,22,1993,32,0,0,0,,0,0,,,,0,0
35,Giedrius Arlauskis,lt LTU,GK,Espanyol,27,1987,2.5,0,0,0,,0,0,,,,0,0
36,Alejandro Arribas,es ESP,DF,La CoruÒa,26,1989,30.4,2,12,4,33.3,0.4,0.13,0.17,0.5,,0,0
37,Mikel Arruabarrena,es ESP,FW,Eibar,32,1983,0.7,1,1,1,100,1.45,1.45,1,1,,0,0
38,Aythami Artiles,es ESP,DF,Las Palmas,29,1986,29.3,0,9,2,22.2,0.31,0.07,0,0,,0,0
39,Sergio Asenjo,es ESP,GK,Villarreal,26,1989,4,0,0,0,,0,0,,,,0,0
40,Marco Asensio,es ESP,"MF,FW",Espanyol,19,1996,31.4,4,60,22,36.7,1.91,0.7,0.07,0.18,,0,0
41,Iago Aspas,es ESP,"FW,MF",Celta Vigo,27,1987,29.5,13,80,34,42.5,2.71,1.15,0.15,0.35,,1,1
42,Christian Atsu,gh GHA,MF,M·laga,23,1992,4.4,2,9,6,66.7,2.07,1.38,0.22,0.33,,0,0
43,Jean-Sylvain Babin,mq MTQ,DF,Granada,28,1986,24.8,3,13,5,38.5,0.52,0.2,0.23,0.6,,0,0
44,Ra˙l Baena,es ESP,MF,Rayo Vallecano,26,1989,20.4,1,10,3,30,0.49,0.15,0.1,0.33,,0,0
45,Eric Bailly,ci CIV,DF,Villarreal,21,1994,22.4,0,4,1,25,0.18,0.04,0,0,,0,0
46,CÈdric Bakambu,cd COD,FW,Villarreal,24,1991,20.7,12,48,28,58.3,2.32,1.36,0.25,0.43,,0,0
47,Zakaria Bakkali,be BEL,"MF,FW",Valencia,19,1996,6.3,1,13,2,15.4,2.07,0.32,0.08,0.5,,0,0
48,Gareth Bale,wls WAL,"FW,MF",Real Madrid,26,1989,19.3,19,81,36,44.4,4.21,1.87,0.23,0.53,,0,0
49,Mikel Balenziaga,es ESP,DF,Athletic Club,27,1988,32.3,0,8,0,0,0.25,0,0,,,0,0
50,…ver Banega,ar ARG,MF,Sevilla,27,1988,19.1,5,39,19,48.7,2.04,1,0.1,0.21,,1,1
51,Lass Bangoura,gn GUI,MF,Rayo Vallecano,23,1992,8.9,0,18,5,27.8,2.01,0.56,0,0,,0,0
52,LÈo Baptist„o,br BRA,FW,Villarreal,22,1992,14.1,3,32,9,28.1,2.27,0.64,0.09,0.33,,0,0
53,Danilo Barbosa,br BRA,MF,Valencia,19,1996,15.1,0,15,3,20,0.99,0.2,0,0,,0,0
54,Mariano Barbosa,ar ARG,GK,Villarreal,31,1984,2,0,0,0,,0,0,,,,0,0
55,Antonio Barrag·n,es ESP,DF,Valencia,28,1987,18.4,0,0,0,,0,0,,,,0,0
56,David Barral,es ESP,FW,Granada,32,1983,4.1,0,18,5,27.8,4.37,1.21,0,0,,0,0
57,IÒigo Barrenetxea,es ESP,MF,Eibar,21,1994,0.1,0,0,0,,0,0,,,,0,0
58,¡Ålex Barrera,es ESP,MF,Sporting GijÛn,24,1991,0.7,0,2,1,50,2.9,1.45,0,0,,0,0
59,Marc Bartra,es ESP,DF,Barcelona,24,1991,5.6,2,5,2,40,0.89,0.36,0.4,1,,0,0
60,Borja BastÛn,es ESP,FW,Eibar,22,1992,28.6,18,93,42,45.2,3.26,1.47,0.16,0.36,,3,3
61,Jon Bautista,es ESP,FW,Real Sociedad,20,1995,1.3,1,4,2,50,3.05,1.53,0.25,0.5,,0,0
62,Claudio Beauvue,gp GLP,"MF,FW",Celta Vigo,27,1988,5.6,1,11,4,36.4,1.96,0.71,0.09,0.25,,0,0
63,BebÈ,cv CPV,MF,Rayo Vallecano,25,1990,24.9,3,80,21,26.3,3.22,0.84,0.04,0.14,,0,0
64,Karim Benzema,fr FRA,FW,Real Madrid,27,1987,22,24,98,51,52,4.46,2.32,0.24,0.47,,0,0
65,Yuri Berchiche,es ESP,DF,Real Sociedad,25,1990,20.5,0,14,2,14.3,0.68,0.1,0,0,,0,0
66,¡Ålex BergantiÒos,es ESP,MF,La CoruÒa,30,1985,19.4,2,15,3,20,0.77,0.15,0.13,0.67,,0,0
67,Markel Bergara,es ESP,MF,Real Sociedad,29,1986,15,1,12,4,33.3,0.8,0.27,0.08,0.25,,0,0
68,Sa˙l BerjÛn,es ESP,MF,Eibar,29,1986,15.6,4,34,14,41.2,2.19,0.9,0.03,0.07,,3,4
69,Beto,pt POR,GK,Sevilla,33,1982,4,0,0,0,,0,0,,,,0,0
70,Thievy Bifouma,cg CGO,"FW,MF",Granada,23,1992,2.1,0,2,1,50,0.96,0.48,0,0,,0,0
71,Pedro Bigas,es ESP,DF,Las Palmas,24,1990,26.1,3,15,5,33.3,0.57,0.19,0.2,0.6,,0,0
72,Cristiano Biraghi,it ITA,DF,Granada,22,1992,31.3,0,11,1,9.1,0.35,0.03,0,0,,0,0
73,RubÈn Blanco,es ESP,GK,Celta Vigo,20,1995,7.6,0,0,0,,0,0,,,,0,0
74,Arthur Boka,ci CIV,DF,M·laga,32,1983,11.6,0,7,2,28.6,0.6,0.17,0,0,,0,0
75,Daniele Bonera,it ITA,DF,Villarreal,34,1981,10.8,0,3,1,33.3,0.28,0.09,0,0,,0,0
76,Theo Bongonda,cd COD,"MF,FW",Celta Vigo,19,1995,13.3,2,18,6,33.3,1.36,0.45,0.11,0.33,,0,0
77,Celso Borges,cr CRC,MF,La CoruÒa,27,1988,21.2,3,20,9,45,0.94,0.42,0.15,0.33,,0,0
78,Eneko BÛveda,es ESP,DF,Athletic Club,26,1988,16.3,0,5,0,0,0.31,0,0,,,0,0
79,Claudio Bravo,cl CHI,GK,Barcelona,32,1983,32,0,0,0,,0,0,,,,0,0
80,Bruma,pt POR,"MF,FW",Real Sociedad,20,1994,16.2,2,46,21,45.7,2.85,1.3,0.04,0.1,,0,0
81,Emi BuendÌa,ar ARG,"MF,DF",Getafe,18,1996,8.3,1,13,4,30.8,1.57,0.48,0.08,0.25,,0,0
82,Burgui,es ESP,"MF,FW",Espanyol,21,1993,10.9,1,31,12,38.7,2.84,1.1,0.03,0.08,,0,1
83,Sergio Busquets,es ESP,MF,Barcelona,27,1988,32.2,0,6,2,33.3,0.19,0.06,0,0,,0,0
84,Gustavo Cabral,ar ARG,DF,Celta Vigo,29,1985,29.7,0,6,2,33.3,0.2,0.07,0,0,,0,0
85,Felipe Caicedo,ec ECU,FW,Espanyol,26,1988,23.7,8,40,18,45,1.69,0.76,0.2,0.44,,0,1
86,Cala,es ESP,DF,Getafe,25,1989,21.2,1,7,2,28.6,0.33,0.09,0.14,0.5,,0,0
87,Ignacio Camacho,es ESP,MF,M·laga,25,1990,22.3,2,23,7,30.4,1.03,0.31,0.09,0.29,,0,0
88,VÌctor Camarasa,es ESP,MF,Levante,21,1994,23.5,2,28,8,28.6,1.19,0.34,0.07,0.25,,0,0
89,Sergio Canales,es ESP,"MF,FW",Real Sociedad,24,1991,10,0,24,5,20.8,2.4,0.5,0,0,,0,0
90,JosÈ CaÒas,es ESP,MF,Espanyol,28,1987,7.7,0,0,0,,0,0,,,,0,0
91,Jo„o Cancelo,pt POR,"DF,FW",Valencia,21,1994,23.5,1,9,2,22.2,0.38,0.08,0.11,0.5,,0,0
92,Roberto Canella,es ESP,DF,Sporting GijÛn,27,1988,7.8,0,0,0,,0,0,,,,0,0
93,Cani,es ESP,MF,La CoruÒa,33,1981,9.8,0,10,5,50,1.02,0.51,0,0,,0,0
94,Ander Capa,es ESP,DF,Eibar,23,1992,34.7,2,16,5,31.3,0.46,0.14,0.13,0.4,,0,0
95,Eneko Capilla,es ESP,MF,Real Sociedad,20,1995,0.1,0,1,1,100,10,10,0,0,,0,0
96,Miguel Filipe Nunes Cardoso,pt POR,"FW,MF",La CoruÒa,21,1994,0.5,0,4,0,0,8.18,0,0,,,0,0
97,Juan Carlos,es ESP,GK,Rayo Vallecano,27,1988,20,0,0,0,,0,0,,,,0,0
98,Juan Carlos ValerÛn,es ESP,MF,Las Palmas,40,1975,4.3,0,1,0,0,0.23,0,0,,,0,0
99,Carlos Carmona,es ESP,MF,Sporting GijÛn,28,1987,13.5,2,14,5,35.7,1.04,0.37,0.14,0.4,,0,0
100,David Carmona,es ESP,DF,Sevilla,18,1997,1,0,1,0,0,1,0,0,,,0,0
101,Yannick Carrasco,be BEL,"MF,FW",AtlÈtico Madrid,21,1993,16.6,4,54,17,31.5,3.25,1.02,0.07,0.24,,0,0
102,Daniel CarriÁo,pt POR,"DF,MF",Sevilla,26,1988,11.7,1,7,3,42.9,0.6,0.26,0.14,0.33,,0,0
103,Federico Cartabia,ar ARG,"MF,FW",La CoruÒa,22,1993,15,3,51,18,35.3,3.39,1.2,0.06,0.17,,0,0
104,Dani Carvajal,es ESP,DF,Real Madrid,23,1992,18.1,0,8,0,0,0.44,0,0,,,0,0
105,VÌctor Casades˙s,es ESP,"FW,MF",Levante,30,1985,10.6,3,12,3,25,1.14,0.28,0.25,1,,0,0
106,Casemiro,br BRA,MF,Real Madrid,23,1992,17,1,20,3,15,1.18,0.18,0.05,0.33,,0,0
107,Nacho Cases,es ESP,MF,Sporting GijÛn,27,1987,21.8,1,21,4,19,0.96,0.18,0.05,0.25,,0,0
108,Kiko Casilla,es ESP,GK,Real Madrid,28,1986,4,0,0,0,,0,0,,,,0,0
109,Dani Castellano,es ESP,DF,Las Palmas,27,1987,24.9,0,8,2,25,0.32,0.08,0,0,,0,0
110,Javi Castellano,es ESP,MF,Las Palmas,27,1987,1,0,1,0,0,1,0,0,,,0,0
111,Samu Castillejo,es ESP,MF,Villarreal,20,1995,18.8,1,24,6,25,1.27,0.32,0.04,0.17,,0,0
112,Carlos Castro,es ESP,FW,Sporting GijÛn,20,1995,11.3,7,25,12,48,2.2,1.06,0.28,0.58,,0,0
113,Chory Castro,uy URU,MF,Real Sociedad,30,1984,1.8,0,1,0,0,0.57,0,0,,,0,0
114,Chory Castro,uy URU,MF,M·laga,30,1984,13.8,1,20,8,40,1.45,0.58,0.05,0.13,,0,0
115,Jonny Castro,es ESP,DF,Celta Vigo,21,1994,32.8,1,14,4,28.6,0.43,0.12,0.07,0.25,,0,0
116,RubÈn Castro,es ESP,FW,Betis,34,1981,37.5,19,103,48,46.6,2.75,1.28,0.16,0.33,,3,4
117,ZÈ Castro,pt POR,DF,Rayo Vallecano,32,1983,19,2,10,3,30,0.53,0.16,0.2,0.67,,0,0
118,Dani Ceballos,es ESP,MF,Betis,18,1996,23.7,0,17,3,17.6,0.72,0.13,0,0,,0,0
119,¡Ålvaro Cejudo,es ESP,MF,Betis,31,1984,20.8,1,36,11,30.6,1.73,0.53,0.03,0.09,,0,0
120,Charles,br BRA,FW,M·laga,31,1984,33.4,12,84,43,51.2,2.52,1.29,0.13,0.26,,1,1
121,Chechu,es ESP,DF,Rayo Vallecano,33,1982,5.2,0,1,1,100,0.19,0.19,0,0,,0,0
122,Pape Cheikh Diop,sn SEN,MF,Celta Vigo,17,1997,0.7,0,0,0,,0,0,,,,0,0
123,Zhang Chengdong,cn CHN,"DF,FW",Rayo Vallecano,26,1989,0.1,0,0,0,,0,0,,,,0,0
124,Denis Cheryshev,ru RUS,"MF,FW",Valencia,24,1990,5.3,3,13,5,38.5,2.45,0.94,0.23,0.6,,0,0
125,Denis Cheryshev,ru RUS,"FW,MF",Real Madrid,24,1990,0.4,0,1,0,0,2.57,0,0,,,0,0
126,MichaÎl Ciani,fr FRA,DF,Espanyol,31,1984,1.5,0,0,0,,0,0,,,,0,0
127,Coke,es ESP,DF,Sevilla,28,1987,19.3,1,31,10,32.3,1.6,0.52,0.03,0.1,,0,0
128,Duje ?op,hr CRO,"FW,MF",M·laga,25,1990,22.7,7,49,26,53.1,2.15,1.14,0.12,0.23,,1,1
129,Imanol Corral,es ESP,DF,Eibar,21,1994,0,0,0,0,,0,0,,,,0,0
130,¡Ångel Correa,ar ARG,"MF,FW",AtlÈtico Madrid,20,1995,10.6,5,31,14,45.2,2.91,1.32,0.16,0.36,,0,0
131,Rober Correa,es ESP,DF,Espanyol,22,1992,5.2,0,0,0,,0,0,,,,0,0
132,Jaume Costa,es ESP,DF,Villarreal,27,1988,17.1,1,4,2,50,0.23,0.12,0.25,0.5,,0,0
133,Ricardo Costa,pt POR,DF,Granada,34,1981,13.9,1,9,3,33.3,0.65,0.22,0.11,0.33,,0,0
134,Antonio Cot·n,es ESP,MF,Sevilla,19,1995,1,0,0,0,,0,0,,,,0,0
135,Sebasti·n CristÛforo,uy URU,MF,Sevilla,21,1993,16.1,0,3,1,33.3,0.19,0.06,0,0,,0,0
136,Iv·n CuÈllar,es ESP,GK,Sporting GijÛn,31,1984,32,0,0,0,,0,0,,,,0,0
137,Isaac Cuenca,es ESP,"MF,FW",Granada,24,1991,8.8,2,10,3,30,1.14,0.34,0.2,0.67,,0,0
138,Mauricio Cuero,co COL,"MF,FW",Levante,22,1993,5.4,0,11,4,36.4,2.05,0.75,0,0,,0,0
139,Emmanuel Culio,ar ARG,MF,Las Palmas,31,1983,6.2,0,5,0,0,0.8,0,0,,,0,0
140,Curro,es ESP,MF,Sevilla,19,1996,3.3,0,3,1,33.3,0.9,0.3,0,0,,0,0
141,Leandro Dami„o,br BRA,FW,Betis,26,1989,1.4,0,6,1,16.7,4.15,0.69,0,0,,0,0
142,Danilo,br BRA,DF,Real Madrid,24,1991,22.7,2,18,6,33.3,0.79,0.26,0.11,0.33,,0,0
143,Sergi Darder,es ESP,MF,M·laga,21,1993,0.9,0,3,1,33.3,3.21,1.07,0,0,,0,0
144,Rodrigo De Paul,ar ARG,"MF,FW",Valencia,21,1994,5.8,0,10,2,20,1.73,0.35,0,0,,0,0
145,Rafael van der Vaart,nl NED,MF,Betis,32,1983,2,0,6,1,16.7,3,0.5,0,0,,0,0
146,Deyverson,br BRA,FW,Levante,24,1991,24,9,69,30,43.5,2.87,1.25,0.13,0.3,,0,0
147,Marcelo DÌaz,cl CHI,MF,Celta Vigo,28,1986,10.9,0,12,1,8.3,1.1,0.09,0,0,,0,0
148,NÈstor DÌaz,es ESP,GK,Celta Vigo,23,1992,0.1,0,0,0,,0,0,,,,0,0
149,Didier Digard,fr FRA,MF,Betis,29,1986,3.3,0,2,1,50,0.6,0.3,0,0,,0,0
150,Papakouli Diop,sn SEN,MF,Espanyol,29,1986,27.6,3,22,8,36.4,0.8,0.29,0.14,0.38,,0,0
151,Jaume DomÈnech,es ESP,GK,Valencia,24,1990,17,0,0,0,,0,0,,,,0,0
152,Juan DomÌnguez,es ESP,MF,La CoruÒa,25,1990,2.1,0,3,1,33.3,1.46,0.49,0,0,,0,0
153,DÛria,br BRA,DF,Granada,20,1994,6.9,0,2,0,0,0.29,0,0,,,0,0
154,Jonathan dos Santos,mx MEX,MF,Villarreal,25,1990,19.5,0,17,6,35.3,0.87,0.31,0,0,,0,0
155,Mauro dos Santos,ar ARG,DF,Eibar,26,1989,29.8,0,12,5,41.7,0.4,0.17,0,0,,0,0
156,Abdoulaye DoucourÈ,ml MLI,MF,Granada,22,1993,12.9,0,10,0,0,0.78,0,0,,,0,0
157,Douglas,br BRA,DF,Barcelona,24,1990,0.1,0,0,0,,0,0,,,,0,0
158,Dejan Draûi?,rs SRB,MF,Celta Vigo,19,1995,1.2,0,1,0,0,0.86,0,0,,,0,0
159,”scar Duarte,cr CRC,"DF,MF",Espanyol,26,1989,13.3,1,8,3,37.5,0.6,0.23,0.13,0.33,,0,0
160,RubÈn Duarte,es ESP,DF,Espanyol,19,1995,20.7,0,11,2,18.2,0.53,0.1,0,0,,0,0
161,Duda,pt POR,MF,M·laga,35,1980,11.9,1,23,8,34.8,1.93,0.67,0.04,0.13,,0,1
162,Patrick Ebert,de GER,MF,Rayo Vallecano,28,1987,6.2,0,10,4,40,1.62,0.65,0,0,,0,0
163,Borja Ekiza,es ESP,DF,Eibar,27,1988,2.1,0,0,0,,0,0,,,,0,0
164,Aritz Elustondo,es ESP,DF,Real Sociedad,21,1994,28.8,1,16,5,31.3,0.56,0.17,0.06,0.2,,0,0
165,Gorka Elustondo,es ESP,"MF,DF",Athletic Club,28,1987,5.2,1,3,2,66.7,0.57,0.38,0.33,0.5,,0,0
166,Adri Embarba,es ESP,MF,Rayo Vallecano,23,1992,20.4,2,41,15,36.6,2.01,0.74,0.05,0.13,,0,0
167,Sergi Enrich,es ESP,FW,Eibar,25,1990,26.9,9,44,23,52.3,1.64,0.85,0.2,0.39,,0,0
168,Javier Eraso,es ESP,MF,Athletic Club,25,1990,8.7,2,12,5,41.7,1.38,0.57,0.17,0.4,,0,0
169,Gonzalo Escalante,ar ARG,MF,Eibar,22,1993,31.3,3,24,5,20.8,0.77,0.16,0.13,0.6,,0,0
170,Sergio Escudero,es ESP,"DF,MF",Sevilla,25,1989,13,1,13,6,46.2,1,0.46,0.08,0.17,,0,0
171,F·bio Espinho,pt POR,MF,M·laga,29,1985,1,0,2,1,50,2.02,1.01,0,0,,0,0
172,Bernardo Espinosa,co COL,DF,Sporting GijÛn,26,1989,14.8,1,13,6,46.2,0.88,0.4,0.08,0.17,,0,0
173,BeÒat Etxebarria,es ESP,MF,Athletic Club,28,1987,32.2,1,29,9,31,0.9,0.28,0.03,0.11,,0,0
174,Xabier Etxeita,es ESP,DF,Athletic Club,27,1987,27.6,0,10,1,10,0.36,0.04,0,0,,0,0
175,FayÁal Fajr,ma MAR,MF,La CoruÒa,26,1988,31.6,5,46,19,41.3,1.46,0.6,0.11,0.26,,0,0
176,Luis FariÒa,ar ARG,"FW,MF",Rayo Vallecano,24,1991,0.6,0,0,0,,0,0,,,,0,0
177,Federico Fazio,ar ARG,DF,Sevilla,28,1987,3.3,0,1,1,100,0.31,0.31,0,0,,0,0
178,Zouhair Feddal,ma MAR,DF,Levante,26,1989,28,1,13,3,23.1,0.46,0.11,0.08,0.33,,0,0
179,Sofiane Feghouli,dz ALG,"FW,MF",Valencia,25,1989,14,1,22,8,36.4,1.57,0.57,0.05,0.13,,0,0
180,AndrÈs Fern·ndez,es ESP,GK,Granada,28,1986,37,0,0,0,,0,0,,,,0,0
181,Augusto Fern·ndez,ar ARG,MF,Celta Vigo,29,1986,14.9,1,9,3,33.3,0.61,0.2,0.11,0.33,,0,0
182,Augusto Fern·ndez,ar ARG,MF,AtlÈtico Madrid,29,1986,9.5,0,4,1,25,0.42,0.11,0,0,,0,0
183,Borja Fern·ndez,es ESP,MF,Celta Vigo,19,1995,1.5,0,0,0,,0,0,,,,0,0
184,Carlos Fern·ndez,es ESP,FW,Sevilla,19,1996,0.3,0,0,0,,0,0,,,,0,0
185,Diogo Figueiras,pt POR,"MF,DF",Sevilla,24,1991,3.1,0,2,0,0,0.65,0,0,,,0,0
186,Egor Filipenko,by BLR,"DF,MF",M·laga,27,1988,6.2,0,8,0,0,1.28,0,0,,,0,0
187,Andreu Font‡s,es ESP,DF,Celta Vigo,25,1989,6,1,2,1,50,0.33,0.17,0.5,1,,0,0
188,Pablo Fornals,es ESP,MF,M·laga,19,1996,14.4,1,22,5,22.7,1.53,0.35,0.05,0.2,,0,0
189,Dimitri Foulquier,fr FRA,DF,Granada,22,1993,17,1,6,1,16.7,0.35,0.06,0.17,1,,0,0
190,Hugo Fraile,es ESP,MF,Sporting GijÛn,28,1987,0.9,0,0,0,,0,0,,,,0,0
191,Javi Fuego,es ESP,MF,Valencia,31,1984,22.7,0,5,1,20,0.22,0.04,0,0,,0,0
192,Gabi,es ESP,MF,AtlÈtico Madrid,32,1983,32,1,17,3,17.6,0.53,0.09,0.06,0.33,,0,0
193,KÈvin Gameiro,fr FRA,FW,Sevilla,28,1987,23.1,16,72,39,54.2,3.11,1.69,0.17,0.31,,4,5
194,Jes˙s G·mez,es ESP,DF,AtlÈtico Madrid,30,1985,8.1,0,2,0,0,0.25,0,0,,,0,0
195,Alberto GarcÌa,es ESP,GK,Sporting GijÛn,30,1985,6,0,0,0,,0,0,,,,0,0
196,Dani GarcÌa,es ESP,MF,Eibar,25,1990,33.9,0,21,5,23.8,0.62,0.15,0,0,,0,1
197,David GarcÌa,es ESP,DF,Las Palmas,33,1982,17.9,2,9,4,44.4,0.5,0.22,0.22,0.5,,0,0
198,Ra˙l GarcÌa,es ESP,MF,Athletic Club,29,1986,26.3,7,77,20,26,2.92,0.76,0.09,0.35,,0,0
199,Ra˙l GarcÌa,es ESP,"FW,MF",AtlÈtico Madrid,29,1986,0.1,0,1,0,0,9,0,0,,,0,0
200,RubÈn GarcÌa,es ESP,"FW,MF",Levante,22,1993,11.3,1,15,7,46.7,1.33,0.62,0.07,0.14,,0,0
201,Samu GarcÌa,es ESP,"MF,FW",Villarreal,25,1990,8.5,2,9,3,33.3,1.06,0.35,0.22,0.67,,0,0
202,Javier Garrido,es ESP,DF,Las Palmas,30,1985,17.5,0,2,1,50,0.11,0.06,0,0,,0,0
203,Mario Gaspar,es ESP,DF,Villarreal,24,1990,31.9,2,33,7,21.2,1.03,0.22,0.06,0.29,,0,0
204,Ander Gayoso,es ESP,DF,Eibar,22,1993,0.1,0,0,0,,0,0,,,,0,0
205,Nabil Ghilas,dz ALG,FW,Levante,25,1990,11.3,0,20,5,25,1.78,0.44,0,0,,0,0
206,Dani GimÈnez,es ESP,GK,Betis,32,1983,2.3,0,0,0,,0,0,,,,0,0
207,Diego GodÌn,uy URU,DF,AtlÈtico Madrid,29,1986,29.4,1,26,6,23.1,0.88,0.2,0.04,0.17,,0,0
208,Henok Goitom,er ERI,FW,Getafe,30,1984,1.4,0,4,0,0,2.88,0,0,,,0,0
209,David Goldar,es ESP,DF,Celta Vigo,20,1994,1,0,1,0,0,1,0,0,,,0,0
210,AndrÈ Gomes,pt POR,MF,Valencia,22,1993,26.4,2,42,15,35.7,1.59,0.57,0.05,0.13,,0,0
211,Ibai GÛmez,es ESP,MF,Athletic Club,25,1989,1.3,0,2,0,0,1.57,0,0,,,0,0
212,Moi GÛmez,es ESP,MF,Getafe,21,1994,10.2,2,15,9,60,1.47,0.88,0.13,0.22,,0,0
213,Sergi GÛmez,es ESP,DF,Celta Vigo,23,1992,29.1,0,2,0,0,0.07,0,0,,,0,0
214,Vicente GÛmez,es ESP,MF,Las Palmas,26,1988,16.3,1,7,3,42.9,0.43,0.18,0.14,0.33,,0,0
215,Abraham Gonz·lez,es ESP,MF,Espanyol,30,1985,12.2,1,15,7,46.7,1.23,0.57,0.07,0.14,,0,0
216,Adri·n Gonz·lez,es ESP,MF,Eibar,27,1988,24.7,4,45,20,44.4,1.82,0.81,0.09,0.2,,0,0
217,¡Ålvaro Gonz·lez,es ESP,DF,Espanyol,25,1990,35.8,0,16,6,37.5,0.45,0.17,0,0,,0,0
218,Bruno Gonz·lez,es ESP,DF,Betis,25,1990,31.1,0,17,4,23.5,0.55,0.13,0,0,,0,0
219,Diego Gonz·lez,es ESP,DF,Sevilla,20,1995,1.2,1,2,2,100,1.67,1.67,0.5,0.5,,0,0
220,Mikel Gonz·lez,es ESP,DF,Real Sociedad,29,1985,17.2,0,5,0,0,0.29,0,0,,,0,0
221,Ian Gonzalez Nieto,es ESP,FW,Getafe,22,1993,0.1,0,1,0,0,6.92,0,0,,,0,0
222,Esteban Granero,es ESP,MF,Real Sociedad,28,1987,9.3,0,6,3,50,0.65,0.32,0,0,,0,0
223,Antoine Griezmann,fr FRA,FW,AtlÈtico Madrid,24,1991,33.8,22,92,43,46.7,2.72,1.27,0.23,0.49,,1,2
224,Vicente Guaita,es ESP,GK,Getafe,28,1987,38,0,0,0,,0,0,,,,0,0
225,Javi Guerra,es ESP,FW,Rayo Vallecano,33,1982,23.2,12,72,30,41.7,3.1,1.29,0.17,0.4,,0,0
226,John Guidetti,se SWE,FW,Celta Vigo,23,1992,13.8,7,33,18,54.5,2.38,1.3,0.18,0.33,,1,1
227,Alberto Guiti·n,es ESP,DF,Sporting GijÛn,25,1990,1,0,0,0,,0,0,,,,0,0
228,Gerard Gumbau,es ESP,MF,Barcelona,20,1994,0.5,0,0,0,,0,0,,,,0,0
229,Carlos Gurpegui,es ESP,DF,Athletic Club,34,1980,12.7,0,5,0,0,0.39,0,0,,,0,0
230,Jon·s GutiÈrrez,ar ARG,MF,La CoruÒa,32,1983,4.4,0,3,0,0,0.68,0,0,,,0,0
231,Munir El Haddadi,ma MAR,"FW,MF",Barcelona,19,1995,9.2,3,17,6,35.3,1.85,0.65,0.18,0.5,,0,0
232,Izet Hajrovi?,ba BIH,MF,Eibar,23,1991,2,0,2,0,0,1.02,0,0,,,0,0
233,Alen Halilovi?,hr CRO,MF,Sporting GijÛn,19,1996,26.1,3,59,15,25.4,2.26,0.58,0.05,0.2,,0,0
234,Uche Henry Agbo,ng NGA,MF,Granada,19,1995,2.8,0,0,0,,0,0,,,,0,0
235,Hern·n,es ESP,"MF,DF",Las Palmas,24,1990,10.3,1,9,4,44.4,0.87,0.39,0.11,0.25,,0,0
236,HÈctor Hern·ndez,es ESP,"DF,FW",Real Sociedad,24,1991,4.5,0,4,0,0,0.9,0,0,,,0,0
237,Lucas Hern·ndez,fr FRA,DF,AtlÈtico Madrid,19,1996,9.3,0,0,0,,0,0,,,,0,0
238,Luis Hern·ndez,es ESP,DF,Sporting GijÛn,26,1989,35.8,0,9,3,33.3,0.25,0.08,0,0,,0,0
239,Pablo Hern·ndez,cl CHI,MF,Celta Vigo,28,1986,25.6,2,28,6,21.4,1.09,0.23,0.07,0.33,,0,0
240,Pablo Hern·ndez,es ESP,MF,Rayo Vallecano,30,1985,21.2,3,36,12,33.3,1.7,0.57,0.08,0.25,,0,0
241,Iago HerrerÌn,es ESP,GK,Athletic Club,27,1988,1.9,0,0,0,,0,0,,,,0,0
242,Ricardo Horta,pt POR,MF,M·laga,20,1994,8.6,0,18,2,11.1,2.08,0.23,0,0,,0,0
243,Robert Ib·Òez,es ESP,"MF,FW",Granada,22,1993,7.8,0,10,2,20,1.29,0.26,0,0,,0,0
244,Vicente Iborra,es ESP,MF,Sevilla,27,1988,19.3,7,31,12,38.7,1.61,0.62,0.23,0.58,,0,0
245,Asier Illarramendi,es ESP,MF,Real Sociedad,25,1990,31.6,1,22,7,31.8,0.7,0.22,0.05,0.14,,0,0
246,Ciro Immobile,it ITA,FW,Sevilla,25,1990,3.7,2,14,6,42.9,3.8,1.63,0.14,0.33,,0,0
247,AndrÈs Iniesta,es ESP,MF,Barcelona,31,1984,24.9,1,23,6,26.1,0.92,0.24,0.04,0.17,,0,0
248,Takashi Inui,jp JPN,MF,Eibar,27,1988,18,3,35,10,28.6,1.94,0.55,0.09,0.3,,0,0
249,Gorka Iraizoz,es ESP,GK,Athletic Club,34,1981,36,0,0,0,,0,0,,,,0,0
250,Xabi Irureta,es ESP,GK,Eibar,29,1986,5,0,0,0,,0,0,,,,0,0
251,Isco,es ESP,"MF,FW",Real Madrid,23,1992,20.3,3,40,12,30,1.97,0.59,0.08,0.25,,0,0
252,Manuel Iturra,cl CHI,MF,Rayo Vallecano,31,1984,4.3,0,0,0,,0,0,,,,0,0
253,Ander Iturraspe,es ESP,MF,Athletic Club,26,1989,7.8,0,4,1,25,0.51,0.13,0,0,,0,0
254,JesÈ,es ESP,FW,Real Madrid,22,1993,9.3,5,21,17,81,2.25,1.82,0.24,0.29,,0,0
255,Jes˙s,es ESP,GK,Granada,27,1988,1,0,0,0,,0,0,,,,0,0
256,JoaquÌn,es ESP,MF,Betis,34,1981,21.7,1,27,6,22.2,1.24,0.28,0.04,0.17,,0,0
257,Bojan Joki?,si SVN,DF,Villarreal,29,1986,1.4,0,0,0,,0,0,,,,0,0
258,Jonathas,br BRA,FW,Real Sociedad,26,1989,17.9,7,57,26,45.6,3.19,1.46,0.12,0.27,,0,0
259,Jony,es ESP,MF,Sporting GijÛn,24,1991,31.8,5,55,20,36.4,1.73,0.63,0.09,0.25,,0,1
260,Joan Jord·n,es ESP,MF,Espanyol,21,1994,7,1,9,4,44.4,1.29,0.58,0.11,0.25,,0,0
261,Jordi,es ESP,DF,Betis,28,1987,1.9,0,0,0,,0,0,,,,0,0
262,Willian JosÈ,br BRA,FW,Las Palmas,23,1991,19.3,9,54,23,42.6,2.8,1.19,0.17,0.39,,0,0
263,Jota,es ESP,MF,Eibar,24,1991,7.7,0,13,5,38.5,1.69,0.65,0,0,,0,0
264,Jozabed,es ESP,MF,Rayo Vallecano,24,1991,22.9,10,46,24,52.2,2.01,1.05,0.22,0.42,,0,0
265,Juanfran,es ESP,"DF,MF",La CoruÒa,26,1988,29.7,1,19,2,10.5,0.64,0.07,0.05,0.5,,0,0
266,Juanfran,es ESP,DF,Levante,39,1976,16.8,0,3,0,0,0.18,0,0,,,0,0
267,Juanfran,es ESP,DF,AtlÈtico Madrid,30,1985,33.7,1,7,3,42.9,0.21,0.09,0.14,0.33,,0,0
268,Juankar,es ESP,"MF,DF",M·laga,25,1990,13.9,1,15,5,33.3,1.08,0.36,0.07,0.2,,0,0
269,Juanpi,ve VEN,MF,M·laga,21,1994,18,4,32,11,34.4,1.78,0.61,0.13,0.36,,0,0
270,David Junc‡,es ESP,DF,Eibar,21,1993,26,0,9,1,11.1,0.35,0.04,0,0,,0,0
271,Foued Kadir,dz ALG,MF,Betis,31,1983,5.3,0,10,1,10,1.87,0.19,0,0,,0,0
272,GaÎl Kakuta,cd COD,MF,Sevilla,24,1991,0.5,0,0,0,,0,0,,,,0,0
273,Carlos Kameni,cm CMR,GK,M·laga,31,1984,27.4,0,0,0,,0,0,,,,0,0
274,Nikolaos Karabelas,gr GRE,DF,Levante,30,1984,1,0,0,0,,0,0,,,,0,0
275,Keko,es ESP,MF,Eibar,23,1991,25.6,3,35,13,37.1,1.37,0.51,0.09,0.23,,0,0
276,Koke,es ESP,MF,AtlÈtico Madrid,23,1992,33,5,42,12,28.6,1.27,0.36,0.12,0.42,,0,0
277,TimothÈe Kolodziejczak,fr FRA,DF,Sevilla,23,1991,26.5,0,8,2,25,0.3,0.08,0,0,,0,0
278,Yevhen Konoplyanka,ua UKR,MF,Sevilla,25,1989,18,4,51,20,39.2,2.83,1.11,0.06,0.15,,1,1
279,Mateo Kovacic,hr CRO,MF,Real Madrid,21,1994,11.5,0,10,3,30,0.87,0.26,0,0,,0,0
280,MatÌas Kranevitter,ar ARG,MF,AtlÈtico Madrid,22,1993,3.7,0,1,0,0,0.27,0,0,,,0,0
281,Rene Krhin,si SVN,MF,Granada,25,1990,15.9,0,8,1,12.5,0.5,0.06,0,0,,0,0
282,Michael Krohn-Dehli,dk DEN,MF,Sevilla,32,1983,18.5,1,25,3,12,1.35,0.16,0.04,0.33,,0,0
283,Toni Kroos,de GER,MF,Real Madrid,25,1990,30.4,1,20,4,20,0.66,0.13,0.05,0.25,,0,0
284,Grzegorz Krychowiak,pl POL,MF,Sevilla,25,1990,25.2,0,20,3,15,0.79,0.12,0,0,,0,0
285,Alberto de la Bella,es ESP,DF,Real Sociedad,29,1985,13.9,0,4,0,0,0.29,0,0,,,0,0
286,Mehdi Lacen,dz ALG,MF,Getafe,31,1984,29.6,0,14,0,0,0.47,0,0,,,0,0
287,¡Ångel Lafita,es ESP,MF,Getafe,30,1984,11.3,3,28,11,39.3,2.49,0.98,0.11,0.27,,0,0
288,Roberto Lago,es ESP,DF,Getafe,29,1985,15.2,0,4,0,0,0.26,0,0,,,0,0
289,Aymeric Laporte,es ESP,DF,Athletic Club,21,1994,24.6,3,19,6,31.6,0.77,0.24,0.16,0.5,,0,0
290,Laure,es ESP,DF,La CoruÒa,30,1985,17.2,0,1,0,0,0.06,0,0,,,0,0
291,IÒigo Lekue,es ESP,"DF,MF",Athletic Club,22,1993,12.9,1,11,4,36.4,0.85,0.31,0.09,0.25,,0,0
292,Mauricio Lemos,uy URU,DF,Las Palmas,19,1995,8.2,0,4,2,50,0.49,0.24,0,0,,0,0
293,Pedro LeÛn,es ESP,MF,Getafe,28,1986,20.5,2,47,11,23.4,2.29,0.54,0.04,0.18,,0,1
294,Jefferson Lerma,co COL,"MF,DF",Levante,20,1994,29.8,1,35,3,8.6,1.17,0.1,0.03,0.33,,0,0
295,Igor Lichnovsky,cl CHI,DF,Sporting GijÛn,21,1994,2,0,0,0,,0,0,,,,0,0
296,Lillo,es ESP,DF,Eibar,26,1989,6.1,0,4,0,0,0.65,0,0,,,0,0
297,Ra˙l Lizoain,es ESP,GK,Las Palmas,24,1991,7.9,0,0,0,,0,0,,,,0,0
298,Diego Llorente,es ESP,"DF,MF",Rayo Vallecano,21,1993,31.9,2,14,6,42.9,0.44,0.19,0.14,0.33,,0,0
299,Fernando Llorente,es ESP,FW,Sevilla,30,1985,12.9,4,29,12,41.4,2.25,0.93,0.14,0.33,,0,0
300,Marcos Llorente,es ESP,"DF,MF",Real Madrid,20,1995,0.3,0,0,0,,0,0,,,,0,0
301,David Lomb·n,es ESP,DF,Granada,28,1987,29.2,0,13,2,15.4,0.45,0.07,0,0,,0,0
302,Miguel Lopes,pt POR,DF,Granada,28,1986,21.9,0,11,4,36.4,0.5,0.18,0,0,,0,0
303,Adri·n LÛpez,es ESP,FW,Villarreal,27,1988,8.8,4,8,6,75,0.91,0.69,0.5,0.67,,0,0
304,¡Ångel LÛpez,es ESP,"DF,MF",Las Palmas,34,1981,0.4,0,0,0,,0,0,,,,0,0
305,Isma LÛpez,es ESP,DF,Sporting GijÛn,25,1990,27.8,2,17,5,29.4,0.61,0.18,0.12,0.4,,0,0
306,Iv·n LÛpez,es ESP,DF,Levante,21,1993,10.6,0,6,0,0,0.56,0,0,,,0,0
307,Javi LÛpez,es ESP,"DF,MF",Espanyol,29,1986,26.9,0,3,1,33.3,0.11,0.04,0,0,,0,0
308,Pedro LÛpez MuÒoz,es ESP,DF,Levante,31,1983,14.4,1,6,2,33.3,0.42,0.14,0.17,0.5,,0,0
309,Nicol·s LÛpez,uy URU,MF,Granada,21,1993,1.8,0,7,0,0,3.96,0,0,,,0,0
310,Pau LÛpez,es ESP,GK,Espanyol,20,1994,35.5,0,0,0,,0,0,,,,0,0
311,Alberto Lopo,es ESP,DF,La CoruÒa,35,1980,8.3,0,4,0,0,0.48,0,0,,,0,0
312,Alberto Lora,es ESP,DF,Sporting GijÛn,28,1987,26.8,0,7,0,0,0.26,0,0,,,0,0
313,Filipe LuÌs,br BRA,DF,AtlÈtico Madrid,29,1985,31.5,1,9,2,22.2,0.29,0.06,0.11,0.5,,0,0
314,JosÈ Luis Gay‡,es ESP,DF,Valencia,20,1995,16,0,2,1,50,0.12,0.06,0,0,,0,0
315,JosÈ Luis Morales,es ESP,"MF,FW",Levante,28,1987,29.6,7,71,24,33.8,2.4,0.81,0.1,0.29,,0,0
316,Luisinho,pt POR,"MF,DF",La CoruÒa,30,1985,12.2,0,8,1,12.5,0.66,0.08,0,0,,0,0
317,Antonio Luna,es ESP,DF,Eibar,24,1991,11.1,0,2,1,50,0.18,0.09,0,0,,0,0
318,Germ·n Lux,ar ARG,GK,La CoruÒa,33,1982,28.4,0,0,0,,0,0,,,,0,0
319,LÈvy Madinda,ga GAB,MF,Celta Vigo,23,1992,0,0,0,0,,0,0,,,,0,0
320,Diego Mainz,es ESP,DF,Granada,32,1982,4.5,0,1,1,100,0.22,0.22,0,0,,0,0
321,Hugo Mallo,es ESP,DF,Celta Vigo,24,1991,32.7,1,7,4,57.1,0.21,0.12,0.14,0.25,,0,0
322,Manu,es ESP,GK,La CoruÒa,29,1986,7.6,0,0,0,,0,0,,,,0,0
323,Manucho,ao ANG,FW,Rayo Vallecano,32,1983,10.5,4,25,11,44,2.37,1.04,0.16,0.36,,0,0
324,Juan Manuel Vargas,pe PER,DF,Betis,31,1983,19.1,2,17,4,23.5,0.89,0.21,0.12,0.5,,0,0
325,Marcelo,br BRA,DF,Real Madrid,27,1988,27.5,2,19,4,21.1,0.69,0.15,0.11,0.5,,0,0
326,”scar de Marcos,es ESP,"DF,MF",Athletic Club,26,1989,32,1,13,4,30.8,0.41,0.12,0.08,0.25,,0,0
327,JosÈ Mari,es ESP,MF,Levante,27,1987,8.9,0,12,4,33.3,1.36,0.45,0,0,,0,0
328,JosÈ MarÌa GimÈnez,uy URU,DF,AtlÈtico Madrid,20,1995,27,1,12,4,33.3,0.44,0.15,0.08,0.25,,0,0
329,Mariano,br BRA,DF,Sevilla,29,1986,18.8,0,10,1,10,0.53,0.05,0,0,,0,0
330,Adri·n MarÌn,es ESP,DF,Villarreal,18,1997,10.3,0,1,1,100,0.1,0.1,0,0,,0,0
331,Diego MariÒo,es ESP,GK,Levante,25,1990,23,0,0,0,,0,0,,,,0,0
332,Javi M·rquez,es ESP,MF,Granada,29,1986,14.6,0,21,5,23.8,1.44,0.34,0,0,,0,0
333,Roger MartÌ,es ESP,FW,Levante,24,1991,7.2,0,21,8,38.1,2.91,1.11,0,0,,0,0
334,Carlos MartÌnez,es ESP,DF,Real Sociedad,29,1986,6,0,3,0,0,0.5,0,0,,,0,0
335,IÒigo MartÌnez,es ESP,DF,Real Sociedad,24,1991,30,1,16,4,25,0.53,0.13,0.06,0.25,,0,0
336,Jackson MartÌnez,co COL,FW,AtlÈtico Madrid,28,1986,7.3,2,26,9,34.6,3.56,1.23,0.08,0.22,,0,0
337,Omar Mascarell,es ESP,MF,Sporting GijÛn,22,1993,19.7,0,11,1,9.1,0.56,0.05,0,0,,0,0
338,Javier Mascherano,ar ARG,DF,Barcelona,31,1984,29.9,0,3,1,33.3,0.1,0.03,0,0,,0,0
339,Hachim Mastour,ma MAR,FW,M·laga,17,1998,0.1,0,0,0,,0,0,,,,0,0
340,Sim„o Mate Junior,mz MOZ,"MF,DF",Levante,27,1988,24.2,1,10,4,40,0.41,0.17,0.1,0.25,,0,0
341,JÈrÈmy Mathieu,fr FRA,DF,Barcelona,31,1983,14,0,7,3,42.9,0.5,0.21,0,0,,0,0
342,Jose Matos,es ESP,MF,Sevilla,20,1995,1,0,0,0,,0,0,,,,0,0
343,Borja Mayoral,es ESP,FW,Real Madrid,18,1997,3.1,0,3,0,0,0.96,0,0,,,0,0
344,Carl Medjani,dz ALG,DF,Levante,30,1985,14,1,5,2,40,0.36,0.14,0.2,0.5,,0,0
345,¡Ålvaro Medr·n,es ESP,MF,Getafe,21,1994,16.5,2,31,13,41.9,1.88,0.79,0.06,0.15,,0,0
346,Tiago Mendes,pt POR,MF,AtlÈtico Madrid,34,1981,11.7,1,7,2,28.6,0.6,0.17,0.14,0.5,,0,0
347,…dgar MÈndez,es ESP,"MF,FW",Granada,25,1990,8.3,1,11,2,18.2,1.33,0.24,0.09,0.5,,0,0
348,Sergio Mendigutxia,es ESP,FW,Sporting GijÛn,22,1993,0.3,0,1,0,0,3,0,0,,,0,0
349,¡Ålex MenÈndez,es ESP,"MF,DF",Sporting GijÛn,24,1991,11.5,2,17,5,29.4,1.47,0.43,0.12,0.4,,0,0
350,Bernard Mensah,gh GHA,MF,Getafe,20,1994,0.7,0,2,0,0,3,0,0,,,0,0
351,Jorge MerÈ,es ESP,DF,Sporting GijÛn,18,1997,24.1,0,8,1,12.5,0.33,0.04,0,0,,0,0
352,Sabin Merino,es ESP,"MF,FW",Athletic Club,23,1992,12.6,5,26,15,57.7,2.07,1.19,0.19,0.33,,0,0
353,Roque Mesa,es ESP,MF,Las Palmas,26,1989,31.4,1,34,7,20.6,1.08,0.22,0.03,0.14,,0,0
354,Lionel Messi,ar ARG,FW,Barcelona,28,1987,30.3,26,158,75,47.5,5.21,2.47,0.15,0.31,,3,7
355,Miku,ve VEN,"FW,MF",Rayo Vallecano,29,1985,17.2,9,42,20,47.6,2.45,1.17,0.21,0.45,,0,0
356,Santi Mina,es ESP,"FW,MF",Valencia,19,1995,18.4,4,30,12,40,1.63,0.65,0.13,0.33,,0,0
357,Luka Modric,hr CRO,MF,Real Madrid,29,1985,29.1,2,35,10,28.6,1.2,0.34,0.06,0.2,,0,0
358,Jorge Molina,es ESP,FW,Betis,33,1982,10.2,1,14,6,42.9,1.37,0.59,0.07,0.17,,0,0
359,Francisco Molinero,es ESP,DF,Betis,30,1985,13.2,0,5,1,20,0.38,0.08,0,0,,0,0
360,Momo,es ESP,MF,Las Palmas,33,1982,15.4,0,15,5,33.3,0.98,0.33,0,0,,0,0
361,Nacho Monsalve,es ESP,DF,AtlÈtico Madrid,21,1994,1,0,0,0,,0,0,,,,0,0
362,Paco MontaÒÈs,es ESP,MF,Espanyol,28,1986,3.1,0,4,2,50,1.31,0.65,0,0,,0,0
363,Joni Montiel,es ESP,MF,Rayo Vallecano,16,1998,2.4,0,2,0,0,0.84,0,0,,,0,0
364,¡Ångel Montoro,es ESP,MF,Las Palmas,27,1988,4.8,0,1,0,0,0.21,0,0,,,0,0
365,MartÌn Montoya,es ESP,DF,Betis,24,1991,13,0,1,0,0,0.08,0,0,,,0,0
366,Gerard Moreno,es ESP,"FW,MF",Espanyol,23,1992,21.3,7,51,21,41.2,2.4,0.99,0.12,0.29,,1,1
367,Pedro Mosquera,es ESP,MF,La CoruÒa,27,1988,36.5,0,29,4,13.8,0.79,0.11,0,0,,0,0
368,Iker Muniain,es ESP,MF,Athletic Club,22,1992,11.3,2,22,8,36.4,1.95,0.71,0.09,0.25,,0,0
369,Juan MuÒiz,es ESP,MF,Sporting GijÛn,23,1992,0.7,0,0,0,,0,0,,,,0,0
370,Juan MuÒoz,es ESP,"MF,FW",Sevilla,19,1995,3.4,1,6,3,50,1.78,0.89,0.17,0.33,,0,0
371,Mateo Musacchio,ar ARG,DF,Villarreal,24,1990,11.2,1,2,1,50,0.18,0.09,0.5,1,,0,0
372,Charly Musonda Jr.,be BEL,MF,Betis,18,1996,13.6,1,14,6,42.9,1.03,0.44,0.07,0.17,,0,0
373,Shkodran Mustafi,de GER,DF,Valencia,23,1992,29.8,2,22,4,18.2,0.74,0.13,0.09,0.5,,0,0
374,Alfred N'Diaye,sn SEN,MF,Betis,25,1990,33.4,2,25,5,20,0.75,0.15,0.08,0.4,,0,0
375,Nacho,es ESP,DF,Rayo Vallecano,26,1989,19,0,15,1,6.7,0.79,0.05,0,0,,0,0
376,Nacho,es ESP,DF,Real Madrid,25,1990,12.9,0,5,2,40,0.39,0.16,0,0,,0,0
377,MatÌas Nahuel,es ESP,"MF,FW",Villarreal,18,1996,11.1,0,10,3,30,0.9,0.27,0,0,,0,0
378,David Navarro,es ESP,DF,Levante,35,1980,18.8,0,7,2,28.6,0.37,0.11,0,0,,0,0
379,Fernando Navarro,es ESP,DF,La CoruÒa,33,1982,32.8,0,1,0,0,0.03,0,0,,,0,0
380,Keylor Navas,cr CRC,GK,Real Madrid,28,1986,34,0,0,0,,0,0,,,,0,0
381,Dani Ndi,cm CMR,MF,Sporting GijÛn,19,1995,8.3,1,13,4,30.8,1.56,0.48,0.08,0.25,,0,0
382,¡Ålvaro Negredo,es ESP,FW,Valencia,29,1985,12.9,5,39,12,30.8,3.03,0.93,0.13,0.42,,0,0
383,Neymar,br BRA,FW,Barcelona,23,1992,34,24,124,61,49.2,3.65,1.8,0.15,0.31,,5,7
384,Sa˙l —Ìguez,es ESP,MF,AtlÈtico Madrid,20,1994,25.9,4,45,16,35.6,1.74,0.62,0.09,0.25,,0,0
385,Nili,es ESP,"MF,FW",Las Palmas,21,1994,3.5,0,4,2,50,1.14,0.57,0,0,,0,0
386,Javi Noblejas,es ESP,DF,Getafe,22,1993,1,0,0,0,,0,0,,,,0,0
387,Nolito,es ESP,"MF,FW",Celta Vigo,28,1986,27.4,12,81,33,40.7,2.95,1.2,0.14,0.33,,1,2
388,Steven Nzonzi,fr FRA,MF,Sevilla,26,1988,20.5,3,19,9,47.4,0.93,0.44,0.16,0.33,,0,0
389,Jan Oblak,si SVN,GK,AtlÈtico Madrid,22,1993,38,0,0,0,,0,0,,,,0,0
390,Guillermo Ochoa,mx MEX,GK,M·laga,30,1985,10.6,0,0,0,,0,0,,,,0,0
391,Oier Olaz·bal,es ESP,GK,Real Sociedad,25,1989,2.5,0,0,0,,0,0,,,,0,0
392,Weligton Oliveira,br BRA,DF,M·laga,35,1979,28.9,0,4,0,0,0.14,0,0,,,0,0
393,Javier Ontiveros,es ESP,MF,M·laga,17,1997,0.7,0,1,1,100,1.5,1.5,0,0,,0,0
394,Lucas Orb·n,ar ARG,DF,Valencia,26,1989,5.8,0,0,0,,0,0,,,,0,0
395,Lucas Orb·n,ar ARG,DF,Levante,26,1989,3,0,0,0,,0,0,,,,0,0
396,Fabi·n Orellana,cl CHI,"MF,FW",Celta Vigo,29,1986,32.3,7,77,24,31.2,2.38,0.74,0.08,0.25,,1,1
397,Mikel Oyarzabal,es ESP,"FW,MF",Real Sociedad,18,1997,16.7,6,30,10,33.3,1.8,0.6,0.2,0.6,,0,0
398,Aras ÷zbiliz,am ARM,MF,Rayo Vallecano,25,1990,1.1,0,1,0,0,0.9,0,0,,,0,0
399,Manuel Pablo,es ESP,DF,La CoruÒa,39,1976,1.9,0,1,0,0,0.51,0,0,,,0,0
400,Aleksandar Panti?,rs SRB,DF,Eibar,23,1992,18.6,0,9,1,11.1,0.48,0.05,0,0,,0,0
401,RubÈn Pardo,es ESP,MF,Real Sociedad,22,1992,19.8,0,36,7,19.4,1.81,0.35,0,0,,0,0
402,Nicol·s Pareja,ar ARG,DF,Sevilla,31,1984,1.4,0,0,0,,0,0,,,,0,0
403,Daniel Parejo,es ESP,MF,Valencia,26,1989,30.4,8,46,20,43.5,1.51,0.66,0.13,0.3,,2,2
404,Thomas Partey,gh GHA,MF,AtlÈtico Madrid,22,1993,4.9,2,9,3,33.3,1.84,0.61,0.22,0.67,,0,0
405,Alfonso Pedraza,es ESP,MF,Villarreal,19,1996,1.2,0,1,1,100,0.86,0.86,0,0,,0,0
406,Adalberto PeÒaranda,ve VEN,"FW,MF",Granada,18,1997,18.6,5,22,8,36.4,1.19,0.43,0.23,0.63,,0,0
407,Pepe,pt POR,DF,Real Madrid,32,1983,21,1,12,6,50,0.57,0.29,0.08,0.17,,0,0
408,¡Ålvaro Pereira,uy URU,DF,Getafe,29,1985,4.5,0,2,0,0,0.44,0,0,,,0,0
409,Enzo PÈrez,ar ARG,MF,Valencia,29,1986,14,0,6,0,0,0.43,0,0,,,0,0
410,Hern·n PÈrez,py PAR,"MF,FW",Espanyol,26,1989,27.2,7,47,18,38.3,1.73,0.66,0.15,0.39,,0,0
411,Lucas PÈrez,es ESP,FW,La CoruÒa,26,1988,34.9,17,100,50,50,2.87,1.43,0.16,0.32,,1,1
412,Pablo PÈrez,es ESP,"MF,FW",Sporting GijÛn,21,1993,8.3,0,19,8,42.1,2.28,0.96,0,0,,0,0
413,RubÈn PÈrez,es ESP,MF,Granada,26,1989,27.5,0,17,2,11.8,0.62,0.07,0,0,,0,0
414,Petros,br BRA,MF,Betis,26,1989,25.8,1,9,1,11.1,0.35,0.04,0.11,1,,0,0
415,Germ·n Pezzella,ar ARG,DF,Betis,24,1991,24.1,3,17,8,47.1,0.71,0.33,0.18,0.38,,0,0
416,Pablo Piatti,ar ARG,"FW,MF",Valencia,26,1989,8.8,0,10,4,40,1.13,0.45,0,0,,0,0
417,Cristiano Piccini,it ITA,DF,Betis,22,1992,15.8,0,14,3,21.4,0.89,0.19,0,0,,0,0
418,Tom·s Pina Isla,es ESP,MF,Villarreal,27,1987,18.1,0,7,2,28.6,0.39,0.11,0,0,,0,0
419,Gerard PiquÈ,es ESP,DF,Barcelona,28,1987,28.7,2,13,6,46.2,0.45,0.21,0.15,0.33,,0,0
420,Piti,es ESP,"MF,FW",Granada,34,1981,4.6,2,10,5,50,2.17,1.08,0.2,0.4,,0,0
421,Piti,es ESP,MF,Rayo Vallecano,34,1981,3.7,0,7,2,28.6,1.87,0.53,0,0,,0,0
422,Carles Planas,es ESP,DF,Celta Vigo,24,1991,18.7,0,3,1,33.3,0.16,0.05,0,0,,0,0
423,Stipe Pletikosa,hr CRO,GK,La CoruÒa,36,1979,2,0,0,0,,0,0,,,,0,0
424,Francisco Portillo,es ESP,MF,Betis,25,1990,10.8,0,5,0,0,0.46,0,0,,,0,0
425,Xabi Prieto,es ESP,MF,Real Sociedad,31,1983,26.5,3,18,9,50,0.68,0.34,0.11,0.22,,1,1
426,Quini,es ESP,DF,Rayo Vallecano,25,1989,22.8,0,19,3,15.8,0.83,0.13,0,0,,0,0
427,Nemanja Radoja,rs SRB,MF,Celta Vigo,22,1993,16.2,0,6,1,16.7,0.37,0.06,0,0,,0,0
428,Josip Radosevic,hr CRO,MF,Eibar,21,1994,4.5,0,1,0,0,0.22,0,0,,,0,0
429,Juan Rafael Fuentes,es ESP,DF,Espanyol,25,1990,8.4,0,1,1,100,0.12,0.12,0,0,,0,0
430,Rafinha,br BRA,"FW,MF",Barcelona,22,1993,3.1,1,2,2,100,0.64,0.64,0.5,0.5,,0,0
431,Antonio Raillo,es ESP,DF,Espanyol,23,1991,4,0,4,1,25,1,0.25,0,0,,0,0
432,Ivan Rakitic,hr CRO,MF,Barcelona,27,1988,28.5,7,45,14,31.1,1.58,0.49,0.16,0.5,,0,0
433,Adil Rami,fr FRA,DF,Sevilla,29,1985,26.9,0,12,3,25,0.45,0.11,0,0,,0,0
434,Sandro RamÌrez,es ESP,FW,Barcelona,20,1995,3.9,0,10,2,20,2.58,0.52,0,0,,0,0
435,Iv·n Ramis,es ESP,DF,Eibar,30,1984,19.9,0,8,1,12.5,0.4,0.05,0,0,,0,0
436,Sergio Ramos,es ESP,DF,Real Madrid,29,1986,21.6,2,20,4,20,0.93,0.19,0.1,0.5,,0,0
437,Razvan Rat,ro ROU,DF,Rayo Vallecano,34,1981,8.2,0,8,3,37.5,0.98,0.37,0,0,,0,0
438,Recio,es ESP,MF,M·laga,24,1991,30.5,0,36,13,36.1,1.18,0.43,0,0,,0,0
439,Vincenzo Rennella,it ITA,FW,Betis,26,1988,2.1,1,5,2,40,2.33,0.93,0.2,0.5,,0,0
440,Diego Reyes,mx MEX,"DF,MF",Real Sociedad,22,1992,25.7,2,11,2,18.2,0.43,0.08,0.18,1,,0,0
441,Federico Ricca,uy URU,"DF,MF",M·laga,20,1994,7.1,1,2,1,50,0.28,0.14,0.5,1,,0,0
442,Fran Rico,es ESP,MF,Granada,27,1987,16.1,2,16,5,31.3,0.99,0.31,0.13,0.4,,0,0
443,Mikel Rico,es ESP,MF,Athletic Club,30,1984,7.8,1,13,5,38.5,1.68,0.64,0.08,0.2,,0,0
444,Sergio Rico,es ESP,GK,Sevilla,21,1993,34,0,0,0,,0,0,,,,0,0
445,Oriol Riera,es ESP,FW,La CoruÒa,29,1986,8.9,2,24,6,25,2.7,0.68,0.08,0.33,,0,0
446,Asier Riesgo,es ESP,GK,Eibar,31,1983,34,0,0,0,,0,0,,,,0,0
447,Rober,es ESP,DF,La CoruÒa,20,1995,0.6,0,1,1,100,1.73,1.73,0,0,,0,0
448,Sergi Roberto,es ESP,"MF,DF",Barcelona,23,1992,21.3,0,16,3,18.8,0.75,0.14,0,0,,0,0
449,RubÈn Rochina,es ESP,"MF,FW",Granada,24,1991,27.6,6,77,23,29.9,2.79,0.83,0.08,0.26,,0,0
450,Enzo Roco,cl CHI,DF,Espanyol,22,1992,27.4,2,11,3,27.3,0.4,0.11,0.18,0.67,,0,0
451,Rodri,es ESP,MF,Villarreal,19,1996,1.1,0,2,1,50,1.89,0.95,0,0,,0,0
452,Rodrigo,es ESP,"FW,MF",Valencia,24,1991,15.2,2,38,17,44.7,2.51,1.12,0.05,0.12,,0,0
453,James RodrÌguez,co COL,"MF,FW",Real Madrid,24,1991,16.8,7,39,18,46.2,2.32,1.07,0.18,0.39,,0,0
454,Jonathan RodrÌguez,uy URU,FW,La CoruÒa,22,1993,6.3,0,17,7,41.2,2.7,1.11,0,0,,0,0
455,Juan RodrÌguez,es ESP,MF,Getafe,33,1982,27.9,0,22,5,22.7,0.79,0.18,0,0,,0,0
456,VÌctor RodrÌguez,es ESP,MF,Getafe,26,1989,25.6,2,45,12,26.7,1.76,0.47,0.04,0.17,,0,0
457,Cristiano Ronaldo,pt POR,"FW,MF",Real Madrid,30,1985,35.4,35,227,98,43.2,6.42,2.77,0.13,0.3,,6,9
458,Roberto Rosales,ve VEN,DF,M·laga,26,1988,34.1,0,18,3,16.7,0.53,0.09,0,0,,0,0
459,Giuseppe Rossi,it ITA,FW,Levante,28,1987,12.8,6,33,18,54.5,2.58,1.41,0.15,0.28,,1,1
460,RubÈn,es ESP,GK,Levante,31,1984,15,0,0,0,,0,0,,,,0,0
461,Fabi·n Ruiz PeÒa,es ESP,MF,Betis,19,1996,4.8,0,4,2,50,0.84,0.42,0,0,,0,0
462,Salva Ruiz,es ESP,DF,Granada,20,1995,0.8,0,0,0,,0,0,,,,0,0
463,VÌctor Ruiz,es ESP,DF,Villarreal,26,1989,33.2,0,4,1,25,0.12,0.03,0,0,,0,0
464,Antonio Rukavina,rs SRB,"DF,MF",Villarreal,31,1984,15,0,2,0,0,0.13,0,0,,,0,0
465,GerÛnimo Rulli,ar ARG,GK,Real Sociedad,23,1992,35.5,0,0,0,,0,0,,,,0,0
466,Mathew Ryan,au AUS,GK,Valencia,23,1992,8,0,0,0,,0,0,,,,0,0
467,Sergi Samper,es ESP,MF,Barcelona,20,1995,0.3,0,0,0,,0,0,,,,0,0
468,Mikel San JosÈ,es ESP,"MF,DF",Athletic Club,26,1989,29.9,2,25,6,24,0.84,0.2,0.08,0.33,,0,0
469,Antonio Sanabria,py PAR,FW,Sporting GijÛn,19,1996,25.1,11,50,19,38,2,0.76,0.2,0.53,,1,1
470,VÌctor S·nchez,es ESP,MF,Espanyol,27,1987,25.4,1,24,8,33.3,0.94,0.31,0.04,0.13,,0,0
471,Roque Santa Cruz,py PAR,FW,M·laga,33,1981,4.8,2,5,2,40,1.05,0.42,0.4,1,,0,0
472,Aderlan Santos,br BRA,DF,Valencia,26,1989,16.9,0,7,2,28.6,0.41,0.12,0,0,,0,0
473,Pablo Sarabia,es ESP,MF,Getafe,23,1992,28.1,7,62,33,53.2,2.21,1.18,0.11,0.21,,0,0
474,Stefan Savi?,me MNE,DF,AtlÈtico Madrid,24,1991,10.3,0,2,0,0,0.19,0,0,,,0,0
475,Stefan ä?epovi?,rs SRB,FW,Getafe,25,1990,20.2,6,30,16,53.3,1.49,0.79,0.2,0.38,,0,0
476,Josep SeÒÈ,es ESP,"MF,FW",Celta Vigo,23,1991,4.3,0,2,1,50,0.47,0.23,0,0,,0,0
477,Salva Sevilla,es ESP,MF,Espanyol,31,1984,5.9,1,7,4,57.1,1.18,0.68,0.14,0.25,,0,0
478,Sidnei,br BRA,DF,La CoruÒa,25,1989,32.2,0,6,0,0,0.19,0,0,,,0,0
479,Eddy Silvestre,az AZE,MF,Eibar,22,1992,2.4,0,2,1,50,0.85,0.42,0,0,,0,0
480,David SimÛn,es ESP,DF,Las Palmas,26,1988,25.1,1,12,6,50,0.48,0.24,0.08,0.17,,0,0
481,Guilherme Siqueira,br BRA,DF,Valencia,29,1986,12.1,0,6,1,16.7,0.49,0.08,0,0,,0,0
482,Guilherme Siqueira,br BRA,DF,AtlÈtico Madrid,29,1986,1,0,0,0,,0,0,,,,0,0
483,Sito,es ESP,MF,Valencia,18,1996,0.6,0,0,0,,0,0,,,,0,0
484,Enrique Sola,es ESP,FW,Athletic Club,29,1986,0.9,0,1,0,0,1.17,0,0,,,0,0
485,Roberto Soldado,es ESP,FW,Villarreal,30,1985,25,5,40,21,52.5,1.6,0.84,0.13,0.24,,0,0
486,Bruno Soriano,es ESP,MF,Villarreal,31,1984,28.8,5,25,9,36,0.87,0.31,0.08,0.22,,3,3
487,Dami·n Su·rez,uy URU,DF,Getafe,27,1988,29.3,0,10,1,10,0.34,0.03,0,0,,0,0
488,Denis Su·rez,es ESP,MF,Villarreal,21,1994,26.4,4,36,17,47.2,1.37,0.64,0.11,0.24,,0,0
489,Luis Su·rez,uy URU,FW,Barcelona,28,1987,35,40,137,70,51.1,3.91,2,0.27,0.53,,3,5
490,Isaac Success,ng NGA,"MF,FW",Granada,19,1996,26.9,6,56,18,32.1,2.08,0.67,0.11,0.33,,0,0
491,Markel Susaeta,es ESP,MF,Athletic Club,27,1987,21.3,3,25,10,40,1.17,0.47,0.12,0.3,,0,0
492,Mamadou Sylla,sn SEN,FW,Espanyol,21,1994,3.8,0,8,1,12.5,2.12,0.27,0,0,,0,0
493,Tana,es ESP,MF,Las Palmas,24,1990,23.5,5,31,16,51.6,1.32,0.68,0.16,0.31,,0,0
494,Marc-AndrÈ ter Stegen,de GER,GK,Barcelona,23,1992,6,0,0,0,,0,0,,,,0,0
495,Adnane Tighadouini,ma MAR,"MF,FW",M·laga,22,1992,4.3,1,15,5,33.3,3.48,1.16,0.07,0.2,,0,0
496,Fernando Tissone,ar ARG,MF,M·laga,29,1986,11,0,8,1,12.5,0.72,0.09,0,0,,0,0
497,Tito,es ESP,DF,Rayo Vallecano,30,1985,27.6,1,12,1,8.3,0.43,0.04,0.08,1,,0,0
498,ToÒo,es ESP,GK,Rayo Vallecano,35,1979,9,0,0,0,,0,0,,,,0,0
499,ToÒo,es ESP,DF,Levante,25,1989,26.5,0,11,3,27.3,0.41,0.11,0,0,,0,0
500,Fernando Torres,es†ESP,FW,AtlÈtico Madrid,31,1984,18.8,11,57,23,40.4,3.03,1.22,0.19,0.48,,0,0
501,Miguel Torres,es†ESP,DF,M·laga,29,1986,21.8,0,1,0,0,0.05,0,0,,,0,0
502,”liver Torres,es†ESP,MF,AtlÈtico Madrid,20,1994,9.1,0,9,2,22.2,0.99,0.22,0,0,,0,0
503,Xavi Torres,es†ESP,MF,Betis,28,1986,7.1,0,7,2,28.6,0.99,0.28,0,0,,0,0
504,Roberto Trashorras,es†ESP,MF,Rayo Vallecano,34,1981,34.6,2,31,11,35.5,0.9,0.32,0,0,,2,3
505,BenoÓt TrÈmoulinas,fr†FRA,DF,Sevilla,29,1985,24,0,12,5,41.7,0.5,0.21,0,0,,0,0
506,Manu Trigueros,es†ESP,MF,Villarreal,23,1991,23.5,2,28,7,25,1.19,0.3,0.07,0.29,,0,0
507,Tropi,es†ESP,MF,Valencia,20,1995,0,0,0,0,,0,0,,,,0,0
508,¡ngel Trujillo,es†ESP,DF,Levante,27,1987,7.4,0,2,0,0,0.27,0,0,,,0,0
509,Arda Turan,tr†TUR,MF,Barcelona,28,1987,9.1,2,11,4,36.4,1.21,0.44,0.18,0.5,,0,0
510,Ikechukwu Uche,ng†NGA,FW,M·laga,31,1984,0.9,0,1,1,100,1.1,1.1,0,0,,0,0
511,¡lvaro Vadillo,es†ESP,MF,Betis,20,1994,1,0,1,0,0,1.05,0,0,,,0,0
512,RaphaÎl Varane,fr†FRA,DF,Real Madrid,22,1993,24.2,0,12,2,16.7,0.49,0.08,0,0,,0,0
513,Javi Varas,es†ESP,GK,Las Palmas,32,1982,30.1,0,0,0,,0,0,,,,0,0
514,Francisco Varela,es†ESP,DF,Betis,20,1994,10.1,0,6,2,33.3,0.59,0.2,0,0,,0,0
515,¡lvaro V·zquez,es†ESP,FW,Getafe,24,1991,22.1,5,49,17,34.7,2.22,0.77,0.08,0.24,,1,1
516,Lucas V·zquez,es†ESP,"FW,MF",Real Madrid,24,1991,13.8,4,23,13,56.5,1.67,0.95,0.17,0.31,,0,0
517,Carlos Vela,mx†MEX,"MF,FW",Real Sociedad,26,1989,30.6,5,59,20,33.9,1.93,0.65,0.08,0.25,,0,0
518,Emiliano Vel·zquez,uy†URU,DF,Getafe,21,1994,10.8,3,9,4,44.4,0.83,0.37,0.33,0.75,,0,0
519,Simone Verdi,it†ITA,MF,Eibar,23,1992,3.3,0,6,1,16.7,1.84,0.31,0,0,,0,0
520,Joan Verd˙,es†ESP,"MF,FW",Levante,32,1983,10.1,1,9,2,22.2,0.89,0.2,0.11,0.5,,0,0
521,Santiago Vergini,ar†ARG,DF,Getafe,26,1988,24.5,0,8,3,37.5,0.33,0.12,0,0,,0,0
522,Thomas Vermaelen,be†BEL,DF,Barcelona,29,1985,5.6,1,3,3,100,0.53,0.53,0.33,0.33,,0,0
523,Verza,es†ESP,MF,Levante,28,1986,23.6,2,25,7,28,1.06,0.3,0.04,0.14,,1,1
524,R˙ben Vezo,pt†POR,DF,Valencia,21,1994,12.1,0,3,1,33.3,0.25,0.08,0,0,,0,0
525,Aleix Vidal,es†ESP,DF,Barcelona,25,1989,6,0,1,0,0,0.17,0,0,,,0,0
526,Jonathan Viera,es†ESP,"MF,FW",Las Palmas,25,1989,34.6,10,86,36,41.9,2.49,1.04,0.07,0.17,,4,5
527,Luciano Vietto,ar†ARG,FW,AtlÈtico Madrid,21,1993,10.7,1,25,6,24,2.34,0.56,0.04,0.17,,0,0
528,Carlos Vigaray,es†ESP,DF,Getafe,20,1994,13.2,1,4,3,75,0.3,0.23,0.25,0.33,,0,0
529,Borja Viguera,es†ESP,FW,Athletic Club,28,1987,3.3,0,7,2,28.6,2.14,0.61,0,0,,0,0
530,Fran Villalba,es†ESP,MF,Valencia,17,1998,0,0,0,0,,0,0,,,,0,0
531,Vitolo,es†ESP,MF,Sevilla,25,1989,22.8,2,25,12,48,1.1,0.53,0.08,0.17,,0,0
532,Ognjen Vranjeö,ba†BIH,DF,Sporting GijÛn,25,1989,10.2,0,0,0,,0,0,,,,0,0
533,Wakaso,gh†GHA,MF,Las Palmas,25,1990,10.3,1,19,6,31.6,1.84,0.58,0.05,0.17,,0,0
534,Wanderson,br†BRA,MF,Getafe,20,1994,8.5,0,24,3,12.5,2.81,0.35,0,0,,0,0
535,Daniel Wass,dk†DEN,MF,Celta Vigo,26,1989,29.9,2,50,12,24,1.67,0.4,0.04,0.17,,0,0
536,Heiko Westermann,de†GER,DF,Betis,31,1983,18.1,1,15,4,26.7,0.83,0.22,0.07,0.25,,0,0
537,IÒaki Williams,gh†GHA,MF,Athletic Club,21,1994,18,8,42,15,35.7,2.33,0.83,0.19,0.53,,0,0
538,Ricky van Wolfswinkel,nl†NED,FW,Betis,26,1989,6.9,1,14,4,28.6,2.03,0.58,0.07,0.25,,0,0
539,Jordi Xumetra,es†ESP,"MF,FW",Levante,29,1985,5.9,0,8,3,37.5,1.37,0.51,0,0,,0,0
540,Karim Yoda,fr†FRA,"DF,FW",Getafe,26,1988,10.9,0,8,1,12.5,0.73,0.09,0,0,,0,0
541,Yoel,es†ESP,GK,Rayo Vallecano,26,1988,9,0,0,0,,0,0,,,,0,0
542,Wilfried Zahibo,cf†CTA,MF,Valencia,21,1993,1.5,0,0,0,,0,0,,,,0,0
543,Joseba Zald˙a,es†ESP,DF,Real Sociedad,23,1992,10.2,0,2,0,0,0.2,0,0,,,0,0
544,Nabil El Zhar,ma†MAR,MF,Las Palmas,28,1986,19,2,28,13,46.4,1.48,0.69,0.07,0.15,,0,0
545,Igor Zubeldia,es†ESP,"DF,MF",Real Sociedad,18,1997,0.1,0,0,0,,0,0,,,,0,0
546,David Zurutuza,es†ESP,"MF,FW",Real Sociedad,29,1986,12.5,1,18,7,38.9,1.44,0.56,0.06,0.14,,0,0
