,,,,,,,Playing Time,,,,Performance,,,,,,
Rk,Player,Nation,Pos,Squad,Age,Born,MP,Starts,Min,90s,Gls,Ast,G-PK,PK,PKatt,CrdY,CrdR
1,Antonio Adán,es ESP,GK,Atlético Madrid,31,1987,1,1,90,1,0,0,0,0,0,1,0
2,Aday,es ESP,"DF,MF",Girona,30,1987,10,8,645,7.2,0,2,0,0,0,2,0
3,Aritz Aduriz,es ESP,FW,Athletic Club,37,1981,20,10,943,10.5,2,0,0,2,2,5,0
4,Luis Advíncula,pe PER,DF,Rayo Vallecano,28,1990,28,27,"2,389",26.5,1,3,1,0,0,6,2
5,Martin Agirregabiria,es ESP,DF,Alavés,22,1996,27,23,"2,032",22.6,0,0,0,0,0,4,0
6,Juan Aguilera,es ESP,MF,Huesca,32,1985,6,4,344,3.8,0,0,0,0,0,1,0
7,Carlos Akapo,gq EQG,DF,Huesca,25,1993,13,12,"1,023",11.4,0,0,0,0,0,2,0
8,Sergio Akieme,es ESP,DF,Rayo Vallecano,20,1997,2,2,180,2,0,1,0,0,0,0,0
9,Jordi Alba,es ESP,DF,Barcelona,29,1989,36,32,"2,991",33.2,2,8,2,0,0,6,0
10,Pedro Alcalá,es ESP,DF,Girona,29,1989,25,20,"1,868",20.8,1,1,1,0,0,9,0
11,Rubén Alcaraz,es ESP,MF,Valladolid,27,1991,34,34,"2,976",33.1,3,2,3,0,1,13,0
12,Álex Alegría,es ESP,"FW,MF",Rayo Vallecano,25,1992,9,0,140,1.6,0,0,0,0,0,0,0
13,Iván Alejo,es ESP,"MF,FW",Getafe,23,1995,4,2,146,1.6,0,0,0,0,0,2,1
14,Carles Aleñá,es ESP,MF,Barcelona,20,1998,17,6,637,7.1,2,0,2,0,0,2,0
15,Alexander,ar ARG,DF,Leganés,29,1988,1,0,10,0.1,0,0,0,0,0,0,0
16,Júnior Alonso,py PAR,"DF,MF",Celta Vigo,25,1993,9,6,536,6,0,0,0,0,0,2,0
17,Sergio Álvarez,es ESP,GK,Celta Vigo,31,1986,13,13,"1,170",13,0,0,0,0,0,1,0
18,Sergio Álvarez,es ESP,"MF,DF",Eibar,26,1992,19,12,"1,069",11.9,0,0,0,0,0,1,0
19,Yeray Álvarez,es ESP,DF,Athletic Club,23,1995,30,30,"2,613",29,0,0,0,0,0,10,0
20,Ibrahim Amadou,fr FRA,"MF,DF",Sevilla,25,1993,17,7,762,8.5,0,0,0,0,0,2,0
21,Jordi Amat,es ESP,DF,Rayo Vallecano,26,1992,31,31,"2,763",30.7,0,0,0,0,0,9,0
22,Amath,sn SEN,"MF,FW",Getafe,22,1996,15,13,"1,002",11.1,1,2,1,0,0,4,0
23,José Ángel,es ESP,DF,Eibar,28,1989,35,34,"3,028",33.6,1,1,1,0,0,10,0
24,Miguel Ángel Moyá,es ESP,GK,Real Sociedad,34,1984,11,11,990,11,0,0,0,0,0,1,0
25,Antoñito,es ESP,"DF,MF",Valladolid,30,1987,30,18,"1,863",20.7,2,1,2,0,0,5,0
26,Vitorino Antunes,pt POR,DF,Getafe,31,1987,28,25,"2,181",24.2,1,3,1,0,0,5,0
27,Anuar,ma MAR,MF,Valladolid,23,1995,19,12,"1,081",12,1,0,1,0,0,6,0
28,Emmanuel Apeh,ng NGA,MF,Celta Vigo,21,1996,2,0,14,0.2,0,0,0,0,0,0,0
29,Mauro Arambarri,uy URU,MF,Getafe,22,1995,33,32,"2,676",29.7,1,2,1,0,0,8,0
30,Guilherme Arana,br BRA,"MF,DF",Sevilla,21,1997,9,8,629,7,0,0,0,0,0,3,0
31,Néstor Araujo,mx MEX,DF,Celta Vigo,26,1991,32,30,"2,682",29.8,3,0,3,0,0,3,1
32,Anaitz Arbilla,es ESP,DF,Eibar,31,1987,25,22,"1,950",21.7,1,2,1,0,0,6,1
33,Santiago Arias,co COL,DF,Atlético Madrid,26,1992,25,20,"1,772",19.7,1,1,1,0,0,4,0
34,José Arnaiz,es ESP,"DF,MF",Leganés,23,1995,6,0,113,1.3,0,0,0,0,0,0,0
35,Sergio Asenjo,es ESP,GK,Villarreal,29,1989,32,32,"2,880",32,0,0,0,0,0,0,0
36,Marco Asensio,es ESP,FW,Real Madrid,22,1996,30,19,"1,779",19.8,1,4,1,0,0,3,0
37,Iago Aspas,es ESP,FW,Celta Vigo,30,1987,27,26,"2,251",25,20,6,15,5,5,5,0
38,Ezequiel Ávila,ar ARG,"FW,MF",Huesca,24,1994,34,20,"1,997",22.2,10,2,9,1,1,12,1
39,Abdoulaye Ba,sn SEN,DF,Rayo Vallecano,27,1991,26,25,"2,110",23.4,1,0,1,0,0,4,2
40,Carlos Bacca,co COL,FW,Villarreal,31,1986,33,12,"1,270",14.1,6,1,5,1,1,3,0
41,Gareth Bale,wls WAL,FW,Real Madrid,29,1989,29,21,"1,786",19.8,8,3,7,1,1,4,0
42,Mikel Balenziaga,es ESP,DF,Athletic Club,30,1988,11,6,523,5.8,0,0,0,0,0,0,0
43,Éver Banega,ar ARG,MF,Sevilla,30,1988,32,32,"2,667",29.6,3,5,1,2,2,17,2
44,Léo Baptistão,br BRA,"FW,MF",Espanyol,25,1992,20,14,"1,233",13.7,2,2,1,1,1,3,0
45,Enis Bardhi,mk MKD,MF,Levante,23,1995,36,31,"2,836",31.5,3,4,3,0,0,6,0
46,Antonio Barragán,es ESP,"DF,MF",Betis,31,1987,14,12,934,10.4,0,0,0,0,0,4,0
47,Ander Barrenetxea,es ESP,"FW,MF",Real Sociedad,16,2001,9,5,399,4.4,1,0,1,0,0,0,0
48,Marc Bartra,es ESP,DF,Betis,27,1991,33,33,"2,928",32.5,1,0,1,0,0,4,0
49,Borja Bastón,es ESP,FW,Alavés,25,1992,27,18,"1,439",16,5,1,5,0,0,4,0
50,Michy Batshuayi,be BEL,FW,Valencia,24,1993,15,4,527,5.9,1,0,1,0,0,3,0
51,Jon Bautista,es ESP,"FW,MF",Real Sociedad,23,1995,18,4,597,6.6,1,0,1,0,0,1,0
52,Bebé,cv CPV,"FW,MF",Rayo Vallecano,28,1990,27,13,"1,302",14.5,1,1,1,0,0,6,0
53,Bebé,cv CPV,MF,Eibar,28,1990,2,1,62,0.7,0,0,0,0,0,0,0
54,Fran Beltrán,es ESP,MF,Celta Vigo,19,1999,30,16,"1,517",16.9,1,0,1,0,0,3,0
55,Wissam Ben Yedder,fr FRA,FW,Sevilla,27,1990,35,31,"2,812",31.2,18,9,16,2,2,3,0
56,Karim Benzema,fr FRA,FW,Real Madrid,30,1987,36,35,"2,953",32.8,21,6,18,3,3,1,0
57,Yuri Berchiche,es ESP,"DF,FW",Athletic Club,28,1990,35,35,"3,120",34.7,2,2,2,0,0,8,0
58,Markel Bergara,es ESP,MF,Getafe,32,1986,3,0,53,0.6,0,0,0,0,0,0,0
59,Pedro Bigas,es ESP,DF,Eibar,27,1990,10,7,585,6.5,0,1,0,0,0,1,0
60,Alejandro Blanco,es ESP,"FW,MF",Alavés,19,1998,2,0,16,0.2,0,0,0,0,0,0,0
61,Rubén Blanco,es ESP,GK,Celta Vigo,23,1995,25,25,"2,250",25,0,0,0,0,0,2,0
62,Pablo de Blasis,ar ARG,"DF,MF",Eibar,30,1988,24,16,"1,520",16.9,2,0,2,0,0,2,1
63,Emmanuel Boateng,gh GHA,FW,Levante,22,1996,16,7,699,7.8,1,0,1,0,0,2,0
64,Kevin-Prince Boateng,gh GHA,FW,Barcelona,31,1987,3,3,239,2.7,0,0,0,0,0,1,0
65,Daniele Bonera,it ITA,DF,Villarreal,37,1981,5,4,230,2.6,0,0,0,0,0,1,0
66,Ryad Boudebouz,dz ALG,MF,Celta Vigo,28,1990,11,8,717,8,1,2,1,0,0,2,1
67,Ryad Boudebouz,dz ALG,"MF,FW",Betis,28,1990,9,6,539,6,0,0,0,0,0,1,0
68,Sofiane Boufal,ma MAR,"MF,FW",Celta Vigo,24,1993,35,25,"2,085",23.2,3,3,3,0,0,6,0
69,Yassine Bounou,ma MAR,GK,Girona,27,1991,32,32,"2,861",31.8,0,0,0,0,0,2,0
70,Martin Braithwaite,dk DEN,FW,Leganés,27,1991,19,16,"1,402",15.6,4,5,4,0,0,5,0
71,Darko Brasanac,rs SRB,MF,Alavés,26,1992,24,17,"1,580",17.6,0,1,0,0,0,5,0
72,Rajko Brezancic,rs SRB,DF,Huesca,28,1989,1,0,67,0.7,0,0,0,0,0,0,0
73,Bryan,es ESP,"MF,FW",Sevilla,17,2001,11,0,167,1.9,1,1,1,0,0,0,0
74,Burgui,es ESP,"MF,FW",Alavés,24,1993,16,5,555,6.2,1,0,1,0,0,1,0
75,Sergio Busquets,es ESP,MF,Barcelona,30,1988,35,30,"2,715",30.2,0,1,0,0,0,10,0
76,Unai Bustinza,es ESP,DF,Leganés,26,1992,25,24,"2,023",22.5,0,1,0,0,0,11,1
77,Erick Cabaco,uy URU,DF,Levante,23,1995,21,20,"1,632",18.1,2,0,2,0,0,11,2
78,Gustavo Cabral,ar ARG,DF,Celta Vigo,32,1985,24,21,"1,897",21.1,0,0,0,0,0,6,2
79,Leandro Cabrera,uy URU,DF,Getafe,27,1991,32,31,"2,794",31,2,0,2,0,0,11,1
80,Jordi Calavera,es ESP,DF,Eibar,22,1995,1,0,1,0,0,0,0,0,0,0,0
81,Fernando Calero,es ESP,DF,Valladolid,22,1995,36,35,"3,130",34.8,1,0,1,0,0,7,0
82,Jonathan Calleri,ar ARG,FW,Alavés,24,1993,34,33,"2,869",31.9,9,2,7,2,2,6,0
83,Juanjo Camacho,es ESP,MF,Huesca,37,1980,3,0,37,0.4,0,0,0,0,0,0,0
84,Sergio Camello,es ESP,FW,Atlético Madrid,17,2001,1,0,45,0.5,1,0,1,0,0,0,0
85,José Campaña,es ESP,MF,Levante,25,1993,36,36,"3,210",35.7,4,9,4,0,0,11,0
86,Sergio Canales,es ESP,"MF,FW",Betis,27,1991,32,30,"2,655",29.5,7,2,5,2,2,5,0
87,Ander Capa,es ESP,DF,Athletic Club,26,1992,25,17,"1,642",18.2,0,0,0,0,0,9,0
88,Marc Cardona,es ESP,"FW,MF",Eibar,23,1995,17,6,604,6.7,3,1,3,0,0,1,0
89,Daniel Carriço,pt POR,DF,Sevilla,29,1988,24,24,"2,130",23.7,1,1,1,0,0,10,0
90,Guido Carrillo,ar ARG,FW,Leganés,27,1991,32,23,"1,992",22.1,6,1,5,1,3,5,0
91,Dani Carvajal,es ESP,DF,Real Madrid,26,1992,24,23,"2,107",23.4,1,2,1,0,0,10,0
92,William Carvalho,pt POR,MF,Betis,26,1992,30,26,"2,385",26.5,0,5,0,0,0,7,0
93,Casemiro,br BRA,MF,Real Madrid,26,1992,29,27,"2,312",25.7,3,0,3,0,0,7,1
94,Santiago Cáseres,ar ARG,MF,Villarreal,21,1997,23,17,"1,588",17.6,0,1,0,0,0,10,0
95,Catena,es ESP,DF,Rayo Vallecano,23,1994,2,2,176,2,0,0,0,0,0,1,0
96,Santi Cazorla,es ESP,"MF,FW",Villarreal,33,1984,35,30,"2,647",29.4,4,10,2,2,3,2,0
97,Dani Ceballos,es ESP,"MF,FW",Real Madrid,21,1996,23,13,"1,248",13.9,3,0,3,0,0,3,0
98,Charles,br BRA,FW,Eibar,34,1984,34,17,"1,739",19.3,14,1,8,6,7,4,0
99,Chechu,es ESP,DF,Rayo Vallecano,36,1982,1,1,90,1,0,0,0,0,0,0,0
100,Chema,es ESP,DF,Levante,26,1992,19,13,"1,254",13.9,2,0,2,0,0,7,0
101,Denis Cheryshev,ru RUS,"MF,FW",Valencia,27,1990,27,19,"1,706",19,2,2,2,0,0,2,0
102,Leandro Chichizola,ar ARG,GK,Getafe,28,1990,1,1,90,1,0,0,0,0,0,0,0
103,Samuel Chukwueze,ng NGA,"FW,MF",Villarreal,19,1999,26,19,"1,706",19,5,2,5,0,0,2,0
104,Jasper Cillessen,nl NED,GK,Barcelona,29,1989,3,3,270,3,0,0,0,0,0,0,0
105,Coke,es ESP,DF,Levante,31,1987,27,19,"1,817",20.2,4,0,4,0,0,5,1
106,Álex Collado,es ESP,FW,Barcelona,19,1999,1,0,85,0.9,0,0,0,0,0,0,0
107,Santi Comesaña,es ESP,MF,Rayo Vallecano,21,1996,25,23,"2,032",22.6,1,1,1,0,0,6,0
108,Duje ?op,hr CRO,FW,Valladolid,28,1990,18,6,687,7.6,0,0,0,0,0,2,0
109,Francis Coquelin,fr FRA,MF,Valencia,27,1991,26,20,"1,761",19.6,0,1,0,0,0,5,0
110,Iñigo Córdoba,es ESP,FW,Athletic Club,21,1997,23,15,"1,321",14.7,0,4,0,0,0,3,0
111,Ángel Correa,ar ARG,"MF,FW",Atlético Madrid,23,1995,36,20,"1,919",21.3,3,2,3,0,0,7,1
112,Diego Costa,es ESP,FW,Atlético Madrid,29,1988,16,14,"1,112",12.4,2,2,2,0,0,4,1
113,Jaume Costa,es ESP,DF,Villarreal,30,1988,21,18,"1,495",16.6,1,0,1,0,0,6,0
114,David Costas,es ESP,DF,Celta Vigo,23,1995,15,13,"1,173",13,0,0,0,0,0,4,0
115,Thibaut Courtois,be BEL,GK,Real Madrid,26,1992,27,27,"2,430",27,0,0,0,0,0,2,0
116,Philippe Coutinho,br BRA,"FW,MF",Barcelona,26,1992,34,22,"2,018",22.4,5,2,5,0,0,2,0
117,Sebastián Cristóforo,uy URU,"MF,FW",Getafe,24,1993,15,4,450,5,0,2,0,0,0,3,0
118,Cucho,co COL,FW,Huesca,19,1999,34,25,"2,150",23.9,4,3,2,2,2,6,0
119,Marc Cucurella,es ESP,"MF,FW",Eibar,20,1998,31,26,"2,354",26.2,1,2,1,0,0,6,0
120,Iván Cuéllar,es ESP,GK,Leganés,34,1984,34,34,"3,055",33.9,0,0,0,0,0,5,0
121,Sergi Darder,es ESP,MF,Espanyol,24,1993,34,32,"2,709",30.1,5,2,5,0,0,8,1
122,Moisés Delgado,es ESP,DF,Valladolid,24,1994,3,3,270,3,0,0,0,0,0,1,0
123,Ousmane Dembélé,fr FRA,"FW,MF",Barcelona,21,1997,29,20,"1,661",18.5,8,5,8,0,0,1,0
124,Franco Di Santo,ar ARG,"FW,MF",Rayo Vallecano,29,1989,6,1,172,1.9,0,0,0,0,0,1,1
125,Mouctar Diakhaby,gn GUI,DF,Valencia,21,1996,22,16,"1,580",17.6,2,0,2,0,0,9,0
126,Brahim Díaz,es ESP,FW,Real Madrid,18,1999,9,5,376,4.2,1,1,1,0,0,0,0
127,Javier Díaz,es ESP,GK,Sevilla,21,1997,1,1,90,1,0,0,0,0,0,0,0
128,Adrián Diéguez,es ESP,DF,Huesca,22,1996,9,8,749,8.3,0,0,0,0,0,3,0
129,Stole Dimitrievski,mk MKD,GK,Rayo Vallecano,24,1993,21,21,"1,890",21,0,0,0,0,0,3,0
130,Papakouli Diop,sn SEN,MF,Eibar,32,1986,28,27,"2,352",26.1,1,1,1,0,0,11,0
131,Djené,tg TOG,DF,Getafe,26,1991,34,34,"2,976",33.1,0,0,0,0,0,13,2
132,Marko Dmitrovi?,rs SRB,GK,Eibar,26,1992,24,24,"2,160",24,0,0,0,0,0,3,0
133,Jaume Doménech,es ESP,GK,Valencia,27,1990,4,4,360,4,0,0,0,0,0,0,0
134,Cheick Doukouré,ci CIV,MF,Levante,25,1992,9,3,318,3.5,0,0,0,0,0,1,0
135,Seydou Doumbia,ci CIV,FW,Girona,30,1987,17,5,541,6,2,0,2,0,0,2,0
136,Óscar Duarte,cr CRC,"DF,MF",Espanyol,29,1989,11,7,660,7.3,0,0,0,0,0,0,0
137,Rubén Duarte,es ESP,DF,Alavés,22,1995,33,33,"2,772",30.8,0,0,0,0,0,10,1
138,Hugo Duro,es ESP,"MF,FW",Getafe,18,1999,11,5,417,4.6,0,0,0,0,0,0,0
139,Raphael Dwamena,gh GHA,FW,Levante,22,1995,12,1,222,2.5,0,1,0,0,0,0,0
140,Dennis Eckert,de GER,FW,Celta Vigo,21,1997,9,1,216,2.4,0,0,0,0,0,0,0
141,Aritz Elustondo,es ESP,DF,Real Sociedad,24,1994,27,24,"2,254",25,1,0,1,0,0,5,0
142,Gorka Elustondo,es ESP,MF,Rayo Vallecano,31,1987,5,3,285,3.2,0,0,0,0,0,1,0
143,Rodrigo Ely,br BRA,DF,Alavés,24,1993,5,5,430,4.8,0,0,0,0,0,1,0
144,Adri Embarba,es ESP,"FW,MF",Rayo Vallecano,26,1992,36,27,"2,282",25.4,5,6,2,3,3,5,1
145,Emerson,br BRA,DF,Betis,19,1999,6,4,317,3.5,0,0,0,0,0,1,0
146,Youssef En-Nesyri,ma MAR,FW,Leganés,21,1997,31,22,"2,106",23.4,9,2,9,0,0,7,0
147,Sergi Enrich,es ESP,FW,Eibar,28,1990,35,30,"2,582",28.7,7,4,7,0,0,4,0
148,Javier Eraso,es ESP,"MF,FW",Leganés,28,1990,13,9,631,7,0,0,0,0,0,2,0
149,Gonzalo Escalante,ar ARG,MF,Eibar,25,1993,32,18,"1,789",19.9,4,1,4,0,0,6,0
150,Sergio Escudero,es ESP,"DF,MF",Sevilla,28,1989,21,18,"1,545",17.2,0,1,0,0,0,8,1
151,Bernardo Espinosa,co COL,DF,Girona,29,1989,31,31,"2,727",30.3,1,1,1,0,0,6,2
152,Beñat Etxebarria,es ESP,MF,Athletic Club,31,1987,27,25,"2,031",22.6,1,2,1,0,0,8,0
153,Xabier Etxeita,es ESP,DF,Huesca,30,1987,31,30,"2,677",29.7,4,0,4,0,0,10,0
154,Zouhair Feddal,ma MAR,DF,Betis,29,1989,21,19,"1,702",18.9,1,1,1,0,0,7,0
155,Aitor Fernández,es ESP,GK,Levante,27,1991,16,16,"1,440",16,0,0,0,0,0,0,0
156,Andrés Fernández,es ESP,GK,Villarreal,31,1986,6,6,540,6,0,0,0,0,0,2,0
157,Borja Fernández,es ESP,"MF,DF",Valladolid,37,1981,19,10,841,9.3,0,0,0,0,0,4,0
158,Joaquín Fernández,es ESP,"DF,MF",Valladolid,22,1996,13,9,839,9.3,1,0,1,0,0,2,0
159,David Ferreiro,es ESP,"FW,MF",Huesca,30,1988,35,23,"2,280",25.3,1,3,1,0,0,5,0
160,Facundo Ferreyra,ar ARG,"FW,MF",Espanyol,27,1991,9,1,211,2.3,1,0,1,0,0,2,0
161,Junior Firpo,es ESP,"DF,MF",Betis,21,1996,24,22,"1,937",21.5,3,4,3,0,0,7,0
162,Mathieu Flamini,fr FRA,MF,Getafe,34,1984,10,4,453,5,0,0,0,0,0,5,0
163,Pablo Fornals,es ESP,"MF,FW",Villarreal,22,1996,35,28,"2,479",27.5,2,3,2,0,0,4,0
164,Dimitri Foulquier,fr FRA,"MF,FW",Getafe,25,1993,25,23,"1,799",20,3,2,3,0,0,7,0
165,Javi Fuego,es ESP,MF,Villarreal,34,1984,5,3,233,2.6,0,0,0,0,0,1,0
166,Ramiro Funes Mori,ar ARG,"DF,MF",Villarreal,27,1991,31,29,"2,627",29.2,2,1,2,0,0,15,0
167,Javi Galán,es ESP,"DF,MF",Huesca,23,1994,16,16,"1,440",16,0,2,0,0,0,7,0
168,Álex Gallar,es ESP,"MF,FW",Huesca,26,1992,25,10,"1,009",11.2,4,1,3,1,1,2,0
169,Enric Gallego,es ESP,FW,Huesca,31,1986,19,17,"1,539",17.1,5,1,5,0,0,4,0
170,Álex Gálvez,es ESP,DF,Rayo Vallecano,29,1989,17,17,"1,412",15.7,1,0,1,0,0,6,0
171,Kévin Gameiro,fr FRA,FW,Valencia,31,1987,33,16,"1,612",17.9,6,1,6,0,0,1,0
172,Cristian Ganea,ro ROU,MF,Athletic Club,26,1992,1,1,49,0.5,0,0,0,0,0,0,0
173,Ezequiel Garay,ar ARG,DF,Valencia,31,1986,24,24,"2,136",23.7,2,0,2,0,0,4,0
174,Borja Garcés,es ESP,FW,Atlético Madrid,18,1999,1,0,20,0.2,1,0,1,0,0,0,0
175,Alberto García,es ESP,GK,Rayo Vallecano,33,1985,17,17,"1,530",17,0,0,0,0,0,1,0
176,Aleix García,es ESP,MF,Girona,21,1997,31,20,"1,663",18.5,2,1,2,0,0,1,0
177,Álvaro García,es ESP,"FW,MF",Rayo Vallecano,25,1992,35,17,"1,766",19.6,4,2,4,0,0,3,0
178,Borja García,es ESP,"FW,MF",Girona,27,1990,33,30,"2,629",29.2,1,3,1,0,0,0,1
179,Dani García,es ESP,MF,Athletic Club,28,1990,29,29,"2,476",27.5,0,1,0,0,0,13,0
180,Javi García,es ESP,"DF,MF",Betis,31,1987,13,6,524,5.8,0,0,0,0,0,0,1
181,Manu García,es ESP,MF,Alavés,32,1986,34,25,"2,330",25.9,2,1,2,0,0,6,0
182,Raúl García,es ESP,DF,Leganés,29,1989,5,4,381,4.2,0,0,0,0,0,1,0
183,Raúl García,es ESP,DF,Girona,29,1989,10,10,850,9.4,0,1,0,0,0,1,0
184,Raúl García,es ESP,"MF,FW",Athletic Club,32,1986,33,27,"2,369",26.3,9,3,7,2,4,12,0
185,Sergio García,es ESP,"FW,MF",Espanyol,35,1983,29,17,"1,486",16.5,2,1,2,0,0,3,0
186,Mario Gaspar,es ESP,DF,Villarreal,27,1990,31,30,"2,599",28.9,1,2,1,0,0,17,1
187,Joris Gnagnon,fr FRA,"DF,MF",Sevilla,21,1997,7,4,446,5,0,0,0,0,0,2,0
188,Diego Godín,uy URU,DF,Atlético Madrid,32,1986,30,28,"2,509",27.9,3,1,3,0,0,6,0
189,Ibai Gómez,es ESP,FW,Athletic Club,28,1989,14,6,580,6.4,0,2,0,0,0,0,0
190,Ibai Gómez,es ESP,"MF,FW",Alavés,28,1989,18,17,"1,449",16.1,3,2,3,0,1,0,0
191,Maxi Gómez,uy URU,FW,Celta Vigo,21,1996,35,33,"2,960",32.9,13,5,12,1,1,6,1
192,Moi Gómez,es ESP,MF,Huesca,24,1994,36,35,"3,055",33.9,2,7,2,0,0,3,0
193,Sergi Gómez,es ESP,DF,Sevilla,26,1992,32,31,"2,765",30.7,0,0,0,0,0,1,0
194,Maxime Gonalons,fr FRA,MF,Sevilla,29,1989,10,5,540,6,0,0,0,0,0,0,0
195,Álvaro González,es ESP,DF,Villarreal,28,1990,33,33,"2,964",32.9,1,2,1,0,0,17,2
196,Bruno González,es ESP,DF,Getafe,28,1990,23,18,"1,701",18.9,0,1,0,0,0,7,1
197,Cristo González,es ESP,FW,Real Madrid,20,1997,1,0,45,0.5,0,0,0,0,0,0,0
198,Andoni Gorosabel,es ESP,DF,Real Sociedad,21,1996,7,6,455,5.1,0,0,0,0,0,0,0
199,Álex Granell,es ESP,"MF,DF",Girona,29,1988,32,26,"2,391",26.6,0,4,0,0,0,5,0
200,Esteban Granero,es ESP,MF,Espanyol,31,1987,28,24,"2,013",22.4,3,1,3,0,0,11,0
201,Antoine Griezmann,fr FRA,FW,Atlético Madrid,27,1991,37,37,"3,198",35.5,15,8,12,3,3,5,0
202,Andrés Guardado,mx MEX,"MF,DF",Betis,31,1986,31,27,"2,335",25.9,0,4,0,0,0,8,0
203,Sergi Guardiola,es ESP,FW,Valladolid,27,1991,17,17,"1,514",16.8,3,1,3,0,1,0,0
204,Sergi Guardiola,es ESP,"FW,MF",Getafe,27,1991,3,0,30,0.3,0,0,0,0,0,0,0
205,Gonçalo Guedes,pt POR,"MF,FW",Valencia,21,1996,25,18,"1,465",16.3,5,3,5,0,0,2,0
206,Javi Guerra,es ESP,"FW,MF",Rayo Vallecano,36,1982,8,1,236,2.6,0,1,0,0,0,0,0
207,Francis Guerrero,es ESP,"DF,MF",Betis,22,1996,22,22,"1,778",19.8,0,1,0,0,0,2,0
208,Ander Guevara,es ESP,MF,Real Sociedad,21,1997,1,1,90,1,0,0,0,0,0,0,0
209,John Guidetti,se SWE,FW,Alavés,26,1992,22,6,631,7,2,1,2,0,0,2,0
210,Gerard Gumbau,es ESP,MF,Leganés,23,1994,16,13,"1,199",13.3,1,1,0,1,1,6,1
211,Serdar Gürler,tr TUR,"FW,MF",Huesca,26,1991,13,5,482,5.4,0,1,0,0,0,2,0
212,Gorka Guruzeta,es ESP,"FW,MF",Athletic Club,21,1996,6,0,50,0.6,0,0,0,0,0,0,0
213,Hacen,mr MTN,FW,Valladolid,20,1997,1,0,3,0,0,0,0,0,0,0,0
214,Munir El Haddadi,ma MAR,FW,Barcelona,22,1995,7,1,152,1.7,1,1,1,0,0,0,0
215,Munir El Haddadi,ma MAR,"FW,MF",Sevilla,22,1995,16,12,"1,042",11.6,5,1,5,0,0,2,0
216,Uche Henry Agbo,ng NGA,MF,Rayo Vallecano,22,1995,6,5,372,4.1,0,0,0,0,0,2,0
217,Mario Hermoso,es ESP,DF,Espanyol,23,1995,32,31,"2,806",31.2,3,0,3,0,0,7,0
218,Lucas Hernández,fr FRA,DF,Atlético Madrid,22,1996,14,13,"1,117",12.4,1,0,1,0,0,5,0
219,Theo Hernández,fr FRA,DF,Real Sociedad,20,1997,24,22,"1,976",22,1,2,1,0,0,5,1
220,Yangel Herrera,ve VEN,"MF,DF",Huesca,20,1998,16,14,"1,154",12.8,0,0,0,0,0,5,0
221,Iago Herrerín,es ESP,GK,Athletic Club,30,1988,31,31,"2,790",31,0,1,0,0,0,1,0
222,Pablo Hervías,es ESP,MF,Eibar,25,1993,3,2,180,2,0,1,0,0,0,0,0
223,Pablo Hervías,es ESP,"MF,FW",Valladolid,25,1993,3,2,160,1.8,0,0,0,0,0,1,0
224,Andrew Hjulsager,dk DEN,"MF,FW",Celta Vigo,23,1995,15,2,359,4,0,3,0,0,0,1,0
225,Wesley Hoedt,nl NED,DF,Celta Vigo,24,1994,10,9,893,9.9,0,0,0,0,0,3,1
226,Robert Ibáñez,es ESP,"FW,MF",Getafe,25,1993,7,0,76,0.8,0,0,0,0,0,1,0
227,Vicente Iborra,es ESP,"MF,FW",Villarreal,30,1988,19,19,"1,665",18.5,3,1,3,0,0,7,0
228,Borja Iglesias,es ESP,FW,Espanyol,25,1993,37,35,"3,075",34.2,17,3,14,3,3,5,0
229,Asier Illarramendi,es ESP,MF,Real Sociedad,28,1990,23,20,"1,821",20.2,1,1,1,0,0,8,0
230,Giannelli Imbula,cd COD,MF,Rayo Vallecano,25,1992,22,21,"1,732",19.2,1,1,1,0,0,7,0
231,Pablo Insua,es ESP,DF,Huesca,24,1993,10,10,776,8.6,0,0,0,0,0,4,0
232,Takashi Inui,jp JPN,"FW,MF",Betis,30,1988,8,5,377,4.2,0,0,0,0,0,0,0
233,Takashi Inui,jp JPN,"MF,FW",Alavés,30,1988,12,10,828,9.2,2,0,2,0,0,0,0
234,Gorka Iraizoz,es ESP,GK,Girona,37,1981,7,6,559,6.2,0,0,0,0,0,0,0
235,Carlos Isaac,es ESP,DF,Atlético Madrid,20,1998,1,1,90,1,0,0,0,0,0,0,0
236,Isco,es ESP,"MF,FW",Real Madrid,26,1992,27,11,"1,192",13.2,3,2,3,0,0,3,0
237,Manuel Iturra,cl CHI,MF,Villarreal,34,1984,3,1,74,0.8,0,0,0,0,0,1,0
238,Ander Iturraspe,es ESP,MF,Athletic Club,29,1989,3,1,98,1.1,0,0,0,0,0,1,0
239,Ivi,es ESP,"MF,FW",Valladolid,24,1994,3,0,20,0.2,0,0,0,0,0,0,0
240,Adnan Januzaj,be BEL,"FW,MF",Real Sociedad,23,1995,20,13,"1,254",13.9,1,3,1,0,0,1,0
241,Jason,es ESP,"MF,FW",Levante,24,1994,30,26,"2,330",25.9,2,5,2,0,0,10,0
242,Mathias Jensen,dk DEN,"MF,FW",Celta Vigo,22,1996,6,3,235,2.6,0,0,0,0,0,0,0
243,Jesé,es ESP,"FW,MF",Betis,25,1993,14,9,779,8.7,2,0,2,0,0,2,0
244,Joaquín,es ESP,"FW,DF",Betis,37,1981,30,17,"1,696",18.8,6,0,6,0,0,5,0
245,Jony,es ESP,"MF,FW",Alavés,27,1991,36,34,"2,971",33,4,11,4,0,0,3,0
246,Joan Jordán,es ESP,MF,Eibar,24,1994,36,32,"2,875",31.9,4,4,4,0,0,10,0
247,Willian José,br BRA,FW,Real Sociedad,26,1991,31,28,"2,367",26.3,11,5,6,5,7,5,1
248,Aleksandar Jovanovi?,rs SRB,GK,Huesca,25,1992,12,12,"1,080",12,0,0,0,0,0,1,0
249,Jozabed,es ESP,MF,Celta Vigo,27,1991,20,14,"1,155",12.8,0,0,0,0,0,1,0
250,Miguel Juan Llambrich,es ESP,DF,Villarreal,22,1996,8,5,544,6,0,0,0,0,0,1,0
251,Juanfran,es ESP,DF,Atlético Madrid,33,1985,22,18,"1,609",17.9,0,2,0,0,0,7,0
252,Juanfran,es ESP,DF,Leganés,29,1988,23,17,"1,459",16.2,1,1,1,0,0,0,0
253,Juanmi,es ESP,"FW,MF",Real Sociedad,25,1993,30,16,"1,523",16.9,5,2,5,0,0,5,1
254,Juanpe,es ESP,DF,Girona,27,1991,33,31,"2,767",30.7,0,0,0,0,0,8,0
255,Juanpi,ve VEN,"MF,FW",Huesca,24,1994,14,8,670,7.4,2,2,1,1,1,2,0
256,David Juncà,es ESP,DF,Celta Vigo,24,1993,21,21,"1,754",19.5,0,3,0,0,0,6,0
257,Vinicius Júnior,br BRA,FW,Real Madrid,18,2000,18,9,869,9.7,2,0,2,0,0,0,0
258,Gaël Kakuta,cd COD,"MF,FW",Rayo Vallecano,27,1991,12,9,717,8,1,0,0,1,1,1,0
259,Nikola Kalini?,hr CRO,FW,Atlético Madrid,30,1988,17,7,642,7.1,2,0,2,0,0,3,0
260,Lee Kangin,kr KOR,"FW,MF",Valencia,17,2001,3,0,24,0.3,0,0,0,0,0,1,0
261,Wilfrid Kaptoum,cm CMR,MF,Betis,22,1996,10,9,773,8.6,0,0,0,0,0,2,0
262,Keko,es ESP,"MF,FW",Valladolid,26,1991,26,20,"1,533",17,2,1,2,0,0,2,0
263,Kike,es ESP,FW,Eibar,28,1989,30,15,"1,298",14.4,3,0,3,0,0,0,0
264,Simon Kjær,dk DEN,DF,Sevilla,29,1989,26,25,"2,008",22.3,0,0,0,0,0,5,0
265,Kenan Kodro,ba BIH,"FW,MF",Athletic Club,24,1993,11,0,161,1.8,1,0,1,0,0,0,0
266,Koke,es ESP,MF,Atlético Madrid,26,1992,30,29,"2,586",28.7,3,5,3,0,0,10,1
267,Geoffrey Kondogbia,cf CTA,MF,Valencia,25,1993,19,14,"1,245",13.8,1,1,1,0,0,1,0
268,Vasyl Kravets,ua UKR,DF,Leganés,20,1997,6,6,481,5.3,0,0,0,0,0,2,0
269,Toni Kroos,de GER,MF,Real Madrid,28,1990,28,26,"2,221",24.7,0,4,0,0,0,2,0
270,Víctor Laguardia,es ESP,DF,Alavés,28,1989,36,36,"3,240",36,1,2,1,0,0,13,0
271,Diego Lainez,mx MEX,"MF,FW",Betis,18,2000,12,3,353,3.9,0,1,0,0,0,2,0
272,Toni Lato,es ESP,DF,Valencia,20,1997,4,3,270,3,0,0,0,0,0,1,0
273,Miguel Layún,mx MEX,"MF,DF",Villarreal,30,1988,8,5,506,5.6,0,1,0,0,0,1,0
274,Robin Le Normand,fr FRA,DF,Real Sociedad,21,1996,4,3,284,3.2,0,1,0,0,0,1,0
275,Wu Lei,cn CHN,"FW,MF",Espanyol,26,1991,16,12,"1,061",11.8,3,1,3,0,0,1,0
276,Iñigo Lekue,es ESP,DF,Athletic Club,25,1993,4,2,211,2.3,0,0,0,0,0,1,0
277,Thomas Lemar,fr FRA,"MF,FW",Atlético Madrid,22,1995,31,22,"1,817",20.2,2,3,2,0,0,4,0
278,Clément Lenglet,fr FRA,DF,Barcelona,23,1995,23,22,"1,933",21.5,1,0,1,0,0,8,1
279,Pedro León,es ESP,"MF,FW",Eibar,31,1986,9,5,425,4.7,1,0,1,0,0,0,0
280,Sergio León,es ESP,"FW,MF",Betis,29,1989,16,6,638,7.1,0,1,0,0,0,1,0
281,Diego Llorente,es ESP,DF,Real Sociedad,24,1993,21,20,"1,752",19.5,0,0,0,0,0,5,0
282,Marcos Llorente,es ESP,MF,Real Madrid,23,1995,7,6,540,6,0,0,0,0,0,1,0
283,Giovani Lo Celso,ar ARG,"MF,FW",Betis,22,1996,32,27,"2,397",26.6,9,4,7,2,4,5,0
284,Stanislav Lobotka,sk SVK,MF,Celta Vigo,23,1994,31,27,"2,489",27.7,0,1,0,0,0,1,0
285,Samuele Longo,it ITA,"FW,MF",Huesca,26,1992,15,6,556,6.2,1,2,1,0,0,4,0
286,Alejandro López,es ESP,MF,Espanyol,21,1997,4,1,112,1.2,0,0,0,0,0,1,0
287,David López,es ESP,DF,Espanyol,28,1989,21,21,"1,819",20.2,0,0,0,0,0,4,0
288,Diego López,es ESP,GK,Espanyol,36,1981,38,38,"3,420",38,0,0,0,0,0,2,0
289,Javi López,es ESP,DF,Espanyol,32,1986,23,21,"1,948",21.6,0,1,0,0,0,5,1
290,Lluis López,es ESP,DF,Espanyol,21,1997,6,5,521,5.8,0,0,0,0,0,0,0
291,Pedro López Muñoz,es ESP,DF,Levante,34,1983,8,4,465,5.2,0,1,0,0,0,1,0
292,Pau López,es ESP,GK,Betis,23,1994,33,33,"2,970",33,0,0,0,0,0,3,0
293,Roberto López,es ESP,MF,Real Sociedad,18,2000,1,0,29,0.3,0,0,0,0,0,0,0
294,Unai López,es ESP,MF,Athletic Club,22,1995,7,3,328,3.6,0,0,0,0,0,1,0
295,Anthony Lozano,hn HON,"FW,MF",Girona,25,1993,20,7,730,8.1,0,0,0,0,0,4,1
296,Filipe Luís,br BRA,DF,Atlético Madrid,32,1985,27,24,"2,030",22.6,2,2,2,0,0,4,0
297,José Luis Gayà,es ESP,DF,Valencia,23,1995,35,35,"3,137",34.9,1,1,1,0,0,10,0
298,José Luis Morales,es ESP,"FW,MF",Levante,31,1987,37,35,"3,195",35.5,12,5,9,3,5,7,0
299,Luisinho,pt POR,DF,Huesca,33,1985,7,6,507,5.6,0,0,0,0,0,4,0
300,Douglas Luiz,br BRA,MF,Girona,20,1998,23,16,"1,490",16.6,0,0,0,0,0,7,0
301,Antonio Luna,es ESP,DF,Levante,27,1991,16,14,"1,258",14,0,2,0,0,0,4,0
302,Andriy Lunin,ua UKR,GK,Leganés,19,1999,5,4,365,4.1,0,0,0,0,0,0,0
303,Nemanja Maksimovi?,rs SRB,MF,Getafe,23,1995,36,36,"3,209",35.7,1,0,1,0,0,4,0
304,Malcom,br BRA,"FW,DF",Barcelona,21,1997,15,6,614,6.8,1,2,1,0,0,0,0
305,Hugo Mallo,es ESP,DF,Celta Vigo,27,1991,35,35,"3,092",34.4,1,4,1,0,0,11,0
306,Aïssa Mandi,dz ALG,DF,Betis,26,1991,35,34,"3,059",34,1,1,1,0,0,10,0
307,Martín Mantovani,ar ARG,DF,Huesca,34,1984,9,6,701,7.8,2,0,2,0,0,2,0
308,Fran Manzanara,es ESP,"DF,MF",Levante,21,1996,4,1,157,1.7,0,0,0,0,0,0,0
309,Marcelo,br BRA,DF,Real Madrid,30,1988,23,21,"1,853",20.6,2,2,2,0,0,6,0
310,Óscar de Marcos,es ESP,"DF,FW",Athletic Club,29,1989,30,28,"2,421",26.9,1,2,1,0,0,7,2
311,Miguel Marí,es ESP,MF,Eibar,21,1997,2,0,69,0.8,0,0,0,0,0,0,0
312,José María Giménez,uy URU,DF,Atlético Madrid,23,1995,21,19,"1,772",19.7,0,0,0,0,0,5,0
313,Mariano,do DOM,FW,Real Madrid,24,1993,13,3,447,5,3,0,3,0,0,2,0
314,Adrián Marín,es ESP,"DF,MF",Alavés,21,1997,6,2,290,3.2,0,0,0,0,0,2,0
315,Guillermo Maripán,cl CHI,DF,Alavés,24,1994,23,22,"2,008",22.3,2,2,2,0,0,5,0
316,Roger Martí,es ESP,FW,Levante,27,1991,31,23,"1,887",21,13,0,11,2,2,5,0
317,Iñigo Martínez,es ESP,DF,Athletic Club,27,1991,33,33,"2,902",32.2,0,0,0,0,0,12,0
318,Gelson Martins,pt POR,FW,Atlético Madrid,23,1995,8,1,229,2.5,0,0,0,0,0,0,0
319,Jordi Masip,es ESP,GK,Valladolid,29,1989,35,35,"3,150",35,0,0,0,0,0,1,0
320,Jaime Mata,es ESP,"FW,MF",Getafe,29,1988,34,27,"2,432",27,14,6,10,4,4,10,0
321,Borja Mayoral,es ESP,FW,Levante,21,1997,29,16,"1,621",18,3,2,3,0,0,1,0
322,Róbert Mazá?,sk SVK,DF,Celta Vigo,24,1994,1,1,90,1,0,0,0,0,0,0,0
323,Álvaro Medrán,es ESP,MF,Rayo Vallecano,24,1994,21,12,"1,149",12.8,3,0,3,0,0,8,1
324,Óscar Melendo,es ESP,"MF,FW",Espanyol,20,1997,32,22,"1,997",22.2,0,5,0,0,0,3,0
325,Gonzalo Melero,es ESP,MF,Huesca,24,1994,22,14,"1,345",14.9,2,1,1,1,2,3,0
326,Arthur Melo,br BRA,MF,Barcelona,21,1996,27,19,"1,430",15.9,0,1,0,0,0,2,0
327,Brais Méndez,es ESP,"MF,FW",Celta Vigo,21,1997,31,27,"2,349",26.1,6,7,5,1,1,5,0
328,Gabriel Mercado,ar ARG,DF,Sevilla,31,1987,23,19,"1,738",19.3,2,1,2,0,0,10,0
329,Mikel Merino,es ESP,MF,Real Sociedad,22,1996,29,24,"2,055",22.8,3,3,3,0,0,10,1
330,Sabin Merino,es ESP,"FW,MF",Leganés,26,1992,12,2,295,3.3,0,0,0,0,0,0,0
331,Martín Merquelanz,es ESP,"MF,FW",Real Sociedad,23,1995,1,0,6,0.1,0,0,0,0,0,0,0
332,Roque Mesa,es ESP,MF,Sevilla,29,1989,31,20,"1,746",19.4,2,2,2,0,0,11,1
333,Lionel Messi,ar ARG,FW,Barcelona,31,1987,34,29,"2,713",30.1,36,13,32,4,5,3,0
334,Míchel,es ESP,MF,Valladolid,30,1988,35,27,"2,553",28.4,1,2,1,0,1,9,0
335,Miguel,es ESP,"MF,FW",Valladolid,18,1999,2,0,12,0.1,0,0,0,0,0,0,0
336,Pere Milla,es ESP,"FW,MF",Eibar,25,1992,5,5,341,3.8,0,0,0,0,0,0,0
337,Santi Mina,es ESP,FW,Valencia,22,1995,30,23,"1,852",20.6,7,5,7,0,0,4,0
338,Ignasi Miquel,es ESP,DF,Getafe,25,1992,7,4,316,3.5,0,0,0,0,0,1,0
339,Jorge Miramón,es ESP,DF,Huesca,29,1989,30,30,"2,492",27.7,1,0,1,0,0,5,0
340,Luka Modric,hr CRO,MF,Real Madrid,32,1985,34,31,"2,608",29,3,6,3,0,0,6,0
341,Johan Mojica,co COL,"DF,MF",Girona,25,1992,1,0,20,0.2,0,0,0,0,0,0,0
342,Jorge Molina,es ESP,FW,Getafe,36,1982,38,28,"2,648",29.4,14,5,12,2,2,2,0
343,Victor Mollejo,es ESP,"FW,MF",Atlético Madrid,17,2001,4,0,65,0.7,0,0,0,0,0,0,0
344,Francisco Montero,es ESP,DF,Atlético Madrid,19,1999,9,4,404,4.5,0,0,0,0,0,2,0
345,Emre Mor,tr TUR,"FW,MF",Celta Vigo,21,1997,10,4,369,4.1,0,0,0,0,0,1,0
346,Álvaro Morata,es ESP,FW,Atlético Madrid,25,1992,15,13,"1,083",12,6,1,6,0,0,5,0
347,Álex Moreno,es ESP,DF,Rayo Vallecano,25,1993,36,36,"3,136",34.8,1,1,1,0,0,5,0
348,Gerard Moreno,es ESP,FW,Villarreal,26,1992,35,25,"2,315",25.7,8,1,8,0,1,3,0
349,Héctor Moreno,mx MEX,DF,Real Sociedad,30,1988,25,21,"1,933",21.5,1,0,1,0,0,2,0
350,Sergio Moreno,es ESP,MF,Rayo Vallecano,19,1999,1,0,14,0.2,0,0,0,0,0,0,0
351,Manu Morlanes,es ESP,MF,Villarreal,19,1999,10,7,610,6.8,0,3,0,0,0,2,0
352,Loren Morón,es ESP,FW,Betis,24,1993,33,22,"1,957",21.7,6,0,6,0,0,4,0
353,Toni Moya,es ESP,DF,Atlético Madrid,20,1998,1,1,90,1,0,0,0,0,0,0,0
354,Javi Moyano,es ESP,DF,Valladolid,32,1986,27,25,"2,098",23.3,0,0,0,0,0,3,0
355,Iker Muniain,es ESP,"FW,MF",Athletic Club,25,1992,34,27,"2,383",26.5,7,3,6,1,1,7,0
356,Marc Muniesa,es ESP,"DF,MF",Girona,26,1992,19,15,"1,406",15.6,0,0,0,0,0,6,0
357,Aihen Muñoz,es ESP,DF,Real Sociedad,20,1997,11,11,951,10.6,0,0,0,0,0,0,0
358,Ezequiel Muñoz,ar ARG,DF,Leganés,27,1990,3,2,211,2.3,0,0,0,0,0,0,0
359,Joaquín Muñoz,es ESP,MF,Atlético Madrid,19,1999,1,0,1,0,0,0,0,0,0,0,0
360,Luis Muriel,co COL,"MF,FW",Sevilla,27,1991,6,1,123,1.4,1,1,1,0,0,0,0
361,Jeison Murillo,co COL,DF,Barcelona,26,1992,2,1,113,1.3,0,0,0,0,0,0,0
362,Jeison Murillo,co COL,DF,Valencia,26,1992,1,1,90,1,0,0,0,0,0,0,0
363,Damián Musto,ar ARG,MF,Huesca,31,1987,24,20,"1,686",18.7,0,0,0,0,0,11,0
364,Nacho,es ESP,DF,Real Madrid,28,1990,20,19,"1,698",18.9,0,1,0,0,0,8,1
365,Nacho,es ESP,DF,Valladolid,29,1989,35,35,"3,150",35,1,3,1,0,0,10,0
366,Naldo,br BRA,DF,Espanyol,29,1988,16,16,"1,362",15.1,1,1,1,0,0,3,0
367,Ximo Navarro,es ESP,DF,Alavés,28,1990,31,28,"2,533",28.1,2,2,2,0,0,7,0
368,Jesús Navas,es ESP,"DF,MF",Sevilla,32,1985,32,31,"2,712",30.1,1,5,1,0,0,8,0
369,Keylor Navas,cr CRC,GK,Real Madrid,31,1986,10,10,900,10,0,0,0,0,0,1,0
370,Raúl Navas,es ESP,DF,Real Sociedad,30,1988,16,15,"1,310",14.6,0,0,0,0,0,4,0
371,Neto,br BRA,GK,Valencia,29,1989,34,34,"3,060",34,0,0,0,0,0,2,0
372,Saúl Ñíguez,es ESP,"MF,DF",Atlético Madrid,23,1994,33,32,"2,925",32.5,4,1,4,0,1,10,0
373,Peru Nolaskoain,es ESP,DF,Athletic Club,19,1998,8,4,464,5.2,2,0,2,0,0,2,1
374,Nolito,es ESP,"FW,MF",Sevilla,31,1986,4,1,76,0.8,0,0,0,0,0,0,0
375,Unai Núñez,es ESP,DF,Athletic Club,21,1997,12,11,"1,064",11.8,0,0,0,0,0,4,0
376,Allan Nyom,cm CMR,DF,Leganés,30,1988,23,20,"1,708",19,1,1,1,0,0,7,1
377,Jan Oblak,si SVN,GK,Atlético Madrid,25,1993,37,37,"3,330",37,0,0,0,0,0,1,0
378,Álvaro Odriozola,es ESP,DF,Real Madrid,22,1995,14,14,"1,178",13.1,0,2,0,0,0,2,0
379,Dani Ojeda,es ESP,"MF,DF",Leganés,23,1994,5,2,193,2.1,0,0,0,0,0,1,0
380,Lucas Olaza,uy URU,DF,Celta Vigo,24,1994,10,10,897,10,0,2,0,0,0,2,0
381,Oier Olazábal,es ESP,GK,Levante,28,1989,21,21,"1,890",21,0,0,0,0,0,1,0
382,Kiko Olivas,es ESP,DF,Valladolid,29,1988,35,35,"3,100",34.4,0,0,0,0,0,6,0
383,Paulo Oliveira,pt POR,DF,Eibar,26,1992,28,24,"2,245",24.9,0,0,0,0,0,4,0
384,Mathías Olivera,uy URU,"DF,MF",Getafe,20,1997,14,12,"1,007",11.2,0,1,0,0,0,6,1
385,Kenneth Omeruo,ng NGA,DF,Leganés,24,1993,28,27,"2,433",27,0,0,0,0,0,7,0
386,Fabián Orellana,cl CHI,"MF,FW",Eibar,32,1986,33,31,"2,733",30.4,3,5,2,1,1,4,0
387,Mikel Oyarzabal,es ESP,"FW,MF",Real Sociedad,21,1997,37,36,"3,153",35,13,2,10,3,3,2,0
388,Fernando Pacheco,es ESP,GK,Alavés,26,1992,35,35,"3,150",35,0,0,0,0,0,3,0
389,Rubén Pardo,es ESP,"MF,FW",Real Sociedad,25,1992,24,16,"1,368",15.2,1,2,1,0,0,3,0
390,Daniel Parejo,es ESP,MF,Valencia,29,1989,36,35,"3,061",34,9,7,4,5,6,5,1
391,Thomas Partey,gh GHA,MF,Atlético Madrid,25,1993,32,22,"2,070",23,3,4,3,0,0,9,1
392,Gabriel Paulista,br BRA,DF,Valencia,27,1990,30,30,"2,623",29.1,0,1,0,0,0,6,0
393,Alfonso Pedraza,es ESP,"DF,FW",Villarreal,22,1996,34,22,"2,095",23.3,3,3,3,0,0,3,0
394,Pedrosa,es ESP,DF,Espanyol,20,1998,12,8,763,8.5,1,0,1,0,0,1,0
395,Rubén Peña,es ESP,DF,Eibar,27,1991,31,30,"2,674",29.7,1,2,1,0,0,4,0
396,Carles Pérez,es ESP,FW,Barcelona,20,1998,1,0,18,0.2,0,0,0,0,0,0,0
397,Hernán Pérez,py PAR,"FW,MF",Espanyol,29,1989,19,10,795,8.8,1,2,1,0,0,1,0
398,Rubén Pérez,es ESP,MF,Leganés,29,1989,31,27,"2,474",27.5,0,0,0,0,0,7,1
399,Pablo Piatti,ar ARG,"FW,MF",Espanyol,29,1989,20,6,743,8.3,1,0,1,0,0,0,0
400,Cristiano Piccini,it ITA,DF,Valencia,25,1992,23,21,"1,868",20.8,1,0,1,0,0,3,0
401,Tomás Pina Isla,es ESP,MF,Alavés,30,1987,28,27,"2,340",26,2,0,2,0,0,13,0
402,Gerard Piqué,es ESP,DF,Barcelona,31,1987,35,35,"3,150",35,4,2,4,0,0,6,0
403,Carles Planas,es ESP,"DF,MF",Girona,27,1991,7,4,419,4.7,0,1,0,0,0,3,0
404,Óscar Plano,es ESP,"MF,FW",Valladolid,27,1991,33,30,"2,693",29.9,3,4,3,0,0,8,0
405,Stiven Plaza,ec ECU,"FW,MF",Valladolid,19,1999,2,0,38,0.4,0,0,0,0,0,0,0
406,Pere Pons,es ESP,MF,Girona,25,1993,34,32,"2,792",31,1,2,1,0,0,4,0
407,Pedro Porro,es ESP,"DF,MF",Girona,18,1999,32,25,"2,211",24.6,0,4,0,0,0,4,0
408,Francisco Portillo,es ESP,"MF,FW",Getafe,28,1990,32,19,"1,994",22.2,1,4,1,0,0,3,1
409,Portu,es ESP,"FW,MF",Girona,26,1992,34,33,"2,821",31.3,9,2,8,1,1,3,0
410,Sergio Postigo,es ESP,DF,Levante,29,1988,21,17,"1,449",16.1,1,1,1,0,0,4,1
411,José Pozo,es ESP,"MF,FW",Rayo Vallecano,22,1996,29,16,"1,617",18,3,0,3,0,0,4,0
412,Sanjin Prci?,ba BIH,MF,Levante,24,1993,10,6,532,5.9,0,0,0,0,0,3,0
413,Quincy Promes,nl NED,"DF,MF",Sevilla,26,1992,33,15,"1,583",17.6,2,3,2,0,1,2,0
414,Javi Puado,es ESP,"FW,MF",Espanyol,20,1998,15,2,359,4,0,0,0,0,0,0,0
415,Riqui Puig,es ESP,MF,Barcelona,18,1999,2,2,156,1.7,0,0,0,0,0,0,0
416,Jorge Pulido,es ESP,DF,Huesca,27,1991,32,32,"2,785",30.9,3,3,3,0,0,9,2
417,Xavi Quintillà,es ESP,DF,Villarreal,21,1996,7,7,627,7,0,0,0,0,0,1,0
418,Dani Raba,es ESP,MF,Villarreal,22,1995,8,2,191,2.1,0,1,0,0,0,0,0
419,Rafinha,br BRA,"FW,MF",Barcelona,25,1993,5,3,223,2.5,0,0,0,0,0,1,0
420,Ivan Rakitic,hr CRO,MF,Barcelona,30,1988,34,29,"2,643",29.4,3,5,3,0,0,7,1
421,Jonás Ramalho,es ESP,DF,Girona,25,1993,22,18,"1,619",18,1,0,1,0,0,4,0
422,Sandro Ramírez,es ESP,"FW,MF",Real Sociedad,23,1995,24,10,"1,055",11.7,0,0,0,0,0,4,0
423,Iván Ramis,es ESP,DF,Eibar,33,1984,21,20,"1,677",18.6,0,0,0,0,0,4,0
424,Chris Ramos,es ESP,FW,Valladolid,21,1997,1,1,63,0.7,0,0,0,0,0,0,0
425,Sergio Ramos,es ESP,DF,Real Madrid,32,1986,28,28,"2,474",27.5,6,1,1,5,5,7,1
426,Recio,es ESP,MF,Leganés,27,1991,18,15,"1,285",14.3,0,0,0,0,0,9,0
427,Sergio Reguilón,es ESP,DF,Real Madrid,21,1996,14,13,"1,119",12.4,0,2,0,0,0,3,0
428,Diego Reyes,mx MEX,DF,Leganés,25,1992,6,4,320,3.6,0,0,0,0,0,1,0
429,Mikel Rico,es ESP,MF,Athletic Club,33,1984,4,3,242,2.7,0,0,0,0,0,0,0
430,Asier Riesgo,es ESP,GK,Eibar,34,1983,14,14,"1,260",14,0,0,0,0,0,1,0
431,Cristian Rivera,es ESP,MF,Huesca,21,1997,22,19,"1,692",18.8,2,0,2,0,0,2,0
432,Rober,es ESP,DF,Levante,23,1995,33,32,"2,854",31.7,1,0,1,0,0,6,0
433,Sergi Roberto,es ESP,"DF,MF",Barcelona,26,1992,29,23,"2,088",23.2,0,7,0,0,0,3,0
434,Patrick Roberts,eng ENG,FW,Girona,21,1997,19,6,601,6.7,0,0,0,0,0,0,0
435,Joel Robles,es ESP,GK,Betis,28,1990,5,5,450,5,0,0,0,0,0,0,0
436,Marc Roca,es ESP,MF,Espanyol,21,1996,35,35,"3,112",34.6,1,2,1,0,0,9,0
437,Rubén Rochina,es ESP,MF,Levante,27,1991,27,23,"1,800",20,4,5,4,0,0,13,2
438,Rodri,es ESP,MF,Atlético Madrid,22,1996,34,32,"2,735",30.4,3,1,3,0,0,5,0
439,Rodrigo,es ESP,FW,Valencia,27,1991,33,29,"2,528",28.1,8,6,8,0,1,5,1
440,Kévin Rodrigues,pt POR,DF,Real Sociedad,24,1994,7,5,484,5.4,0,0,0,0,0,1,0
441,Ángel Rodríguez,es ESP,FW,Getafe,31,1987,37,20,"1,819",20.2,8,3,8,0,0,4,0
442,Óscar Rodríguez Arnaiz,es ESP,"MF,FW",Leganés,20,1998,31,29,"2,504",27.8,4,3,4,0,0,6,0
443,Marko Rog,hr CRO,MF,Sevilla,23,1995,10,4,357,4,0,0,0,0,0,5,0
444,Diego Rolán,uy URU,"MF,DF",Leganés,25,1993,6,2,215,2.4,0,0,0,0,0,0,0
445,Diego Rolán,uy URU,"FW,MF",Alavés,25,1993,9,3,298,3.3,0,0,0,0,0,1,0
446,Facundo Roncaglia,ar ARG,DF,Valencia,31,1987,7,7,601,6.7,0,0,0,0,0,5,1
447,Facundo Roncaglia,ar ARG,DF,Celta Vigo,31,1987,12,12,"1,070",11.9,0,0,0,0,0,3,0
448,Roberto Rosales,ve VEN,DF,Espanyol,29,1988,21,20,"1,749",19.4,3,1,3,0,0,2,0
449,Waldo Rubio,es ESP,"MF,FW",Valladolid,22,1995,8,5,492,5.5,1,0,1,0,0,1,0
450,Abel Ruiz,es ESP,FW,Barcelona,18,2000,1,0,22,0.2,0,0,0,0,0,0,0
451,Víctor Ruiz,es ESP,DF,Villarreal,29,1989,22,22,"1,975",21.9,0,0,0,0,0,10,0
452,Gerónimo Rulli,ar ARG,GK,Real Sociedad,26,1992,27,27,"2,430",27,0,0,0,0,0,3,0
453,Samuel Sáiz,es ESP,"MF,FW",Getafe,27,1991,10,2,305,3.4,1,0,1,0,0,2,0
454,Mikel San José,es ESP,MF,Athletic Club,29,1989,33,16,"1,733",19.3,0,0,0,0,0,7,0
455,Antonio Sanabria,py PAR,FW,Betis,22,1996,15,8,811,9,2,0,1,1,1,2,0
456,Javi Sánchez,es ESP,DF,Real Madrid,21,1997,1,0,46,0.5,0,0,0,0,0,1,0
457,Víctor Sánchez,es ESP,MF,Espanyol,30,1987,24,13,"1,265",14.1,0,2,0,0,0,9,0
458,Luca Sangalli,es ESP,"MF,FW",Real Sociedad,23,1995,18,12,999,11.1,1,3,1,0,0,0,0
459,Nicola Sansone,it ITA,"MF,FW",Villarreal,26,1991,3,0,37,0.4,1,1,1,0,0,1,0
460,Roberto Santamaría,es ESP,GK,Huesca,33,1985,20,20,"1,800",20,0,0,0,0,0,1,0
461,Michael Santos,uy URU,"FW,MF",Leganés,25,1993,16,5,557,6.2,1,3,1,0,0,4,0
462,Pablo Sarabia,es ESP,"MF,FW",Sevilla,26,1992,33,30,"2,724",30.3,13,13,12,1,1,9,0
463,Lluís Sastre,es ESP,MF,Huesca,32,1986,4,1,120,1.3,0,0,0,0,0,0,0
464,Stefan Savi?,me MNE,DF,Atlético Madrid,27,1991,18,17,"1,398",15.5,0,2,0,0,0,5,1
465,Alfa Semedo,gw GNB,MF,Espanyol,20,1997,3,0,45,0.5,0,0,0,0,0,1,0
466,Nélson Semedo,pt POR,DF,Barcelona,24,1993,26,20,"1,600",17.8,1,0,1,0,0,4,0
467,Rúben Semedo,pt POR,DF,Huesca,24,1994,11,9,850,9.4,0,0,0,0,0,4,0
468,Paik Seung-ho,kr KOR,"FW,MF",Girona,21,1997,3,0,60,0.7,0,0,0,0,0,0,0
469,Gaku Shibasaki,jp JPN,"MF,FW",Getafe,26,1992,7,5,389,4.3,0,0,0,0,0,0,0
470,Sidnei,br BRA,DF,Betis,28,1989,24,20,"1,742",19.4,1,0,1,0,0,4,0
471,André Silva,pt POR,FW,Sevilla,22,1995,27,25,"2,159",24,9,0,9,0,0,4,0
472,Jonathan Silva,ar ARG,DF,Leganés,24,1994,30,30,"2,700",30,3,6,3,0,0,9,0
473,Moses Simon,ng NGA,"DF,MF",Levante,23,1995,19,8,785,8.7,0,1,0,0,0,1,0
474,Unai Simón,es ESP,GK,Athletic Club,21,1997,7,7,630,7,0,0,0,0,0,2,0
475,Dimitris Siovas,gr GRE,DF,Leganés,29,1988,34,34,"2,962",32.9,1,0,1,0,0,5,0
476,Pione Sisto,dk DEN,"FW,MF",Celta Vigo,23,1995,25,8,844,9.4,2,1,2,0,0,0,0
477,Antonio Sivera,es ESP,GK,Alavés,21,1996,3,3,270,3,0,0,0,0,0,0,0
478,Rubén Sobrino,es ESP,"FW,MF",Alavés,26,1992,20,10,965,10.7,3,1,3,0,0,2,0
479,Rubén Sobrino,es ESP,"FW,MF",Valencia,26,1992,4,2,193,2.1,0,0,0,0,0,1,0
480,Alex Sola,es ESP,DF,Real Sociedad,19,1999,1,1,90,1,0,0,0,0,0,0,0
481,Andrés Solano,co COL,DF,Atlético Madrid,20,1998,1,1,45,0.5,0,0,0,0,0,0,0
482,Carlos Soler,es ESP,MF,Valencia,21,1997,31,27,"2,460",27.3,2,6,2,0,0,9,0
483,Kévin Soni,cm CMR,"FW,DF",Girona,20,1998,5,1,82,0.9,0,0,0,0,0,1,0
484,David Soria,es ESP,GK,Getafe,25,1993,37,37,"3,330",37,0,0,0,0,0,0,0
485,Juan Soriano,es ESP,GK,Sevilla,20,1997,4,4,359,4,0,0,0,0,0,2,1
486,Cristhian Stuani,uy URU,FW,Girona,31,1986,32,30,"2,729",30.3,19,0,14,5,5,9,0
487,Damián Suárez,uy URU,DF,Getafe,30,1988,36,36,"3,240",36,0,3,0,0,0,13,0
488,Denis Suárez,es ESP,MF,Barcelona,24,1994,2,0,19,0.2,0,0,0,0,0,0,0
489,Leonardo Suárez,ar ARG,"FW,MF",Valladolid,22,1996,12,7,517,5.7,2,0,2,0,0,0,0
490,Luis Suárez,uy URU,FW,Barcelona,31,1987,33,31,"2,827",31.4,21,6,17,4,4,5,0
491,Mario Suárez,es ESP,MF,Rayo Vallecano,31,1987,14,11,"1,026",11.4,2,0,2,0,0,5,0
492,Markel Susaeta,es ESP,FW,Athletic Club,30,1987,22,15,"1,379",15.3,1,2,1,0,0,4,1
493,Rodrigo Tarín,es ESP,DF,Leganés,22,1996,18,15,"1,429",15.9,0,0,0,0,0,3,0
494,Cristian Tello,es ESP,"DF,MF",Betis,26,1991,29,13,"1,573",17.5,4,6,4,0,0,3,0
495,Marc-André ter Stegen,de GER,GK,Barcelona,26,1992,35,35,"3,150",35,0,0,0,0,0,0,0
496,David Timor,es ESP,"MF,FW",Girona,28,1989,2,2,163,1.8,0,0,0,0,0,0,0
497,Tito,es ESP,DF,Rayo Vallecano,33,1985,15,12,"1,098",12.2,0,0,0,0,0,2,0
498,Jean-Clair Todibo,fr FRA,DF,Barcelona,18,1999,2,2,157,1.7,0,0,0,0,0,2,0
499,Karl Toko Ekambi,cm CMR,FW,Villarreal,25,1992,34,24,"2,144",23.8,10,1,10,0,1,5,0
500,Raúl de Tomás,es ESP,FW,Rayo Vallecano,23,1994,33,32,"2,813",31.3,14,1,14,0,0,5,0
501,Toño,es ESP,"DF,MF",Levante,28,1989,21,21,"1,763",19.6,2,2,2,0,0,4,0
502,Daniel Torres,co COL,MF,Alavés,28,1989,2,1,71,0.8,0,0,0,0,0,1,0
503,Ferrán Torres,es ESP,"MF,FW",Valencia,18,2000,24,8,850,9.4,2,1,2,0,0,5,0
504,Óscar Trejo,ar ARG,"MF,FW",Rayo Vallecano,30,1988,26,22,"1,764",19.6,1,4,0,1,1,7,1
505,Manu Trigueros,es ESP,MF,Villarreal,26,1991,24,18,"1,547",17.2,0,0,0,0,0,3,0
506,Patrick Twumasi,gh GHA,"MF,FW",Alavés,24,1994,11,0,170,1.9,0,0,0,0,0,2,0
507,Samuel Umtiti,fr FRA,DF,Barcelona,24,1993,14,13,"1,189",13.2,0,1,0,0,0,4,0
508,Enes Ünal,tr TUR,FW,Valladolid,21,1997,33,24,"2,148",23.9,6,3,3,3,3,7,0
509,Tomáš Vaclík,cz CZE,GK,Sevilla,29,1989,33,33,"2,970",33,0,0,0,0,0,1,0
510,Valery,es ESP,"DF,MF",Girona,18,1999,17,10,888,9.9,0,1,0,0,0,2,0
511,Jesús Vallejo,es ESP,"DF,MF",Real Madrid,21,1997,5,4,311,3.5,1,0,1,0,0,1,1
512,Federico Valverde,uy URU,MF,Real Madrid,20,1998,16,6,656,7.3,0,0,0,0,0,4,0
513,Raphaël Varane,fr FRA,DF,Real Madrid,25,1993,32,31,"2,754",30.6,2,0,2,0,0,0,1
514,Franco Vázquez,ar ARG,"MF,FW",Sevilla,29,1989,34,26,"2,280",25.3,3,4,3,0,0,8,1
515,Kevin Vázquez,es ESP,DF,Celta Vigo,25,1993,4,2,220,2.4,0,0,0,0,0,0,0
516,Lucas Vázquez,es ESP,FW,Real Madrid,27,1991,31,15,"1,510",16.8,1,3,1,0,0,6,1
517,Koke Vegas,es ESP,GK,Levante,22,1995,1,1,90,1,0,0,0,0,0,0,0
518,Emiliano Velázquez,uy URU,DF,Rayo Vallecano,24,1994,18,14,"1,277",14.2,0,2,0,0,0,8,0
519,Daniele Verde,it ITA,"FW,MF",Valladolid,22,1996,22,4,657,7.3,2,0,1,1,1,1,0
520,Thomas Vermaelen,be BEL,DF,Barcelona,32,1985,9,7,587,6.5,0,0,0,0,0,2,0
521,Mikel Vesga,es ESP,MF,Leganés,25,1993,26,23,"2,070",23,1,1,1,0,0,3,0
522,Rúben Vezo,pt POR,DF,Valencia,24,1994,4,2,196,2.2,0,0,0,0,0,2,0
523,Rúben Vezo,pt POR,DF,Levante,24,1994,15,15,"1,339",14.9,2,1,2,0,0,4,0
524,Aleix Vidal,es ESP,"DF,MF",Sevilla,28,1989,11,5,528,5.9,0,0,0,0,0,3,0
525,Arturo Vidal,cl CHI,MF,Barcelona,31,1987,33,22,"1,929",21.4,3,7,3,0,0,7,0
526,Carlos Vigaray,es ESP,DF,Alavés,23,1994,8,7,647,7.2,0,0,0,0,0,1,0
527,Dídac Vilà,es ESP,DF,Espanyol,29,1989,27,27,"2,354",26.2,0,2,0,0,0,11,0
528,Toni Villa,es ESP,"MF,FW",Valladolid,23,1995,26,21,"1,762",19.6,2,2,2,0,0,3,0
529,Vitolo,es ESP,"MF,FW",Atlético Madrid,28,1989,20,5,753,8.4,0,1,0,0,0,1,0
530,Nikola Vukcevic,me MNE,MF,Levante,26,1991,16,9,670,7.4,0,0,0,0,0,5,1
531,Moussa Wagué,sn SEN,DF,Barcelona,19,1998,3,2,225,2.5,0,0,0,0,0,1,0
532,Wakaso,gh GHA,MF,Alavés,28,1990,29,18,"1,669",18.5,1,1,1,0,0,9,0
533,Daniel Wass,dk DEN,"DF,MF",Valencia,29,1989,32,26,"2,354",26.2,1,3,1,0,0,4,0
534,Axel Werner,ar ARG,GK,Huesca,22,1996,6,6,540,6,0,0,0,0,0,0,0
535,Iñaki Williams,gh GHA,FW,Athletic Club,24,1994,38,36,"3,025",33.6,12,4,12,0,0,3,0
536,Maximilian Wöber,at AUT,DF,Sevilla,20,1998,7,6,536,6,0,0,0,0,0,2,0
537,Yoel,es ESP,GK,Valladolid,29,1988,3,3,270,3,0,0,0,0,0,0,0
538,Okay Yokuslu,tr TUR,MF,Celta Vigo,24,1994,30,26,"2,198",24.4,2,0,2,0,0,10,0
539,Joseba Zaldúa,es ESP,DF,Real Sociedad,26,1992,26,25,"2,139",23.8,1,2,1,0,0,7,0
540,Nabil El Zhar,ma MAR,"MF,FW",Leganés,31,1986,27,9,966,10.7,4,0,3,1,1,0,0
541,Luca Zidane,fr FRA,GK,Real Madrid,20,1998,1,1,90,1,0,0,0,0,0,0,0
542,Igor Zubeldia,es ESP,MF,Real Sociedad,21,1997,33,29,"2,549",28.3,0,1,0,0,0,7,0
543,Martín Zubimendi,es ESP,MF,Real Sociedad,19,1999,1,0,7,0.1,0,0,0,0,0,0,0
544,David Zurutuza,es ESP,"MF,FW",Real Sociedad,32,1986,21,13,"1,222",13.6,2,0,2,0,0,2,0
