,,,,,,Tackles,,,,,Vs Dribbles,,,,Blocks,,,,,,
Rk,Player,Nation,Pos,Squad,90s,Tkl,TklW,Def 3rd,Mid 3rd,Att 3rd,Tkl,Att,Tkl%,Past,Blocks,Sh,Pass,Int,Tkl+Int,Clr,Err
1,Antonio Adán,es ESP,GK,Atlético Madrid,1,0,0,0,0,0,0,0,,0,0,0,0,0,0,0,0
2,Aday,es ESP,"DF,MF",Girona,7.2,9,8,2,5,2,6,7,85.7,1,1,0,1,7,16,17,1
3,Aritz Aduriz,es ESP,FW,Athletic Club,10.5,4,2,1,1,2,1,7,14.3,6,2,1,1,0,4,4,0
4,Luis Advíncula,pe PER,DF,Rayo Vallecano,26.5,52,38,38,12,2,21,31,67.7,10,22,2,20,19,71,60,1
5,Martin Agirregabiria,es ESP,DF,Alavés,22.6,45,29,32,10,3,28,46,60.9,18,33,11,22,27,72,65,1
6,Juan Aguilera,es ESP,MF,Huesca,3.8,2,2,0,1,1,1,4,25,3,4,2,2,4,6,2,0
7,Carlos Akapo,gq EQG,DF,Huesca,11.4,28,15,18,8,2,19,33,57.6,14,12,2,10,23,51,36,0
8,Sergio Akieme,es ESP,DF,Rayo Vallecano,2,3,3,3,0,0,2,2,100,0,0,0,0,1,4,5,0
9,Jordi Alba,es ESP,DF,Barcelona,33.2,42,22,20,15,7,20,48,41.7,28,24,6,18,60,102,76,1
10,Pedro Alcalá,es ESP,DF,Girona,20.8,32,23,23,9,0,15,23,65.2,8,21,18,3,36,68,120,0
11,Rubén Alcaraz,es ESP,MF,Valladolid,33.1,96,54,50,40,6,32,89,36,57,59,10,49,38,134,52,1
12,Álex Alegría,es ESP,"FW,MF",Rayo Vallecano,1.6,1,1,0,1,0,0,3,0,3,1,0,1,0,1,0,0
13,Iván Alejo,es ESP,MF,Getafe,1.6,2,0,0,2,0,0,4,0,4,2,0,2,0,2,3,0
14,Carles Aleñá,es ESP,MF,Barcelona,7.1,7,4,0,6,1,2,8,25,6,4,0,4,2,9,0,0
15,Alexander,ar ARG,FW,Leganés,0.1,1,0,1,0,0,1,1,100,0,0,0,0,0,1,0,0
16,Júnior Alonso,py PAR,"DF,MF",Celta Vigo,6,13,9,8,4,1,7,12,58.3,5,8,3,5,5,18,24,1
17,Sergio Álvarez,es ESP,"DF,MF",Eibar,11.9,34,25,12,20,2,13,23,56.5,10,9,4,5,17,51,43,0
18,Sergio Álvarez,es ESP,GK,Celta Vigo,13,0,0,0,0,0,0,0,,0,0,0,0,0,0,4,0
19,Yeray Álvarez,es ESP,DF,Athletic Club,29,55,30,39,14,2,19,33,57.6,14,35,16,19,63,118,149,1
20,Ibrahim Amadou,fr FRA,"MF,DF",Sevilla,8.5,27,20,9,15,3,2,9,22.2,7,7,4,3,11,38,24,0
21,Jordi Amat,es ESP,DF,Rayo Vallecano,30.7,54,31,34,19,1,24,42,57.1,18,31,10,21,43,97,133,1
22,Amath,sn SEN,MF,Getafe,11.1,20,13,7,11,2,6,27,22.2,21,17,0,17,10,30,12,0
23,José Ángel,es ESP,DF,Eibar,33.6,66,46,36,23,7,31,56,55.4,25,24,5,19,41,107,113,1
24,Miguel Ángel Moyá,es ESP,GK,Real Sociedad,11,1,1,1,0,0,1,2,50,1,0,0,0,1,2,9,2
25,Antoñito,es ESP,"DF,MF",Valladolid,20.7,35,21,16,15,4,18,42,42.9,24,21,8,13,18,53,31,0
26,Vitorino Antunes,pt POR,"DF,MF",Getafe,24.2,41,26,22,17,2,27,45,60,18,33,7,26,43,84,75,1
27,Anuar,ma MAR,"MF,FW",Valladolid,12,33,19,15,16,2,6,14,42.9,8,14,1,13,11,44,25,1
28,Emmanuel Apeh,ng NGA,"FW,MF",Celta Vigo,0.2,0,0,0,0,0,0,1,0,1,0,0,0,0,0,0,0
29,Mauro Arambarri,uy URU,MF,Getafe,29.7,59,33,18,37,4,23,76,30.3,53,44,9,35,30,89,36,0
30,Guilherme Arana,br BRA,DF,Sevilla,7,11,6,5,5,1,6,7,85.7,1,6,3,3,9,20,8,0
31,Néstor Araujo,mx MEX,DF,Celta Vigo,29.8,42,22,32,9,1,18,22,81.8,4,32,21,11,35,77,153,1
32,Anaitz Arbilla,es ESP,DF,Eibar,21.7,31,24,25,5,1,17,27,63,10,12,5,7,46,77,92,2
33,Santiago Arias,co COL,DF,Atlético Madrid,19.7,48,32,31,16,1,20,31,64.5,11,14,2,12,34,82,43,0
34,José Arnaiz,es ESP,"MF,FW",Leganés,1.3,1,1,1,0,0,0,3,0,3,0,0,0,2,3,1,0
35,Sergio Asenjo,es ESP,GK,Villarreal,32,0,0,0,0,0,0,1,0,1,0,0,0,3,3,26,2
36,Marco Asensio,es ESP,FW,Real Madrid,19.8,12,8,3,5,4,2,24,8.3,22,16,1,15,14,26,7,0
37,Iago Aspas,es ESP,"FW,MF",Celta Vigo,25,16,11,4,8,4,4,20,20,16,14,0,14,16,32,5,0
38,Ezequiel Ávila,ar ARG,"FW,MF",Huesca,22.2,18,10,7,7,4,4,26,15.4,22,21,2,19,13,31,22,0
39,Abdoulaye Ba,sn SEN,DF,Rayo Vallecano,23.4,46,33,37,8,1,29,39,74.4,10,32,18,14,29,75,165,4
40,Carlos Bacca,co COL,FW,Villarreal,14.1,4,2,1,2,1,0,5,0,5,4,0,4,8,12,5,0
41,Gareth Bale,wls WAL,FW,Real Madrid,19.8,16,8,5,7,4,6,20,30,14,19,3,16,11,27,13,0
42,Mikel Balenziaga,es ESP,DF,Athletic Club,5.8,10,6,7,1,2,5,8,62.5,3,6,2,4,2,12,21,0
43,Éver Banega,ar ARG,MF,Sevilla,29.6,71,50,32,35,4,20,70,28.6,50,26,5,21,28,99,28,0
44,Léo Baptistão,br BRA,"FW,MF",Espanyol,13.7,22,14,11,5,6,8,27,29.6,19,17,0,17,8,30,14,0
45,Enis Bardhi,mk MKD,MF,Levante,31.5,70,43,30,34,6,28,87,32.2,59,35,3,32,31,101,36,1
46,Antonio Barragán,es ESP,"DF,FW",Betis,10.4,14,8,9,4,1,2,12,16.7,10,15,4,11,5,19,30,2
47,Ander Barrenetxea,es ESP,"FW,MF",Real Sociedad,4.4,7,2,2,0,5,2,8,25,6,8,0,8,4,11,1,0
48,Marc Bartra,es ESP,DF,Betis,32.5,86,55,55,26,5,41,76,53.9,35,46,21,25,60,146,132,2
49,Borja Bastón,es ESP,FW,Alavés,16,16,7,4,9,3,2,24,8.3,22,16,5,11,4,20,10,0
50,Michy Batshuayi,be BEL,FW,Valencia,5.9,1,1,0,1,0,0,3,0,3,5,2,3,0,1,3,0
51,Jon Bautista,es ESP,FW,Real Sociedad,6.6,5,3,0,3,2,0,3,0,3,8,1,7,5,10,4,0
52,Bebé,cv CPV,"FW,MF",Rayo Vallecano,14.5,19,9,10,4,5,9,19,47.4,10,16,1,15,9,28,16,1
53,Bebé,cv CPV,MF,Eibar,0.7,0,0,0,0,0,0,0,,0,1,0,1,1,1,0,0
54,Fran Beltrán,es ESP,MF,Celta Vigo,16.9,23,17,8,12,3,13,31,41.9,18,19,2,17,19,42,15,1
55,Wissam Ben Yedder,fr FRA,FW,Sevilla,31.2,18,16,3,11,4,2,12,16.7,10,18,0,18,11,29,2,0
56,Karim Benzema,fr FRA,FW,Real Madrid,32.8,24,11,2,11,11,2,17,11.8,15,16,1,15,8,32,25,0
57,Yuri Berchiche,es ESP,"DF,FW",Athletic Club,34.7,46,31,26,11,9,23,46,50,23,34,9,25,42,88,82,0
58,Markel Bergara,es ESP,MF,Getafe,0.6,2,2,0,1,1,2,3,66.7,1,3,0,3,1,3,2,0
59,Pedro Bigas,es ESP,DF,Eibar,6.5,4,3,2,0,2,1,5,20,4,6,2,4,8,12,22,0
60,Alejandro Blanco,es ESP,"FW,MF",Alavés,0.2,1,1,1,0,0,1,3,33.3,2,1,0,1,0,1,0,0
61,Rubén Blanco,es ESP,GK,Celta Vigo,25,1,0,1,0,0,1,2,50,1,1,0,1,2,3,13,2
62,Pablo de Blasis,ar ARG,"DF,MF",Eibar,16.9,32,19,17,8,7,12,32,37.5,20,18,0,18,13,45,20,0
63,Emmanuel Boateng,gh GHA,FW,Levante,7.8,4,3,0,0,4,0,3,0,3,5,0,5,1,5,7,0
64,Kevin-Prince Boateng,gh GHA,FW,Barcelona,2.7,3,2,0,1,2,0,1,0,1,1,0,1,1,4,4,0
65,Daniele Bonera,it ITA,DF,Villarreal,2.6,2,2,2,0,0,1,1,100,0,5,5,0,4,6,10,0
66,Ryad Boudebouz,dz ALG,"MF,FW",Celta Vigo,8,14,4,4,6,4,3,8,37.5,5,9,1,8,3,17,9,0
67,Ryad Boudebouz,dz ALG,"MF,FW",Betis,6,8,4,4,1,3,4,10,40,6,5,1,4,5,13,2,0
68,Sofiane Boufal,ma MAR,"MF,FW",Celta Vigo,23.2,35,21,18,11,6,15,47,31.9,32,24,0,24,10,45,12,0
69,Yassine Bounou,ma MAR,GK,Girona,31.8,0,0,0,0,0,0,2,0,2,0,0,0,1,1,7,2
70,Martin Braithwaite,dk DEN,FW,Leganés,15.6,5,3,0,0,5,0,4,0,4,9,0,9,3,8,4,0
71,Darko Brasanac,rs SRB,MF,Alavés,17.6,32,16,15,13,4,10,26,38.5,16,17,4,13,13,45,19,0
72,Rajko Brezancic,rs SRB,DF,Huesca,0.7,1,0,0,0,1,0,0,,0,0,0,0,0,1,0,0
73,Bryan,es ESP,"MF,FW",Sevilla,1.9,6,4,4,1,1,1,5,20,4,0,0,0,1,7,0,0
74,Burgui,es ESP,"MF,FW",Alavés,6.2,6,6,4,2,0,1,3,33.3,2,4,0,4,0,6,2,1
75,Sergio Busquets,es ESP,MF,Barcelona,30.2,90,60,35,45,10,41,89,46.1,48,43,8,35,54,144,22,1
76,Unai Bustinza,es ESP,DF,Leganés,22.5,41,31,25,14,2,17,33,51.5,16,31,13,18,53,94,110,2
77,Erick Cabaco,uy URU,DF,Levante,18.1,22,13,19,3,0,12,29,41.4,17,29,14,15,29,51,69,0
78,Gustavo Cabral,ar ARG,DF,Celta Vigo,21.1,37,26,28,7,2,17,27,63,10,31,11,20,33,70,102,1
79,Leandro Cabrera,uy URU,DF,Getafe,31,47,26,28,17,2,24,41,58.5,17,29,16,13,52,99,216,2
80,Jordi Calavera,es ESP,DF,Eibar,0,0,0,0,0,0,0,0,,0,0,0,0,0,0,0,0
81,Fernando Calero,es ESP,DF,Valladolid,34.8,51,31,33,18,0,23,38,60.5,15,55,31,24,55,106,170,0
82,Jonathan Calleri,ar ARG,FW,Alavés,31.9,20,13,3,11,6,1,24,4.2,23,34,7,27,7,27,53,0
83,Juanjo Camacho,es ESP,"MF,DF",Huesca,0.4,1,1,1,0,0,1,1,100,0,0,0,0,0,1,1,0
84,Sergio Camello,es ESP,FW,Atlético Madrid,0.5,1,0,1,0,0,1,1,100,0,0,0,0,0,1,0,0
85,José Campaña,es ESP,MF,Levante,35.7,65,45,31,29,5,27,86,31.4,59,51,7,44,48,113,46,1
86,Sergio Canales,es ESP,MF,Betis,29.5,44,30,19,18,7,11,53,20.8,42,34,3,31,9,53,8,1
87,Ander Capa,es ESP,"DF,FW",Athletic Club,18.2,43,27,32,8,3,13,27,48.1,14,20,2,18,30,73,47,0
88,Marc Cardona,es ESP,"FW,MF",Eibar,6.7,7,5,2,1,4,2,6,33.3,4,7,0,7,1,8,3,0
89,Daniel Carriço,pt POR,DF,Sevilla,23.7,35,18,23,11,1,12,20,60,8,19,12,7,31,66,104,1
90,Guido Carrillo,ar ARG,FW,Leganés,22.1,25,14,4,12,9,6,19,31.6,13,12,1,11,8,33,25,0
91,Dani Carvajal,es ESP,DF,Real Madrid,23.4,40,24,17,15,8,18,41,43.9,23,31,7,24,26,66,35,0
92,William Carvalho,pt POR,MF,Betis,26.5,45,27,20,21,4,16,29,55.2,13,8,0,8,12,57,30,0
93,Casemiro,br BRA,MF,Real Madrid,25.7,86,52,44,35,7,38,94,40.4,56,52,12,40,41,127,56,3
94,Santiago Cáseres,ar ARG,MF,Villarreal,17.6,67,35,20,38,9,25,57,43.9,32,22,9,13,14,81,24,1
95,Catena,es ESP,DF,Rayo Vallecano,2,4,4,3,1,0,2,2,100,0,4,2,2,8,12,8,0
96,Santi Cazorla,es ESP,"MF,FW",Villarreal,29.4,69,34,32,26,11,24,69,34.8,45,35,6,29,28,97,17,1
97,Dani Ceballos,es ESP,"MF,FW",Real Madrid,13.9,32,21,9,16,7,11,31,35.5,20,26,1,25,15,47,6,0
98,Charles,br BRA,FW,Eibar,19.3,7,5,1,3,3,2,13,15.4,11,14,1,13,4,11,14,0
99,Chechu,es ESP,DF,Rayo Vallecano,1,0,0,0,0,0,0,2,0,2,0,0,0,2,2,5,0
100,Chema,es ESP,DF,Levante,13.9,27,19,16,9,2,13,19,68.4,6,19,11,8,19,46,83,0
101,Denis Cheryshev,ru RUS,MF,Valencia,19,46,32,15,22,9,17,37,45.9,20,35,3,32,15,61,16,0
102,Leandro Chichizola,ar ARG,GK,Getafe,1,0,0,0,0,0,0,0,,0,0,0,0,0,0,1,0
103,Samuel Chukwueze,ng NGA,"MF,FW",Villarreal,19,19,11,7,10,2,9,31,29,22,11,2,9,10,29,2,0
104,Jasper Cillessen,nl NED,GK,Barcelona,3,0,0,0,0,0,0,0,,0,0,0,0,0,0,3,2
105,Coke,es ESP,DF,Levante,20.2,44,27,24,17,3,26,56,46.4,30,18,8,10,40,84,54,1
106,Álex Collado,es ESP,FW,Barcelona,0.9,1,0,0,1,0,0,1,0,1,3,0,3,0,1,2,0
107,Santi Comesaña,es ESP,MF,Rayo Vallecano,22.6,56,35,29,25,2,22,61,36.1,39,30,5,25,30,86,45,2
108,Duje ?op,hr CRO,FW,Valladolid,7.6,5,4,1,2,2,0,8,0,8,8,3,5,3,8,3,0
109,Francis Coquelin,fr FRA,MF,Valencia,19.6,46,31,25,14,7,17,35,48.6,18,21,5,16,49,95,29,1
110,Iñigo Córdoba,es ESP,"FW,MF",Athletic Club,14.7,37,23,15,17,5,14,47,29.8,33,27,0,27,17,54,13,0
111,Ángel Correa,ar ARG,"MF,FW",Atlético Madrid,21.3,38,19,19,12,7,10,53,18.9,43,28,5,23,17,55,20,0
112,Diego Costa,es ESP,FW,Atlético Madrid,12.4,4,1,0,4,0,1,8,12.5,7,5,0,5,2,6,6,0
113,Jaume Costa,es ESP,DF,Villarreal,16.6,33,21,26,5,2,20,33,60.6,13,12,3,9,21,54,61,0
114,David Costas,es ESP,DF,Celta Vigo,13,25,13,21,4,0,10,15,66.7,5,12,6,6,18,43,58,1
115,Thibaut Courtois,be BEL,GK,Real Madrid,27,0,0,0,0,0,0,2,0,2,0,0,0,2,2,5,0
116,Philippe Coutinho,br BRA,"FW,MF",Barcelona,22.4,16,11,1,6,9,7,22,31.8,15,21,2,19,12,28,8,0
117,Sebastián Cristóforo,uy URU,MF,Getafe,5,15,8,4,8,3,5,14,35.7,9,13,0,13,8,23,5,0
118,Cucho,co COL,FW,Huesca,23.9,22,13,6,10,6,6,18,33.3,12,23,2,21,9,31,21,0
119,Marc Cucurella,es ESP,"MF,FW",Eibar,26.2,49,37,13,21,15,10,23,43.5,13,36,3,33,20,69,24,0
120,Iván Cuéllar,es ESP,GK,Leganés,33.9,0,0,0,0,0,0,1,0,1,0,0,0,2,2,10,0
121,Sergi Darder,es ESP,MF,Espanyol,30.1,60,35,23,32,5,25,69,36.2,44,18,3,15,22,82,30,0
122,Moisés Delgado,es ESP,DF,Valladolid,3,7,6,3,3,1,2,3,66.7,1,2,1,1,3,10,9,0
123,Ousmane Dembélé,fr FRA,"FW,MF",Barcelona,18.5,23,15,4,13,6,6,18,33.3,12,13,0,13,5,28,4,0
124,Franco Di Santo,ar ARG,FW,Rayo Vallecano,1.9,2,2,1,0,1,1,2,50,1,0,0,0,0,2,2,0
125,Mouctar Diakhaby,gn GUI,DF,Valencia,17.6,14,8,10,4,0,5,10,50,5,24,16,8,20,34,94,1
126,Brahim Díaz,es ESP,FW,Real Madrid,4.2,9,7,5,4,0,3,8,37.5,5,2,0,2,0,9,0,0
127,Javier Díaz,es ESP,GK,Sevilla,1,0,0,0,0,0,0,0,,0,0,0,0,0,0,0,0
128,Adrián Diéguez,es ESP,DF,Huesca,8.3,16,10,11,4,1,9,16,56.3,7,9,4,5,12,28,46,1
129,Stole Dimitrievski,mk MKD,GK,Rayo Vallecano,21,0,0,0,0,0,0,1,0,1,0,0,0,0,0,8,1
130,Papakouli Diop,sn SEN,MF,Eibar,26.1,66,40,14,44,8,14,34,41.2,20,21,1,20,37,103,27,0
131,Djené,tg TOG,DF,Getafe,33.1,54,34,43,11,0,26,43,60.5,17,27,11,16,74,128,154,3
132,Marko Dmitrovi?,rs SRB,GK,Eibar,24,0,0,0,0,0,0,0,,0,0,0,0,2,2,11,3
133,Jaume Doménech,es ESP,GK,Valencia,4,0,0,0,0,0,0,1,0,1,0,0,0,0,0,1,0
134,Cheick Doukouré,ci CIV,MF,Levante,3.5,13,7,3,7,3,4,15,26.7,11,10,2,8,3,16,3,1
135,Seydou Doumbia,ci CIV,FW,Girona,6,5,1,1,2,2,0,2,0,2,2,0,2,3,8,1,0
136,Óscar Duarte,cr CRC,"DF,MF",Espanyol,7.3,12,5,7,5,0,4,7,57.1,3,7,7,0,13,25,34,0
137,Rubén Duarte,es ESP,DF,Alavés,30.8,72,35,45,20,7,34,64,53.1,30,46,12,34,57,129,130,1
138,Hugo Duro,es ESP,"MF,FW",Getafe,4.6,6,4,1,2,3,3,6,50,3,6,1,5,3,9,4,0
139,Raphael Dwamena,gh GHA,FW,Levante,2.5,0,0,0,0,0,0,0,,0,2,1,1,0,0,2,0
140,Dennis Eckert,de GER,FW,Celta Vigo,2.4,3,2,0,1,2,0,2,0,2,1,0,1,2,5,3,0
141,Aritz Elustondo,es ESP,DF,Real Sociedad,25,47,29,31,14,2,26,41,63.4,15,23,7,16,39,86,150,0
142,Gorka Elustondo,es ESP,"MF,DF",Rayo Vallecano,3.2,7,5,4,3,0,5,8,62.5,3,6,1,5,6,13,10,0
143,Rodrigo Ely,br BRA,DF,Alavés,4.8,8,5,5,3,0,5,7,71.4,2,9,7,2,7,15,30,0
144,Adri Embarba,es ESP,"MF,FW",Rayo Vallecano,25.4,54,26,20,24,10,22,61,36.1,39,38,2,36,29,83,22,0
145,Emerson,br BRA,"FW,DF",Betis,3.5,9,7,6,1,2,3,10,30,7,6,0,6,7,16,12,0
146,Youssef En-Nesyri,ma MAR,FW,Leganés,23.4,16,8,6,5,5,4,24,16.7,20,18,3,15,6,22,23,0
147,Sergi Enrich,es ESP,FW,Eibar,28.7,27,17,3,11,13,7,30,23.3,23,11,1,10,6,33,14,0
148,Javier Eraso,es ESP,"MF,FW",Leganés,7,6,3,3,2,1,0,6,0,6,3,1,2,7,13,4,0
149,Gonzalo Escalante,ar ARG,MF,Eibar,19.9,49,28,11,35,3,19,46,41.3,27,37,2,35,21,70,21,0
150,Sergio Escudero,es ESP,"DF,FW",Sevilla,17.2,43,29,20,18,5,18,35,51.4,17,22,4,18,24,67,52,0
151,Bernardo Espinosa,co COL,DF,Girona,30.3,20,14,16,4,0,8,17,47.1,9,46,31,15,40,60,197,5
152,Beñat Etxebarria,es ESP,MF,Athletic Club,22.6,47,24,14,25,8,19,59,32.2,40,18,1,17,24,71,11,0
153,Xabier Etxeita,es ESP,DF,Huesca,29.7,47,23,32,12,3,26,47,55.3,21,38,25,13,39,86,163,3
154,Zouhair Feddal,ma MAR,DF,Betis,18.9,38,23,31,6,1,16,28,57.1,12,19,8,11,31,69,94,2
155,Aitor Fernández,es ESP,GK,Levante,16,1,0,1,0,0,1,1,100,0,0,0,0,1,2,10,1
156,Andrés Fernández,es ESP,GK,Villarreal,6,1,0,1,0,0,1,1,100,0,0,0,0,0,1,4,1
157,Borja Fernández,es ESP,"MF,DF",Valladolid,9.3,17,12,7,9,1,6,16,37.5,10,14,2,12,14,31,25,0
158,Joaquín Fernández,es ESP,"DF,MF",Valladolid,9.3,16,9,14,1,1,8,16,50,8,9,7,2,17,33,45,0
159,David Ferreiro,es ESP,"MF,FW",Huesca,25.3,36,22,13,19,4,11,64,17.2,53,27,1,26,24,60,14,2
160,Facundo Ferreyra,ar ARG,FW,Espanyol,2.3,5,2,0,4,1,1,3,33.3,2,3,0,3,0,5,5,0
161,Junior Firpo,es ESP,"DF,FW",Betis,21.5,38,25,16,14,8,10,24,41.7,14,27,2,25,23,61,48,0
162,Mathieu Flamini,fr FRA,MF,Getafe,5,9,4,4,4,1,4,7,57.1,3,3,1,2,5,14,4,0
163,Pablo Fornals,es ESP,"MF,FW",Villarreal,27.5,49,26,14,26,9,15,54,27.8,39,32,4,28,24,73,19,0
164,Dimitri Foulquier,fr FRA,"MF,DF",Getafe,20,29,12,10,14,5,11,22,50,11,23,2,21,20,49,38,0
165,Javi Fuego,es ESP,MF,Villarreal,2.6,6,3,5,1,0,4,8,50,4,2,0,2,3,9,9,0
166,Ramiro Funes Mori,ar ARG,"DF,MF",Villarreal,29.2,41,29,30,9,2,19,44,43.2,25,36,24,12,42,83,149,2
167,Javi Galán,es ESP,"DF,FW",Huesca,16,61,39,36,23,2,34,59,57.6,25,22,1,21,19,80,52,1
168,Álex Gallar,es ESP,"MF,FW",Huesca,11.2,15,9,6,5,4,8,19,42.1,11,9,1,8,9,24,5,0
169,Enric Gallego,es ESP,FW,Huesca,17.1,21,15,3,13,5,3,19,15.8,16,17,2,15,8,29,32,0
170,Álex Gálvez,es ESP,DF,Rayo Vallecano,15.7,38,28,25,13,0,14,28,50,14,7,2,5,45,83,69,1
171,Kévin Gameiro,fr FRA,FW,Valencia,17.9,14,9,4,6,4,1,6,16.7,5,12,2,10,5,19,3,0
172,Cristian Ganea,ro ROU,DF,Athletic Club,0.5,0,0,0,0,0,0,3,0,3,1,0,1,1,1,2,0
173,Ezequiel Garay,ar ARG,DF,Valencia,23.7,20,17,15,3,2,9,18,50,9,30,23,7,16,36,140,0
174,Borja Garcés,es ESP,FW,Atlético Madrid,0.2,0,0,0,0,0,0,0,,0,0,0,0,0,0,0,0
175,Alberto García,es ESP,GK,Rayo Vallecano,17,1,1,1,0,0,1,3,33.3,2,1,0,1,2,3,1,2
176,Aleix García,es ESP,MF,Girona,18.5,37,19,17,20,0,13,36,36.1,23,21,6,15,21,58,18,0
177,Álvaro García,es ESP,"FW,MF",Rayo Vallecano,19.6,22,19,11,7,4,4,25,16,21,24,0,24,19,41,30,0
178,Borja García,es ESP,"MF,FW",Girona,29.2,39,27,17,15,7,22,44,50,22,23,2,21,38,77,17,0
179,Dani García,es ESP,MF,Athletic Club,27.5,56,34,21,32,3,24,63,38.1,39,28,8,20,49,105,46,1
180,Javi García,es ESP,"DF,MF",Betis,5.8,3,1,3,0,0,2,3,66.7,1,5,1,4,5,8,27,0
181,Manu García,es ESP,MF,Alavés,25.9,83,48,29,40,14,24,77,31.2,53,42,7,35,23,106,67,0
182,Raúl García,es ESP,"MF,FW",Athletic Club,26.3,61,41,13,37,11,22,68,32.4,46,56,1,55,21,82,39,0
183,Raúl García,es ESP,DF,Leganés,4.2,8,6,4,4,0,6,8,75,2,5,2,3,6,14,28,1
184,Raúl García,es ESP,DF,Girona,9.4,21,12,11,7,3,11,16,68.8,5,14,4,10,11,32,35,1
185,Sergio García,es ESP,"FW,MF",Espanyol,16.5,18,10,4,11,3,3,16,18.8,13,6,1,5,10,28,4,0
186,Mario Gaspar,es ESP,DF,Villarreal,28.9,62,43,39,17,6,29,49,59.2,20,48,11,37,42,104,91,0
187,Joris Gnagnon,fr FRA,"DF,MF",Sevilla,5,11,8,6,4,1,4,7,57.1,3,2,2,0,10,21,16,0
188,Diego Godín,uy URU,DF,Atlético Madrid,27.9,52,30,33,19,0,20,42,47.6,22,22,9,13,45,97,141,2
189,Ibai Gómez,es ESP,FW,Athletic Club,6.4,6,3,3,2,1,4,9,44.4,5,8,1,7,2,8,8,0
190,Ibai Gómez,es ESP,"MF,FW",Alavés,16.1,14,8,9,3,2,6,19,31.6,13,10,0,10,8,22,17,0
191,Maxi Gómez,uy URU,FW,Celta Vigo,32.9,6,4,1,4,1,1,12,8.3,11,3,0,3,2,8,43,0
192,Moi Gómez,es ESP,MF,Huesca,33.9,42,28,15,25,2,11,46,23.9,35,27,3,24,28,70,27,0
193,Sergi Gómez,es ESP,DF,Sevilla,30.7,49,38,33,12,4,18,28,64.3,10,30,20,10,40,89,135,1
194,Maxime Gonalons,fr FRA,MF,Sevilla,6,8,4,2,5,1,1,15,6.7,14,10,4,6,5,13,12,0
195,Álvaro González,es ESP,DF,Villarreal,32.9,49,35,33,14,2,25,35,71.4,10,34,24,10,37,86,177,2
196,Bruno González,es ESP,DF,Getafe,18.9,23,10,14,8,1,9,18,50,9,13,6,7,22,45,110,0
197,Cristo González,es ESP,FW,Real Madrid,0.5,1,0,0,1,0,0,0,,0,0,0,0,1,2,0,0
198,Andoni Gorosabel,es ESP,DF,Real Sociedad,5.1,16,9,10,5,1,8,13,61.5,5,5,1,4,4,20,20,1
199,Álex Granell,es ESP,"MF,DF",Girona,26.6,64,28,30,31,3,34,83,41,49,34,5,29,35,99,36,1
200,Esteban Granero,es ESP,MF,Espanyol,22.4,50,32,26,18,6,17,50,34,33,42,8,34,26,76,34,2
201,Antoine Griezmann,fr FRA,"FW,MF",Atlético Madrid,35.5,31,19,8,13,10,8,28,28.6,20,18,1,17,12,43,21,0
202,Andrés Guardado,mx MEX,"MF,DF",Betis,25.9,24,15,9,12,3,11,47,23.4,36,27,1,26,28,52,28,1
203,Sergi Guardiola,es ESP,FW,Valladolid,16.8,19,11,1,10,8,2,13,15.4,11,12,0,12,5,24,17,0
204,Sergi Guardiola,es ESP,"MF,FW",Getafe,0.3,1,1,0,1,0,0,0,,0,0,0,0,0,1,0,0
205,Gonçalo Guedes,pt POR,"MF,FW",Valencia,16.3,31,13,16,12,3,14,43,32.6,29,15,0,15,7,38,1,0
206,Javi Guerra,es ESP,"FW,MF",Rayo Vallecano,2.6,3,3,1,1,1,0,3,0,3,2,0,2,1,4,0,0
207,Francis Guerrero,es ESP,"DF,FW",Betis,19.8,51,28,25,16,10,23,41,56.1,18,15,1,14,21,72,47,4
208,Ander Guevara,es ESP,MF,Real Sociedad,1,3,1,0,3,0,2,6,33.3,4,1,0,1,1,4,0,0
209,John Guidetti,se SWE,FW,Alavés,7,4,1,0,3,1,0,4,0,4,4,0,4,1,5,6,0
210,Gerard Gumbau,es ESP,MF,Leganés,13.3,22,16,9,13,0,6,25,24,19,15,2,13,13,35,13,0
211,Serdar Gürler,tr TUR,"MF,FW",Huesca,5.4,5,5,3,2,0,3,11,27.3,8,8,0,8,1,6,2,0
212,Gorka Guruzeta,es ESP,"MF,FW",Athletic Club,0.6,1,1,1,0,0,0,2,0,2,1,0,1,2,3,0,0
213,Hacen,mr MTN,MF,Valladolid,0,0,0,0,0,0,0,0,,0,1,0,1,1,1,1,0
214,Munir El Haddadi,ma MAR,FW,Barcelona,1.7,3,3,1,1,1,1,3,33.3,2,1,0,1,0,3,1,0
215,Munir El Haddadi,ma MAR,"FW,MF",Sevilla,11.6,17,10,5,7,5,2,7,28.6,5,15,0,15,6,23,9,0
216,Uche Henry Agbo,ng NGA,MF,Rayo Vallecano,4.1,7,4,3,4,0,5,10,50,5,3,1,2,6,13,1,0
217,Mario Hermoso,es ESP,DF,Espanyol,31.2,38,24,29,7,2,21,39,53.8,18,34,25,9,37,75,175,2
218,Lucas Hernández,fr FRA,DF,Atlético Madrid,12.4,35,25,20,14,1,17,20,85,3,17,9,8,14,49,49,0
219,Theo Hernández,fr FRA,DF,Real Sociedad,22,54,33,30,15,9,28,44,63.6,16,21,5,16,33,87,42,3
220,Yangel Herrera,ve VEN,"MF,DF",Huesca,12.8,48,24,18,25,5,23,43,53.5,20,13,1,12,14,62,32,0
221,Iago Herrerín,es ESP,GK,Athletic Club,31,0,0,0,0,0,0,2,0,2,0,0,0,0,0,11,2
222,Pablo Hervías,es ESP,MF,Valladolid,1.8,1,0,0,1,0,0,1,0,1,0,0,0,2,3,0,0
223,Pablo Hervías,es ESP,MF,Eibar,2,1,1,0,1,0,0,4,0,4,2,0,2,0,1,0,0
224,Andrew Hjulsager,dk DEN,"MF,FW",Celta Vigo,4,16,10,11,2,3,2,18,11.1,16,4,0,4,2,18,1,0
225,Wesley Hoedt,nl NED,DF,Celta Vigo,9.9,17,11,15,2,0,12,17,70.6,5,17,11,6,11,28,58,3
226,Robert Ibáñez,es ESP,MF,Getafe,0.8,2,2,1,1,0,0,1,0,1,3,0,3,0,2,0,0
227,Vicente Iborra,es ESP,MF,Villarreal,18.5,31,18,22,5,4,14,37,37.8,23,25,7,18,22,53,41,1
228,Borja Iglesias,es ESP,FW,Espanyol,34.2,23,14,7,8,8,5,24,20.8,19,14,6,8,7,30,41,0
229,Asier Illarramendi,es ESP,MF,Real Sociedad,20.2,39,24,22,14,3,21,51,41.2,30,36,9,27,31,70,46,1
230,Giannelli Imbula,cd COD,MF,Rayo Vallecano,19.2,14,7,6,7,1,5,12,41.7,7,12,3,9,8,22,6,0
231,Pablo Insua,es ESP,DF,Huesca,8.6,23,10,14,9,0,8,15,53.3,7,2,0,2,12,35,40,0
232,Takashi Inui,jp JPN,"MF,FW",Alavés,9.2,9,5,6,2,1,5,18,27.8,13,5,0,5,4,13,3,0
233,Takashi Inui,jp JPN,MF,Betis,4.2,4,3,0,4,0,3,7,42.9,4,3,0,3,1,5,1,0
234,Gorka Iraizoz,es ESP,GK,Girona,6.2,1,0,1,0,0,1,1,100,0,0,0,0,1,2,7,0
235,Carlos Isaac,es ESP,DF,Atlético Madrid,1,0,0,0,0,0,0,2,0,2,2,0,2,1,1,2,0
236,Isco,es ESP,"MF,FW",Real Madrid,13.2,29,14,14,8,7,14,34,41.2,20,9,1,8,6,35,3,0
237,Manuel Iturra,cl CHI,MF,Villarreal,0.8,2,0,0,2,0,0,0,,0,1,0,1,2,4,2,0
238,Ander Iturraspe,es ESP,MF,Athletic Club,1.1,2,2,1,1,0,1,1,100,0,0,0,0,6,8,2,0
239,Ivi,es ESP,"MF,FW",Valladolid,0.2,0,0,0,0,0,0,0,,0,0,0,0,0,0,0,0
240,Adnan Januzaj,be BEL,"FW,MF",Real Sociedad,13.9,11,8,5,2,4,3,13,23.1,10,7,0,7,6,17,6,0
241,Jason,es ESP,"DF,FW",Levante,25.9,44,25,22,11,11,20,71,28.2,51,25,4,21,46,90,27,0
242,Mathias Jensen,dk DEN,"MF,FW",Celta Vigo,2.6,4,2,2,2,0,2,9,22.2,7,2,0,2,4,8,1,0
243,Jesé,es ESP,"FW,MF",Betis,8.7,7,4,3,3,1,2,8,25,6,8,0,8,1,8,1,0
244,Joaquín,es ESP,"FW,MF",Betis,18.8,10,4,4,2,4,3,7,42.9,4,13,2,11,14,24,31,1
245,Jony,es ESP,"MF,FW",Alavés,33,20,14,6,7,7,7,37,18.9,30,18,0,18,22,42,12,2
246,Joan Jordán,es ESP,MF,Eibar,31.9,63,40,16,38,9,28,80,35,52,38,4,34,32,95,18,1
247,Willian José,br BRA,FW,Real Sociedad,26.3,5,3,1,3,1,2,7,28.6,5,11,5,6,1,6,27,0
248,Aleksandar Jovanovi?,rs SRB,GK,Huesca,12,0,0,0,0,0,0,0,,0,0,0,0,1,1,3,0
249,Jozabed,es ESP,MF,Celta Vigo,12.8,19,10,8,8,3,8,24,33.3,16,8,2,6,9,28,13,2
250,Miguel Juan Llambrich,es ESP,"DF,FW",Villarreal,6,21,14,11,9,1,6,14,42.9,8,9,2,7,12,33,17,0
251,Juanfran,es ESP,"DF,FW",Leganés,16.2,20,12,13,5,2,9,16,56.3,7,9,4,5,19,39,37,0
252,Juanfran,es ESP,DF,Atlético Madrid,17.9,35,22,27,5,3,24,38,63.2,14,13,5,8,19,54,36,1
253,Juanmi,es ESP,"FW,MF",Real Sociedad,16.9,21,12,7,11,3,8,22,36.4,14,12,0,12,16,37,13,0
254,Juanpe,es ESP,DF,Girona,30.7,48,25,32,15,1,24,45,53.3,21,31,15,16,57,105,138,0
255,Juanpi,ve VEN,"MF,FW",Huesca,7.4,16,6,9,5,2,4,12,33.3,8,15,0,15,6,22,3,0
256,David Juncà,es ESP,DF,Celta Vigo,19.5,55,30,40,13,2,28,46,60.9,18,27,6,21,35,90,63,1
257,Vinicius Júnior,br BRA,"FW,MF",Real Madrid,9.7,10,6,3,6,1,3,16,18.8,13,6,1,5,7,17,1,0
258,Gaël Kakuta,cd COD,"MF,FW",Rayo Vallecano,8,12,7,5,5,2,2,10,20,8,4,1,3,9,21,9,0
259,Nikola Kalini?,hr CRO,FW,Atlético Madrid,7.1,6,4,2,4,0,1,3,33.3,2,1,0,1,2,8,2,0
260,Lee Kangin,kr KOR,"MF,FW",Valencia,0.3,2,0,1,1,0,1,3,33.3,2,0,0,0,1,3,0,0
261,Wilfrid Kaptoum,cm CMR,MF,Betis,8.6,15,6,4,10,1,5,11,45.5,6,9,1,8,10,25,6,2
262,Keko,es ESP,"MF,FW",Valladolid,17,42,18,21,15,6,18,50,36,32,20,1,19,14,56,17,0
263,Kike,es ESP,FW,Eibar,14.4,7,4,1,2,4,1,5,20,4,18,0,18,4,11,6,0
264,Simon Kjær,dk DEN,DF,Sevilla,22.3,29,19,25,3,1,9,16,56.3,7,41,34,7,27,56,136,0
265,Kenan Kodro,ba BIH,"FW,MF",Athletic Club,1.8,3,1,1,1,1,1,3,33.3,2,1,0,1,0,3,0,0
266,Koke,es ESP,MF,Atlético Madrid,28.7,84,46,41,32,11,34,86,39.5,52,25,5,20,31,115,37,1
267,Geoffrey Kondogbia,cf CTA,MF,Valencia,13.8,47,33,18,23,6,12,27,44.4,15,20,7,13,27,74,22,2
268,Vasyl Kravets,ua UKR,"DF,FW",Leganés,5.3,16,11,8,6,2,6,13,46.2,7,5,1,4,4,20,10,1
269,Toni Kroos,de GER,MF,Real Madrid,24.7,51,35,18,24,9,14,57,24.6,43,25,4,21,14,65,13,1
270,Víctor Laguardia,es ESP,DF,Alavés,36,47,34,37,10,0,24,33,72.7,9,42,19,23,53,100,232,0
271,Diego Lainez,mx MEX,"FW,MF",Betis,3.9,4,4,0,3,1,1,1,100,0,2,0,2,1,5,2,0
272,Toni Lato,es ESP,DF,Valencia,3,6,4,4,1,1,1,5,20,4,9,3,6,6,12,13,0
273,Miguel Layún,mx MEX,"MF,DF",Villarreal,5.6,8,2,0,7,1,2,6,33.3,4,8,2,6,1,9,10,0
274,Robin Le Normand,fr FRA,DF,Real Sociedad,3.2,5,2,2,3,0,1,3,33.3,2,3,0,3,4,9,13,1
275,Wu Lei,cn CHN,"FW,MF",Espanyol,11.8,13,6,5,6,2,5,16,31.3,11,9,0,9,7,20,7,0
276,Iñigo Lekue,es ESP,DF,Athletic Club,2.3,5,2,3,2,0,2,7,28.6,5,4,0,4,4,9,11,0
277,Thomas Lemar,fr FRA,MF,Atlético Madrid,20.2,38,21,23,11,4,19,42,45.2,23,26,1,25,22,60,7,1
278,Clément Lenglet,fr FRA,DF,Barcelona,21.5,47,29,26,19,2,22,36,61.1,14,30,20,10,21,68,70,0
279,Pedro León,es ESP,"MF,FW",Eibar,4.7,7,4,2,2,3,4,7,57.1,3,10,0,10,4,11,2,0
280,Sergio León,es ESP,"FW,MF",Betis,7.1,4,2,2,1,1,2,8,25,6,4,0,4,2,6,6,0
281,Diego Llorente,es ESP,DF,Real Sociedad,19.5,26,15,16,8,2,17,29,58.6,12,27,15,12,26,52,83,2
282,Marcos Llorente,es ESP,MF,Real Madrid,6,16,12,7,7,2,8,18,44.4,10,8,0,8,7,23,12,0
283,Giovani Lo Celso,ar ARG,"MF,FW",Betis,26.6,52,31,16,28,8,9,35,25.7,26,24,1,23,17,69,8,0
284,Stanislav Lobotka,sk SVK,MF,Celta Vigo,27.7,30,19,10,17,3,9,32,28.1,23,15,1,14,26,56,18,1
285,Samuele Longo,it ITA,FW,Huesca,6.2,4,3,2,2,0,0,6,0,6,4,0,4,1,5,7,0
286,Alejandro López,es ESP,MF,Espanyol,1.2,3,1,1,2,0,2,3,66.7,1,0,0,0,3,6,1,0
287,David López,es ESP,DF,Espanyol,20.2,27,18,15,10,2,10,22,45.5,12,18,12,6,28,55,65,2
288,Diego López,es ESP,GK,Espanyol,38,0,0,0,0,0,0,0,,0,0,0,0,2,2,9,3
289,Javi López,es ESP,DF,Espanyol,21.6,63,40,37,22,4,28,60,46.7,32,27,5,22,40,103,90,0
290,Lluis López,es ESP,DF,Espanyol,5.8,5,3,4,1,0,3,6,50,3,6,2,4,7,12,21,0
291,Pedro López Muñoz,es ESP,DF,Levante,5.2,5,3,5,0,0,3,7,42.9,4,8,3,5,8,13,7,0
292,Pau López,es ESP,GK,Betis,33,0,0,0,0,0,0,2,0,2,1,0,1,2,2,17,2
293,Roberto López,es ESP,MF,Real Sociedad,0.3,0,0,0,0,0,0,1,0,1,1,0,1,1,1,2,0
294,Unai López,es ESP,MF,Athletic Club,3.6,7,5,3,2,2,2,12,16.7,10,10,3,7,1,8,2,0
295,Anthony Lozano,hn HON,"FW,MF",Girona,8.1,6,5,3,3,0,0,6,0,6,7,1,6,0,6,6,0
296,Filipe Luís,br BRA,DF,Atlético Madrid,22.6,66,36,33,25,8,32,58,55.2,26,18,3,15,44,110,47,0
297,José Luis Gayà,es ESP,DF,Valencia,34.9,83,59,56,20,7,46,80,57.5,34,48,6,42,43,126,105,1
298,José Luis Morales,es ESP,"FW,MF",Levante,35.5,21,15,6,10,5,8,49,16.3,41,22,1,21,12,33,17,0
299,Luisinho,pt POR,DF,Huesca,5.6,14,10,9,5,0,10,17,58.8,7,6,1,5,16,30,17,0
300,Douglas Luiz,br BRA,MF,Girona,16.6,34,19,13,20,1,9,38,23.7,29,19,7,12,21,55,26,0
301,Antonio Luna,es ESP,"DF,FW",Levante,14,14,10,6,7,1,6,23,26.1,17,22,7,15,15,29,48,1
302,Andriy Lunin,ua UKR,GK,Leganés,4.1,0,0,0,0,0,0,0,,0,0,0,0,0,0,0,0
303,Nemanja Maksimovi?,rs SRB,MF,Getafe,35.7,77,45,21,51,5,21,61,34.4,40,60,15,45,71,148,33,0
304,Malcom,br BRA,"FW,MF",Barcelona,6.8,3,2,0,1,2,2,3,66.7,1,7,0,7,1,4,1,0
305,Hugo Mallo,es ESP,DF,Celta Vigo,34.4,73,41,41,27,5,27,52,51.9,25,44,13,31,50,123,135,1
306,Aïssa Mandi,dz ALG,DF,Betis,34,52,34,27,20,5,12,29,41.4,17,39,23,16,41,93,71,2
307,Martín Mantovani,ar ARG,DF,Huesca,7.8,15,9,12,3,0,6,11,54.5,5,4,3,1,22,37,48,0
308,Fran Manzanara,es ESP,"DF,MF",Levante,1.7,7,5,3,3,1,4,4,100,0,3,2,1,1,8,7,0
309,Marcelo,br BRA,DF,Real Madrid,20.6,34,19,17,12,5,15,39,38.5,24,19,2,17,17,51,21,0
310,Óscar de Marcos,es ESP,"DF,FW",Athletic Club,26.9,60,32,34,17,9,29,62,46.8,33,29,4,25,27,87,62,0
311,Miguel Marí,es ESP,MF,Eibar,0.8,0,0,0,0,0,0,2,0,2,0,0,0,1,1,2,0
312,José María Giménez,uy URU,DF,Atlético Madrid,19.7,26,15,20,6,0,13,26,50,13,27,14,13,44,70,128,2
313,Mariano,do DOM,FW,Real Madrid,5,2,1,1,1,0,0,3,0,3,2,0,2,0,2,2,0
314,Adrián Marín,es ESP,"DF,MF",Alavés,3.2,13,8,8,5,0,4,7,57.1,3,1,0,1,7,20,13,0
315,Guillermo Maripán,cl CHI,DF,Alavés,22.3,46,26,34,12,0,26,38,68.4,12,35,19,16,40,86,133,2
316,Roger Martí,es ESP,FW,Levante,21,8,6,1,4,3,1,19,5.3,18,14,1,13,4,12,9,0
317,Iñigo Martínez,es ESP,DF,Athletic Club,32.2,53,26,36,16,1,23,37,62.2,14,24,14,10,69,122,144,0
318,Gelson Martins,pt POR,"FW,MF",Atlético Madrid,2.5,5,3,3,1,1,3,4,75,1,1,0,1,1,6,1,0
319,Jordi Masip,es ESP,GK,Valladolid,35,1,1,1,0,0,0,0,,0,1,0,1,1,2,3,3
320,Jaime Mata,es ESP,"FW,MF",Getafe,27,30,21,8,14,8,7,26,26.9,19,14,0,14,17,47,27,0
321,Borja Mayoral,es ESP,FW,Levante,18,9,4,1,6,2,5,16,31.3,11,10,1,9,5,14,5,0
322,Róbert Mazá?,sk SVK,DF,Celta Vigo,1,3,3,3,0,0,2,2,100,0,2,0,2,3,6,0,0
323,Álvaro Medrán,es ESP,MF,Rayo Vallecano,12.8,15,8,5,6,4,6,21,28.6,15,10,1,9,17,32,9,0
324,Óscar Melendo,es ESP,"MF,FW",Espanyol,22.2,17,8,7,6,4,10,26,38.5,16,17,1,16,13,30,9,0
325,Gonzalo Melero,es ESP,MF,Huesca,14.9,26,23,5,19,2,11,48,22.9,37,14,4,10,2,28,23,0
326,Arthur Melo,br BRA,MF,Barcelona,15.9,15,10,5,6,4,6,13,46.2,7,8,0,8,9,24,9,1
327,Brais Méndez,es ESP,"MF,FW",Celta Vigo,26.1,61,31,23,29,9,14,53,26.4,39,32,3,29,24,85,24,0
328,Gabriel Mercado,ar ARG,DF,Sevilla,19.3,35,23,21,12,2,18,36,50,18,24,12,12,26,61,75,1
329,Mikel Merino,es ESP,MF,Real Sociedad,22.8,50,28,19,25,6,14,52,26.9,38,37,2,35,29,79,37,1
330,Sabin Merino,es ESP,"FW,MF",Leganés,3.3,1,1,0,0,1,1,1,100,0,1,0,1,0,1,4,0
331,Martín Merquelanz,es ESP,MF,Real Sociedad,0.1,0,0,0,0,0,0,0,,0,0,0,0,0,0,0,0
332,Roque Mesa,es ESP,MF,Sevilla,19.4,46,27,16,22,8,15,38,39.5,23,16,0,16,14,60,12,4
333,Lionel Messi,ar ARG,FW,Barcelona,30.1,12,7,5,3,4,1,17,5.9,16,10,0,10,3,15,1,0
334,Míchel,es ESP,MF,Valladolid,28.4,60,38,25,31,4,18,73,24.7,55,40,4,36,43,103,30,1
335,Miguel,es ESP,FW,Valladolid,0.1,0,0,0,0,0,0,1,0,1,0,0,0,1,1,0,0
336,Pere Milla,es ESP,"MF,FW",Eibar,3.8,7,6,1,5,1,0,5,0,5,4,1,3,2,9,1,0
337,Santi Mina,es ESP,FW,Valencia,20.6,17,10,1,15,1,3,25,12,22,19,2,17,4,21,20,0
338,Ignasi Miquel,es ESP,DF,Getafe,3.5,1,0,0,1,0,1,2,50,1,4,4,0,5,6,25,0
339,Jorge Miramón,es ESP,DF,Huesca,27.7,73,55,49,17,7,34,53,64.2,19,34,11,23,44,117,65,1
340,Luka Modric,hr CRO,MF,Real Madrid,29,49,30,11,25,13,14,48,29.2,34,20,3,17,31,80,7,1
341,Johan Mojica,co COL,"FW,MF",Girona,0.2,1,1,1,0,0,0,0,,0,0,0,0,0,1,0,0
342,Jorge Molina,es ESP,FW,Getafe,29.4,12,9,1,4,7,2,15,13.3,13,22,0,22,7,19,26,1
343,Victor Mollejo,es ESP,"FW,DF",Atlético Madrid,0.7,0,0,0,0,0,0,2,0,2,0,0,0,0,0,0,0
344,Francisco Montero,es ESP,DF,Atlético Madrid,4.5,8,4,5,3,0,5,6,83.3,1,10,4,6,5,13,18,1
345,Emre Mor,tr TUR,"FW,MF",Celta Vigo,4.1,7,4,1,3,3,2,7,28.6,5,5,0,5,3,10,1,0
346,Álvaro Morata,es ESP,FW,Atlético Madrid,12,20,14,2,7,11,3,10,30,7,7,0,7,5,25,13,0
347,Álex Moreno,es ESP,DF,Rayo Vallecano,34.8,63,40,41,18,4,29,53,54.7,24,35,9,26,41,104,97,0
348,Gerard Moreno,es ESP,FW,Villarreal,25.7,22,12,2,15,5,8,27,29.6,19,23,9,14,9,31,39,0
349,Héctor Moreno,mx MEX,DF,Real Sociedad,21.5,16,9,12,4,0,9,17,52.9,8,34,19,15,31,47,73,0
350,Sergio Moreno,es ESP,FW,Rayo Vallecano,0.2,0,0,0,0,0,0,0,,0,0,0,0,0,0,0,0
351,Manu Morlanes,es ESP,MF,Villarreal,6.8,21,11,9,9,3,7,19,36.8,12,7,3,4,5,26,9,0
352,Loren Morón,es ESP,FW,Betis,21.7,18,12,4,11,3,6,27,22.2,21,24,1,23,6,24,18,0
353,Toni Moya,es ESP,DF,Atlético Madrid,1,2,2,2,0,0,0,1,0,1,0,0,0,0,2,3,0
354,Javi Moyano,es ESP,DF,Valladolid,23.3,25,17,17,6,2,15,30,50,15,20,9,11,25,50,88,2
355,Iker Muniain,es ESP,"MF,FW",Athletic Club,26.5,29,20,10,14,5,6,29,20.7,23,17,3,14,12,41,6,0
356,Marc Muniesa,es ESP,"DF,MF",Girona,15.6,49,34,27,17,5,15,28,53.6,13,18,6,12,37,86,49,1
357,Aihen Muñoz,es ESP,DF,Real Sociedad,10.6,13,8,11,2,0,10,19,52.6,9,19,9,10,7,20,26,0
358,Ezequiel Muñoz,ar ARG,DF,Leganés,2.3,3,2,1,2,0,0,0,,0,3,1,2,1,4,10,0
359,Joaquín Muñoz,es ESP,FW,Atlético Madrid,0,0,0,0,0,0,0,0,,0,0,0,0,0,0,0,0
360,Luis Muriel,co COL,"MF,FW",Sevilla,1.4,0,0,0,0,0,0,6,0,6,3,0,3,0,0,1,0
361,Jeison Murillo,co COL,DF,Barcelona,1.3,2,2,1,1,0,0,3,0,3,0,0,0,0,2,5,1
362,Jeison Murillo,co COL,DF,Valencia,1,2,1,1,1,0,1,2,50,1,1,0,1,2,4,6,0
363,Damián Musto,ar ARG,"MF,DF",Huesca,18.7,52,34,22,27,3,16,33,48.5,17,30,11,19,34,86,54,1
364,Nacho,es ESP,DF,Valladolid,35,110,66,73,30,7,67,100,67,33,43,10,33,45,155,113,2
365,Nacho,es ESP,DF,Real Madrid,18.9,26,19,14,7,5,11,22,50,11,19,7,12,32,58,65,1
366,Naldo,br BRA,DF,Espanyol,15.1,18,10,9,5,4,6,10,60,4,19,13,6,26,44,112,1
367,Ximo Navarro,es ESP,DF,Alavés,28.1,57,35,44,12,1,32,45,71.1,13,25,11,14,47,104,143,1
368,Jesús Navas,es ESP,"DF,FW",Sevilla,30.1,28,21,15,11,2,16,24,66.7,8,23,5,18,29,57,62,0
369,Keylor Navas,cr CRC,GK,Real Madrid,10,0,0,0,0,0,0,0,,0,0,0,0,1,1,5,0
370,Raúl Navas,es ESP,DF,Real Sociedad,14.6,23,14,20,3,0,13,21,61.9,8,20,9,11,20,43,60,1
371,Neto,br BRA,GK,Valencia,34,2,0,2,0,0,2,3,66.7,1,0,0,0,1,3,9,3
372,Saúl Ñíguez,es ESP,"MF,DF",Atlético Madrid,32.5,83,56,35,41,7,32,81,39.5,49,57,10,47,42,125,86,1
373,Peru Nolaskoain,es ESP,DF,Athletic Club,5.2,11,8,7,4,0,5,9,55.6,4,11,6,5,10,21,18,0
374,Nolito,es ESP,"FW,DF",Sevilla,0.8,3,2,1,1,1,1,2,50,1,2,0,2,0,3,1,0
375,Unai Núñez,es ESP,DF,Athletic Club,11.8,15,11,11,4,0,7,11,63.6,4,20,12,8,28,43,60,2
376,Allan Nyom,cm CMR,"DF,FW",Leganés,19,32,24,20,10,2,12,17,70.6,5,7,2,5,20,52,35,0
377,Jan Oblak,si SVN,GK,Atlético Madrid,37,1,0,1,0,0,1,1,100,0,0,0,0,1,2,13,1
378,Álvaro Odriozola,es ESP,DF,Real Madrid,13.1,28,25,13,11,4,14,18,77.8,4,11,1,10,11,39,17,1
379,Dani Ojeda,es ESP,"MF,DF",Leganés,2.1,3,2,2,0,1,1,3,33.3,2,2,0,2,2,5,2,0
380,Lucas Olaza,uy URU,DF,Celta Vigo,10,29,18,19,8,2,14,18,77.8,4,13,6,7,8,37,18,0
381,Oier Olazábal,es ESP,GK,Levante,21,1,1,1,0,0,1,2,50,1,1,0,1,1,2,15,2
382,Kiko Olivas,es ESP,DF,Valladolid,34.4,51,38,35,15,1,22,48,45.8,26,31,18,13,46,97,173,2
383,Paulo Oliveira,pt POR,DF,Eibar,24.9,49,39,33,16,0,28,44,63.6,16,25,10,15,36,85,116,0
384,Mathías Olivera,uy URU,"DF,MF",Getafe,11.2,24,17,11,8,5,10,18,55.6,8,25,2,23,10,34,22,0
385,Kenneth Omeruo,ng NGA,DF,Leganés,27,49,27,41,8,0,20,29,69,9,23,11,12,37,86,159,3
386,Fabián Orellana,cl CHI,"MF,FW",Eibar,30.4,44,21,14,16,14,9,42,21.4,33,17,0,17,19,63,4,0
387,Mikel Oyarzabal,es ESP,"FW,MF",Real Sociedad,35,36,20,15,15,6,12,49,24.5,37,54,3,51,14,50,26,0
388,Fernando Pacheco,es ESP,GK,Alavés,35,0,0,0,0,0,0,1,0,1,0,0,0,1,1,23,0
389,Rubén Pardo,es ESP,"MF,FW",Real Sociedad,15.2,11,7,2,9,0,4,17,23.5,13,14,6,8,21,32,9,0
390,Daniel Parejo,es ESP,MF,Valencia,34,73,42,41,24,8,31,90,34.4,59,41,7,34,46,119,26,2
391,Thomas Partey,gh GHA,MF,Atlético Madrid,23,66,42,32,25,9,21,49,42.9,28,26,5,21,49,115,22,2
392,Gabriel Paulista,br BRA,DF,Valencia,29.1,29,16,20,6,3,14,28,50,14,37,21,16,70,99,162,1
393,Alfonso Pedraza,es ESP,"DF,FW",Villarreal,23.3,59,44,34,19,6,22,62,35.5,40,33,7,26,29,88,55,0
394,Pedrosa,es ESP,DF,Espanyol,8.5,14,9,11,2,1,7,14,50,7,10,4,6,8,22,27,0
395,Rubén Peña,es ESP,DF,Eibar,29.7,63,46,24,27,12,24,53,45.3,29,37,9,28,35,98,57,0
396,Carles Pérez,es ESP,FW,Barcelona,0.2,0,0,0,0,0,0,0,,0,1,0,1,0,0,0,0
397,Hernán Pérez,py PAR,"FW,MF",Espanyol,8.8,13,10,8,3,2,6,27,22.2,21,14,3,11,5,18,13,0
398,Rubén Pérez,es ESP,MF,Leganés,27.5,71,42,27,40,4,32,80,40,48,35,8,27,40,111,34,1
399,Pablo Piatti,ar ARG,"FW,MF",Espanyol,8.3,21,15,8,10,3,8,16,50,8,15,0,15,2,23,8,0
400,Cristiano Piccini,it ITA,DF,Valencia,20.8,32,23,25,7,0,13,26,50,13,27,7,20,27,59,64,1
401,Tomás Pina Isla,es ESP,MF,Alavés,26,64,41,23,36,5,18,46,39.1,28,15,4,11,41,105,43,1
402,Gerard Piqué,es ESP,DF,Barcelona,35,42,27,25,17,0,24,37,64.9,13,41,27,14,36,78,154,5
403,Carles Planas,es ESP,DF,Girona,4.7,12,6,7,5,0,4,11,36.4,7,2,0,2,4,16,15,0
404,Óscar Plano,es ESP,"MF,FW",Valladolid,29.9,63,45,23,28,12,14,48,29.2,34,19,3,16,22,85,28,1
405,Stiven Plaza,ec ECU,"FW,MF",Valladolid,0.4,0,0,0,0,0,0,0,,0,0,0,0,0,0,0,0
406,Pere Pons,es ESP,MF,Girona,31,83,46,34,38,11,30,82,36.6,52,48,12,36,35,118,39,0
407,Pedro Porro,es ESP,DF,Girona,24.6,51,31,28,16,7,32,80,40,48,36,2,34,39,90,60,1
408,Francisco Portillo,es ESP,MF,Getafe,22.2,26,16,6,15,5,9,29,31,20,14,0,14,17,43,9,0
409,Portu,es ESP,"FW,MF",Girona,31.3,33,24,8,15,10,12,43,27.9,31,16,1,15,8,41,5,0
410,Sergio Postigo,es ESP,DF,Levante,16.1,25,15,22,3,0,15,19,78.9,4,21,12,9,20,45,77,0
411,José Pozo,es ESP,MF,Rayo Vallecano,18,13,10,4,5,4,4,25,16,21,7,1,6,4,17,6,0
412,Sanjin Prci?,ba BIH,MF,Levante,5.9,18,13,7,9,2,5,11,45.5,6,11,7,4,11,29,11,1
413,Quincy Promes,nl NED,"FW,DF",Sevilla,17.6,35,25,23,9,3,15,22,68.2,7,19,3,16,25,60,22,1
414,Javi Puado,es ESP,"FW,MF",Espanyol,4,2,1,0,2,0,0,7,0,7,5,1,4,6,8,4,0
415,Riqui Puig,es ESP,MF,Barcelona,1.7,3,3,0,2,1,2,3,66.7,1,0,0,0,0,3,1,0
416,Jorge Pulido,es ESP,DF,Huesca,30.9,63,42,40,19,4,32,51,62.7,19,39,18,21,50,113,158,0
417,Xavi Quintillà,es ESP,DF,Villarreal,7,10,4,5,4,1,6,12,50,6,5,2,3,8,18,17,0
418,Dani Raba,es ESP,"MF,FW",Villarreal,2.1,6,5,1,2,3,1,5,20,4,1,0,1,1,7,0,0
419,Rafinha,br BRA,"FW,MF",Barcelona,2.5,8,6,2,3,3,2,2,100,0,5,1,4,1,9,2,0
420,Ivan Rakitic,hr CRO,MF,Barcelona,29.4,30,24,10,14,6,12,37,32.4,25,32,8,24,51,81,33,0
421,Jonás Ramalho,es ESP,DF,Girona,18,13,6,12,1,0,8,14,57.1,6,24,11,13,16,29,80,1
422,Sandro Ramírez,es ESP,"FW,MF",Real Sociedad,11.7,19,10,7,10,2,4,11,36.4,7,12,1,11,9,28,3,0
423,Iván Ramis,es ESP,DF,Eibar,18.6,23,13,10,11,2,17,23,73.9,6,10,5,5,18,41,65,2
424,Chris Ramos,es ESP,FW,Valladolid,0.7,1,1,0,0,1,1,1,100,0,0,0,0,0,1,1,0
425,Sergio Ramos,es ESP,DF,Real Madrid,27.5,41,32,25,12,4,22,39,56.4,17,29,15,14,37,78,90,2
426,Recio,es ESP,MF,Leganés,14.3,30,21,14,13,3,6,24,25,18,14,2,12,14,44,14,0
427,Sergio Reguilón,es ESP,DF,Real Madrid,12.4,25,14,15,9,1,10,21,47.6,11,13,3,10,20,45,41,1
428,Diego Reyes,mx MEX,DF,Leganés,3.6,7,4,4,3,0,3,4,75,1,4,4,0,7,14,17,1
429,Mikel Rico,es ESP,MF,Athletic Club,2.7,5,2,1,4,0,2,7,28.6,5,3,2,1,2,7,3,0
430,Asier Riesgo,es ESP,GK,Eibar,14,1,1,1,0,0,1,3,33.3,2,0,0,0,0,1,8,1
431,Cristian Rivera,es ESP,MF,Huesca,18.8,38,25,18,19,1,11,25,44,14,21,4,17,31,69,31,0
432,Rober,es ESP,DF,Levante,31.7,41,29,33,6,2,24,48,50,24,52,36,16,51,92,129,2
433,Sergi Roberto,es ESP,"DF,MF",Barcelona,23.2,28,20,15,9,4,16,24,66.7,8,18,3,15,43,71,31,0
434,Patrick Roberts,eng ENG,"MF,FW",Girona,6.7,7,6,5,2,0,3,15,20,12,5,0,5,3,10,2,1
435,Joel Robles,es ESP,GK,Betis,5,1,0,1,0,0,1,1,100,0,0,0,0,0,1,5,1
436,Marc Roca,es ESP,MF,Espanyol,34.6,71,45,36,26,9,28,70,40,42,43,21,22,36,107,60,3
437,Rubén Rochina,es ESP,MF,Levante,20,51,33,26,16,9,23,81,28.4,58,29,0,29,21,72,19,1
438,Rodri,es ESP,MF,Atlético Madrid,30.4,103,70,45,50,8,39,75,52,36,35,11,24,41,144,68,0
439,Rodrigo,es ESP,FW,Valencia,28.1,21,10,6,9,6,3,17,17.6,14,17,1,16,3,24,18,0
440,Kévin Rodrigues,pt POR,DF,Real Sociedad,5.4,21,11,14,6,1,9,17,52.9,8,13,3,10,8,29,15,0
441,Ángel Rodríguez,es ESP,FW,Getafe,20.2,16,7,1,6,9,6,26,23.1,20,15,1,14,8,24,8,0
442,Óscar Rodríguez Arnaiz,es ESP,MF,Leganés,27.8,46,25,26,15,5,16,58,27.6,42,12,2,10,16,62,16,0
443,Marko Rog,hr CRO,MF,Sevilla,4,12,11,4,8,0,5,9,55.6,4,4,0,4,8,20,1,0
444,Diego Rolán,uy URU,"MF,FW",Leganés,2.4,6,4,3,3,0,2,9,22.2,7,2,0,2,3,9,3,0
445,Diego Rolán,uy URU,"MF,FW",Alavés,3.3,7,4,3,1,3,0,2,0,2,1,0,1,1,8,4,0
446,Facundo Roncaglia,ar ARG,DF,Valencia,6.7,13,10,8,5,0,4,6,66.7,2,4,2,2,10,23,22,0
447,Facundo Roncaglia,ar ARG,DF,Celta Vigo,11.9,34,22,26,8,0,17,24,70.8,7,12,5,7,20,54,51,2
448,Roberto Rosales,ve VEN,DF,Espanyol,19.4,48,31,22,16,10,21,44,47.7,23,19,7,12,22,70,68,0
449,Waldo Rubio,es ESP,MF,Valladolid,5.5,4,2,3,1,0,1,6,16.7,5,2,0,2,1,5,8,1
450,Abel Ruiz,es ESP,FW,Barcelona,0.2,1,1,1,0,0,1,1,100,0,0,0,0,0,1,0,0
451,Víctor Ruiz,es ESP,DF,Villarreal,21.9,28,19,20,6,2,13,18,72.2,5,28,16,12,38,66,67,1
452,Gerónimo Rulli,ar ARG,GK,Real Sociedad,27,2,1,2,0,0,1,3,33.3,2,1,0,1,1,3,12,6
453,Samuel Sáiz,es ESP,MF,Getafe,3.4,4,3,0,3,1,2,5,40,3,1,0,1,0,4,2,0
454,Mikel San José,es ESP,MF,Athletic Club,19.3,43,25,19,19,5,15,48,31.3,33,27,6,21,21,64,35,0
455,Antonio Sanabria,py PAR,FW,Betis,9,8,6,0,5,3,1,6,16.7,5,8,2,6,3,11,4,0
456,Javi Sánchez,es ESP,DF,Real Madrid,0.5,1,0,1,0,0,0,0,,0,0,0,0,0,1,4,0
457,Víctor Sánchez,es ESP,MF,Espanyol,14.1,45,30,21,17,7,14,67,20.9,53,17,2,15,25,70,25,0
458,Luca Sangalli,es ESP,"MF,FW",Real Sociedad,11.1,19,13,6,11,2,5,22,22.7,17,9,1,8,5,24,5,0
459,Nicola Sansone,it ITA,"FW,MF",Villarreal,0.4,0,0,0,0,0,0,0,,0,0,0,0,0,0,0,0
460,Roberto Santamaría,es ESP,GK,Huesca,20,0,0,0,0,0,0,0,,0,0,0,0,1,1,12,1
461,Michael Santos,uy URU,"FW,MF",Leganés,6.2,12,5,1,7,4,2,7,28.6,5,7,1,6,1,13,1,0
462,Pablo Sarabia,es ESP,"MF,FW",Sevilla,30.3,30,15,6,15,9,6,47,12.8,41,30,3,27,22,52,20,0
463,Lluís Sastre,es ESP,MF,Huesca,1.3,5,3,0,5,0,0,1,0,1,0,0,0,1,6,0,0
464,Stefan Savi?,me MNE,DF,Atlético Madrid,15.5,11,10,9,2,0,7,12,58.3,5,13,9,4,22,33,67,0
465,Alfa Semedo,gw GNB,MF,Espanyol,0.5,0,0,0,0,0,0,3,0,3,1,1,0,2,2,0,0
466,Nélson Semedo,pt POR,DF,Barcelona,17.8,38,27,23,12,3,12,18,66.7,6,23,7,16,22,60,26,0
467,Rúben Semedo,pt POR,DF,Huesca,9.4,20,16,14,6,0,12,16,75,4,15,9,6,16,36,35,2
468,Paik Seung-ho,kr KOR,"FW,MF",Girona,0.7,0,0,0,0,0,0,1,0,1,1,0,1,3,3,1,0
469,Gaku Shibasaki,jp JPN,"MF,FW",Getafe,4.3,7,3,2,4,1,3,6,50,3,2,0,2,3,10,4,0
470,Sidnei,br BRA,DF,Betis,19.4,48,29,33,12,3,18,34,52.9,16,21,8,13,41,89,57,0
471,André Silva,pt POR,FW,Sevilla,24,8,5,1,4,3,1,11,9.1,10,17,1,16,3,11,32,0
472,Jonathan Silva,ar ARG,"DF,FW",Leganés,30,51,38,30,17,4,23,52,44.2,29,23,2,21,29,80,86,0
473,Moses Simon,ng NGA,"DF,MF",Levante,8.7,14,8,10,2,2,5,9,55.6,4,10,1,9,12,26,14,0
474,Unai Simón,es ESP,GK,Athletic Club,7,0,0,0,0,0,0,1,0,1,0,0,0,1,1,1,1
475,Dimitris Siovas,gr GRE,DF,Leganés,32.9,57,32,38,18,1,27,47,57.4,20,32,15,17,65,122,155,1
476,Pione Sisto,dk DEN,"FW,MF",Celta Vigo,9.4,4,3,4,0,0,0,9,0,9,5,0,5,3,7,3,0
477,Antonio Sivera,es ESP,GK,Alavés,3,0,0,0,0,0,0,0,,0,0,0,0,0,0,4,1
478,Rubén Sobrino,es ESP,"FW,MF",Alavés,10.7,16,11,7,6,3,5,13,38.5,8,16,1,15,2,18,13,0
479,Rubén Sobrino,es ESP,"FW,MF",Valencia,2.1,6,3,1,4,1,1,1,100,0,1,1,0,1,7,1,0
480,Alex Sola,es ESP,DF,Real Sociedad,1,4,3,0,3,1,3,4,75,1,0,0,0,1,5,2,0
481,Andrés Solano,co COL,DF,Atlético Madrid,0.5,4,3,2,2,0,2,2,100,0,1,0,1,0,4,1,0
482,Carlos Soler,es ESP,MF,Valencia,27.3,41,28,15,23,3,16,65,24.6,49,46,6,40,19,60,37,0
483,Kévin Soni,cm CMR,"FW,DF",Girona,0.9,3,2,0,2,1,2,4,50,2,3,0,3,1,4,0,0
484,David Soria,es ESP,GK,Getafe,37,1,0,1,0,0,1,2,50,1,2,0,2,1,2,15,6
485,Juan Soriano,es ESP,GK,Sevilla,4,0,0,0,0,0,0,0,,0,0,0,0,1,1,1,0
486,Cristhian Stuani,uy URU,FW,Girona,30.3,23,13,7,13,3,5,20,25,15,13,1,12,4,27,39,0
487,Damián Suárez,uy URU,DF,Getafe,36,96,62,43,41,12,53,120,44.2,67,47,6,41,46,142,57,2
488,Denis Suárez,es ESP,"MF,DF",Barcelona,0.2,0,0,0,0,0,0,0,,0,1,0,1,0,0,0,0
489,Leonardo Suárez,ar ARG,"FW,MF",Valladolid,5.7,3,3,2,0,1,2,4,50,2,7,1,6,1,4,4,0
490,Luis Suárez,uy URU,FW,Barcelona,31.4,18,11,1,6,11,4,10,40,6,12,4,8,8,26,24,0
491,Mario Suárez,es ESP,MF,Rayo Vallecano,11.4,37,23,17,17,3,15,28,53.6,13,10,3,7,14,51,17,2
492,Markel Susaeta,es ESP,"FW,MF",Athletic Club,15.3,17,10,4,6,7,3,23,13,20,10,1,9,12,29,5,0
493,Rodrigo Tarín,es ESP,DF,Leganés,15.9,22,14,15,5,2,7,10,70,3,11,5,6,31,53,79,0
494,Cristian Tello,es ESP,"DF,FW",Betis,17.5,32,20,18,9,5,17,35,48.6,18,19,0,19,16,48,17,1
495,Marc-André ter Stegen,de GER,GK,Barcelona,35,0,0,0,0,0,0,3,0,3,0,0,0,2,2,5,2
496,David Timor,es ESP,MF,Girona,1.8,2,2,1,1,0,0,1,0,1,1,1,0,3,5,3,0
497,Tito,es ESP,DF,Rayo Vallecano,12.2,14,9,12,2,0,7,22,31.8,15,22,2,20,17,31,41,0
498,Jean-Clair Todibo,fr FRA,DF,Barcelona,1.7,7,2,4,3,0,5,6,83.3,1,1,0,1,3,10,8,0
499,Karl Toko Ekambi,cm CMR,"FW,MF",Villarreal,23.8,11,8,1,6,4,2,14,14.3,12,8,0,8,11,22,9,1
500,Raúl de Tomás,es ESP,FW,Rayo Vallecano,31.3,8,3,0,7,1,0,12,0,12,18,4,14,9,17,45,0
501,Toño,es ESP,"DF,FW",Levante,19.6,17,13,12,3,2,10,21,47.6,11,20,5,15,14,31,42,0
502,Daniel Torres,co COL,MF,Alavés,0.8,2,1,2,0,0,0,3,0,3,0,0,0,2,4,0,0
503,Ferrán Torres,es ESP,MF,Valencia,9.4,15,8,4,8,3,5,11,45.5,6,10,1,9,10,25,9,0
504,Óscar Trejo,ar ARG,"MF,FW",Rayo Vallecano,19.6,57,41,21,25,11,8,33,24.2,25,24,2,22,18,75,15,0
505,Manu Trigueros,es ESP,MF,Villarreal,17.2,46,35,18,23,5,20,57,35.1,37,17,6,11,16,62,17,0
506,Patrick Twumasi,gh GHA,"MF,FW",Alavés,1.9,3,3,2,0,1,0,4,0,4,2,0,2,1,4,1,0
507,Samuel Umtiti,fr FRA,DF,Barcelona,13.2,8,5,3,4,1,4,6,66.7,2,10,8,2,18,26,28,2
508,Enes Ünal,tr TUR,FW,Valladolid,23.9,17,10,3,4,10,4,24,16.7,20,17,4,13,2,19,18,0
509,Tomáš Vaclík,cz CZE,GK,Sevilla,33,0,0,0,0,0,0,1,0,1,0,0,0,0,0,9,6
510,Valery,es ESP,"DF,FW",Girona,9.9,20,15,13,6,1,10,17,58.8,7,15,1,14,8,28,10,0
511,Jesús Vallejo,es ESP,DF,Real Madrid,3.5,6,5,4,2,0,5,6,83.3,1,4,4,0,7,13,12,0
512,Federico Valverde,uy URU,MF,Real Madrid,7.3,12,8,3,7,2,5,11,45.5,6,10,2,8,21,33,10,0
513,Raphaël Varane,fr FRA,DF,Real Madrid,30.6,33,18,25,7,1,15,19,78.9,4,21,9,12,32,65,141,1
514,Franco Vázquez,ar ARG,MF,Sevilla,25.3,51,37,21,21,9,23,66,34.8,43,25,2,23,23,74,27,1
515,Kevin Vázquez,es ESP,DF,Celta Vigo,2.4,6,5,5,0,1,4,7,57.1,3,8,3,5,2,8,9,0
516,Lucas Vázquez,es ESP,"FW,MF",Real Madrid,16.8,43,26,11,21,11,15,41,36.6,26,16,1,15,12,55,11,0
517,Koke Vegas,es ESP,GK,Levante,1,0,0,0,0,0,0,0,,0,0,0,0,0,0,0,0
518,Emiliano Velázquez,uy URU,DF,Rayo Vallecano,14.2,49,32,38,9,2,20,34,58.8,14,29,7,22,47,96,106,1
519,Daniele Verde,it ITA,"MF,FW",Valladolid,7.3,6,3,2,2,2,1,6,16.7,5,3,0,3,7,13,3,1
520,Thomas Vermaelen,be BEL,DF,Barcelona,6.5,6,4,3,3,0,3,7,42.9,4,4,2,2,6,12,21,0
521,Mikel Vesga,es ESP,MF,Leganés,23,50,32,27,15,8,20,82,24.4,62,42,4,38,39,89,26,0
522,Rúben Vezo,pt POR,DF,Levante,14.9,26,17,17,8,1,14,22,63.6,8,23,20,3,19,45,88,0
523,Rúben Vezo,pt POR,DF,Valencia,2.2,2,1,2,0,0,2,4,50,2,2,1,1,2,4,10,0
524,Aleix Vidal,es ESP,"DF,MF",Sevilla,5.9,13,11,5,5,3,5,14,35.7,9,5,0,5,4,17,12,0
525,Arturo Vidal,cl CHI,MF,Barcelona,21.4,78,44,32,37,9,30,69,43.5,39,46,5,41,29,107,23,1
526,Carlos Vigaray,es ESP,DF,Alavés,7.2,15,8,10,4,1,9,15,60,6,6,1,5,6,21,24,1
527,Dídac Vilà,es ESP,DF,Espanyol,26.2,67,31,33,26,8,31,58,53.4,27,41,12,29,53,120,94,1
528,Toni Villa,es ESP,"MF,FW",Valladolid,19.6,51,32,24,18,9,20,47,42.6,27,15,0,15,12,63,10,0
529,Vitolo,es ESP,"MF,FW",Atlético Madrid,8.4,17,13,8,6,3,6,19,31.6,13,8,1,7,10,27,6,0
530,Nikola Vukcevic,me MNE,MF,Levante,7.4,25,18,12,9,4,9,24,37.5,15,15,5,10,10,35,17,0
531,Moussa Wagué,sn SEN,"DF,FW",Barcelona,2.5,6,5,1,4,1,3,7,42.9,4,1,0,1,4,10,3,0
532,Wakaso,gh GHA,MF,Alavés,18.5,46,30,23,19,4,12,36,33.3,24,37,9,28,16,62,19,2
533,Daniel Wass,dk DEN,"DF,MF",Valencia,26.2,35,25,9,19,7,20,42,47.6,22,23,4,19,34,69,49,0
534,Axel Werner,ar ARG,GK,Huesca,6,0,0,0,0,0,0,0,,0,0,0,0,0,0,2,0
535,Iñaki Williams,gh GHA,FW,Athletic Club,33.6,27,18,9,7,11,5,22,22.7,17,22,1,21,7,34,33,0
536,Maximilian Wöber,at AUT,DF,Sevilla,6,12,9,8,2,2,3,6,50,3,6,0,6,7,19,16,0
537,Yoel,es ESP,GK,Valladolid,3,0,0,0,0,0,0,0,,0,0,0,0,0,0,0,1
538,Okay Yokuslu,tr TUR,MF,Celta Vigo,24.4,61,39,31,28,2,28,45,62.2,17,32,11,21,37,98,53,2
539,Joseba Zaldúa,es ESP,DF,Real Sociedad,23.8,36,27,23,10,3,15,32,46.9,17,19,3,16,38,74,72,0
540,Nabil El Zhar,ma MAR,"MF,FW",Leganés,10.7,8,4,2,4,2,0,5,0,5,4,0,4,4,12,1,0
541,Luca Zidane,fr FRA,GK,Real Madrid,1,0,0,0,0,0,0,0,,0,0,0,0,0,0,0,0
542,Igor Zubeldia,es ESP,MF,Real Sociedad,28.3,61,35,32,24,5,22,54,40.7,32,30,6,24,45,106,60,0
543,Martín Zubimendi,es ESP,MF,Real Sociedad,0.1,1,0,0,1,0,0,1,0,1,0,0,0,0,1,0,0
544,David Zurutuza,es ESP,MF,Real Sociedad,13.6,27,16,9,15,3,8,22,36.4,14,19,4,15,24,51,26,1
