,,,,,,,,Performance,,,,,,,,,Performance,,,,Aerial Duels,,,
Rk,Player,Nation,Pos,Squad,Age,Born,90s,CrdY,CrdR,2CrdY,Fls,Fld,Off,Crs,Int,TklW,PKwon,PKcon,OG,Recov,Won,Lost,Won%,Matches
1,Sabit Abdulai,gh GHA,MF,Getafe,21,1999,0.7,1,0,0,2,1,0,1,0,0,0,0,0,1,1,3,25,Matches
2,Marcos Acuña,ar ARG,DF,Sevilla,28,1991,25.9,5,0,0,45,32,2,119,23,42,0,2,0,160,20,33,37.7,Matches
3,Bobby Adekanye,nl NED,"FW,MF",Cádiz,21,1999,0.4,0,0,0,1,0,0,2,0,0,0,0,0,2,0,0,,Matches
4,Martin Agirregabiria,es ESP,"DF,MF",Alavés,24,1996,17.3,1,0,0,23,23,1,32,27,18,0,0,0,81,19,22,46.3,Matches
5,Joseph Aidoo,gh GHA,DF,Celta Vigo,24,1995,14.3,3,0,0,13,13,1,1,25,17,0,0,0,89,42,40,51.2,Matches
6,Carlos Akapo,gq EQG,DF,Cádiz,27,1993,9.6,3,1,1,10,4,0,18,19,14,0,0,0,49,14,3,82.4,Matches
7,Paul Akouokou,ci CIV,MF,Betis,22,1997,4.2,5,1,1,11,2,0,2,6,8,0,0,0,29,10,8,55.6,Matches
8,Jony Álamo,es ESP,MF,Elche,18,2001,0.8,0,0,0,0,2,0,0,1,1,0,0,0,7,0,1,0,Matches
9,Jordi Alba,es ESP,"DF,FW",Barcelona,31,1989,33.6,9,0,0,20,15,10,119,49,30,0,0,1,218,4,8,33.3,Matches
10,Raúl Albiol,es ESP,DF,Villarreal,34,1985,34.6,7,0,0,13,16,1,6,22,15,0,0,0,175,65,42,60.7,Matches
11,Paco Alcácer,es ESP,FW,Villarreal,26,1993,17.2,0,0,0,7,8,17,3,9,3,0,0,0,31,13,44,22.8,Matches
12,Pedro Alcalá,es ESP,DF,Cádiz,31,1989,10.1,2,0,0,12,4,1,0,16,4,0,0,1,34,17,26,39.5,Matches
13,Rubén Alcaraz,es ESP,MF,Valladolid,29,1991,24.1,10,0,0,47,44,0,10,31,29,0,0,0,153,52,46,53.1,Matches
14,Iván Alejo,es ESP,"MF,FW",Cádiz,25,1995,9.2,5,0,0,29,22,4,63,3,10,0,0,0,42,13,9,59.1,Matches
15,Carles Aleñá,es ESP,MF,Barcelona,22,1998,0.5,1,0,0,4,0,0,0,0,0,0,0,0,1,1,1,50,Matches
16,Carles Aleñá,es ESP,"MF,FW",Getafe,22,1998,15.2,1,0,0,20,26,0,60,2,10,0,0,0,75,14,34,29.2,Matches
17,Alfon,es ESP,MF,Celta Vigo,21,1999,0.4,0,0,0,0,4,0,0,0,0,0,0,0,2,0,2,0,Matches
18,Sergio Álvarez,es ESP,"MF,DF",Eibar,28,1992,17.4,3,0,0,38,16,0,9,22,25,0,0,0,103,45,45,50,Matches
19,Yeray Álvarez,es ESP,DF,Athletic Club,25,1995,21.6,6,0,0,20,15,1,5,53,12,0,0,0,126,58,45,56.3,Matches
20,Emmanuel Amankwaa Akurugu,gh GHA,DF,Getafe,18,2001,0.5,0,0,0,0,0,0,1,2,0,0,0,0,2,0,0,,Matches
21,Jon Ander Garrido,es ESP,MF,Cádiz,30,1989,8.9,1,0,0,13,6,0,2,14,10,1,0,0,45,22,26,45.8,Matches
22,Ángel,es ESP,GK,Granada,18,2002,1,0,0,0,0,0,0,0,0,0,0,0,0,1,1,0,100,Matches
23,José Ángel,es ESP,DF,Eibar,30,1989,10,3,0,0,8,4,0,59,13,8,0,0,0,81,17,12,58.6,Matches
24,Miguel Ángel Rubio,es ESP,DF,Valladolid,22,1998,1.5,0,0,0,2,1,1,0,3,0,0,0,0,10,9,8,52.9,Matches
25,José Antonio Miranda,gq EQG,"MF,DF",Getafe,22,1998,0.3,1,0,0,2,2,0,2,0,0,0,0,0,1,2,0,100,Matches
26,Aritz Arambarri,es ESP,DF,Real Sociedad,22,1998,0.3,0,0,0,0,0,0,0,0,1,0,0,0,2,1,1,50,Matches
27,Mauro Arambarri,uy URU,MF,Getafe,24,1995,33.1,11,0,0,58,73,1,123,42,39,0,0,0,204,54,53,50.5,Matches
28,Néstor Araujo,mx MEX,DF,Celta Vigo,28,1991,27,5,0,0,30,4,0,2,43,16,0,0,0,134,61,46,57,Matches
29,Ronald Araújo,uy URU,DF,Barcelona,21,1999,16.8,3,0,0,12,17,2,0,20,11,1,1,0,104,51,22,69.9,Matches
30,Anaitz Arbilla,es ESP,DF,Eibar,33,1987,31.2,8,0,0,36,13,0,43,69,26,0,2,0,245,68,53,56.2,Matches
31,Unai Arietaleanizbeaskoa,es ESP,"FW,MF",Eibar,21,1999,0.5,1,0,0,3,1,1,0,0,0,0,0,0,1,0,3,0,Matches
32,Sergio Arribas,es ESP,"MF,FW",Real Madrid,18,2001,1.5,1,0,0,1,2,2,1,4,1,0,0,0,11,2,2,50,Matches
33,Sergio Asenjo,es ESP,GK,Villarreal,31,1989,36,2,0,0,1,2,0,0,0,0,0,1,0,40,7,0,100,Matches
34,Marco Asensio,es ESP,"FW,MF",Real Madrid,24,1996,20.8,1,0,0,6,28,6,97,11,6,0,0,0,84,10,7,58.8,Matches
35,Iago Aspas,es ESP,FW,Celta Vigo,32,1987,31.8,9,0,0,24,53,13,28,16,3,0,1,0,113,16,45,26.2,Matches
36,Miguel Atienza,es ESP,MF,Eibar,21,1999,9.3,1,0,0,10,2,0,4,9,9,0,0,0,57,25,16,61,Matches
37,Ezequiel Ávila,ar ARG,"FW,MF",Osasuna,26,1994,2.2,0,0,0,4,5,2,2,1,2,0,0,0,9,3,6,33.3,Matches
38,Ramon Azeez,ng NGA,MF,Granada,27,1992,1.1,0,0,0,1,1,0,1,1,1,0,0,0,4,4,0,100,Matches
39,Carlos Bacca,co COL,FW,Villarreal,33,1986,8.7,1,0,0,10,6,6,7,3,5,0,0,0,19,9,13,40.9,Matches
40,Édgar Badía,es ESP,GK,Elche,28,1992,30,0,0,0,0,3,0,0,0,0,0,0,0,50,6,2,75,Matches
41,Alex Baena,es ESP,MF,Villarreal,19,2001,1.5,0,0,0,2,4,0,4,1,3,0,0,0,3,0,2,0,Matches
42,Miguel Baeza,es ESP,"MF,FW",Celta Vigo,20,2000,6,0,0,0,5,8,2,12,3,6,0,0,0,21,8,10,44.4,Matches
43,Mikel Balenziaga,es ESP,DF,Athletic Club,32,1988,18.8,0,0,0,17,15,1,44,7,15,0,0,0,84,14,16,46.7,Matches
44,Barcia,es ESP,DF,Granada,19,2000,1,1,0,0,2,1,0,1,3,1,1,0,0,7,2,0,100,Matches
45,Enis Bardhi,mk MKD,MF,Levante,25,1995,18.7,4,0,0,27,24,4,65,21,12,0,0,0,120,5,19,20.8,Matches
46,Kike Barja,es ESP,"MF,FW",Osasuna,23,1997,15.9,2,0,0,15,23,2,72,16,5,1,0,0,103,21,15,58.3,Matches
47,Marc Baró,es ESP,DF,Cádiz,20,1999,1,0,0,0,1,3,0,6,2,1,0,0,0,4,0,0,,Matches
48,Antonio Barragán,es ESP,DF,Elche,33,1987,24.8,8,0,0,35,25,2,53,33,14,1,1,0,92,33,19,63.5,Matches
49,Ander Barrenetxea,es ESP,"MF,FW",Real Sociedad,18,2001,14.5,7,0,0,40,20,4,34,6,19,0,0,0,78,3,21,12.5,Matches
50,Marc Bartra,es ESP,DF,Betis,29,1991,18.8,3,0,0,29,15,2,2,40,16,0,4,0,86,58,41,58.6,Matches
51,Álvaro Bastida,es ESP,MF,Cádiz,16,2004,0.4,0,0,0,0,0,0,0,0,0,0,0,0,0,1,0,100,Matches
52,Rodrigo Battaglia,ar ARG,MF,Alavés,29,1991,27.7,10,1,0,35,30,1,3,29,16,0,0,0,139,43,22,66.2,Matches
53,Jon Bautista,es ESP,FW,Real Sociedad,25,1995,4.1,3,0,0,11,6,2,4,2,3,0,0,0,16,23,23,50,Matches
54,Fran Beltrán,es ESP,"MF,FW",Celta Vigo,21,1999,15.5,3,0,0,16,10,0,6,16,22,0,0,0,107,4,21,16,Matches
55,Sergio Benito,es ESP,FW,Valladolid,21,1999,0,0,0,0,0,0,0,0,0,0,0,0,0,0,0,0,,Matches
56,Karim Benzema,fr FRA,FW,Real Madrid,32,1987,32.2,2,0,0,17,25,23,18,8,6,0,0,0,69,26,38,40.6,Matches
57,Yuri Berchiche,es ESP,DF,Athletic Club,30,1990,18.7,3,0,0,17,30,1,76,11,19,1,0,0,109,24,12,66.7,Matches
58,Álex Berenguer,es ESP,"MF,FW",Athletic Club,25,1995,25.3,4,0,0,48,46,18,147,18,31,1,0,0,110,23,42,35.4,Matches
59,Pedro Bigas,es ESP,DF,Eibar,29,1990,17,1,0,0,21,6,0,9,23,9,0,2,0,93,50,39,56.2,Matches
60,Blanco,es ESP,"MF,FW",Real Madrid,20,2000,2.4,0,0,0,6,2,0,2,3,2,0,0,0,14,0,5,0,Matches
61,Alejandro Blanco,es ESP,MF,Valencia,21,1998,6.4,1,0,0,4,8,2,10,8,4,0,0,0,24,2,8,20,Matches
62,Rubén Blanco,es ESP,GK,Celta Vigo,25,1995,18.2,0,1,0,1,2,0,0,0,0,0,0,0,17,1,0,100,Matches
63,Alejandro Blesa,es ESP,MF,Levante,18,2002,0.1,0,0,0,2,0,0,0,0,0,0,0,0,1,0,0,,Matches
64,Yann Bodiger,fr FRA,MF,Cádiz,25,1995,2.8,0,0,0,8,3,0,2,8,2,0,0,0,17,5,16,23.8,Matches
65,Yassine Bounou,ma MAR,GK,Sevilla,29,1991,33,3,0,0,0,4,0,0,0,1,0,0,1,31,7,0,100,Matches
66,Lucas Boyé,ar ARG,FW,Elche,24,1996,29.9,9,1,1,95,34,10,11,19,31,0,0,0,93,43,102,29.7,Matches
67,Martin Braithwaite,dk DEN,FW,Barcelona,29,1991,13.1,3,0,0,11,20,15,5,6,4,0,0,0,39,16,14,53.3,Matches
68,Darko Brasanac,rs SRB,MF,Osasuna,28,1992,10.1,4,0,0,27,7,1,11,7,6,0,0,0,43,27,17,61.4,Matches
69,Álvaro Bravo,es ESP,MF,Granada,22,1998,0.2,0,0,0,0,0,0,0,1,1,0,0,0,0,1,0,100,Matches
70,Claudio Bravo,cl CHI,GK,Betis,37,1983,20,3,0,0,0,0,0,0,0,0,0,0,0,24,4,0,100,Matches
71,Yan Brice Eteki,cm CMR,MF,Granada,22,1997,14.7,4,1,0,45,20,0,3,13,15,0,2,0,74,22,26,45.8,Matches
72,Juan Brunet,ar ARG,MF,Granada,22,1998,0.3,0,0,0,1,0,0,0,0,0,0,0,0,1,2,1,66.7,Matches
73,Bryan,es ESP,FW,Sevilla,19,2001,0.1,0,0,0,1,0,0,1,0,1,0,0,0,1,1,1,50,Matches
74,Bryan,es ESP,"MF,FW",Eibar,19,2001,25.2,6,0,0,24,47,12,192,17,18,0,0,0,139,12,35,25.5,Matches
75,Ante Budimir,hr CRO,FW,Osasuna,29,1991,18.1,3,0,0,30,31,19,2,2,12,0,0,0,55,134,83,61.8,Matches
76,Esteban Burgos,ar ARG,DF,Eibar,28,1992,12.3,5,0,0,14,3,1,0,23,6,0,0,0,66,30,38,44.1,Matches
77,Burgui,es ESP,MF,Alavés,26,1993,0.2,0,0,0,0,1,0,0,0,1,0,0,0,1,0,0,,Matches
78,Sergio Busquets,es ESP,MF,Barcelona,32,1988,28,9,0,0,45,60,0,3,53,35,0,0,0,182,40,39,50.6,Matches
79,Erick Cabaco,uy URU,DF,Getafe,25,1995,14.7,9,0,0,24,20,1,3,13,14,0,0,0,70,40,20,66.7,Matches
80,Cala,es ESP,DF,Cádiz,30,1989,25.2,8,0,0,31,30,1,0,35,12,1,1,0,117,58,36,61.7,Matches
81,Jonathan Calleri,ar ARG,FW,Osasuna,26,1993,17.2,4,0,0,42,39,17,9,1,6,0,0,0,52,86,92,48.3,Matches
82,Dani Calvo,es ESP,DF,Elche,26,1994,19.8,3,0,0,19,15,2,1,11,13,0,0,0,81,34,41,45.3,Matches
83,José Campaña,es ESP,MF,Levante,27,1993,8.3,0,0,0,7,13,1,45,13,6,0,0,0,47,4,8,33.3,Matches
84,Sergio Canales,es ESP,"MF,FW",Betis,29,1991,27.8,4,0,0,15,21,2,103,13,9,0,0,0,157,8,24,25,Matches
85,Álex Cantero,es ESP,FW,Levante,20,2000,2.6,1,0,0,5,1,1,1,0,1,0,0,0,7,3,6,33.3,Matches
86,Ander Capa,es ESP,DF,Athletic Club,28,1992,23.7,5,0,0,26,9,1,60,25,18,0,1,0,119,21,22,48.8,Matches
87,Étienne Capoue,fr FRA,MF,Villarreal,32,1988,13.2,5,1,0,26,22,0,0,20,10,0,2,0,56,23,12,65.7,Matches
88,Isaac Carcelen,es ESP,DF,Cádiz,27,1993,28.7,3,0,0,17,51,0,82,49,43,0,3,0,171,28,33,45.9,Matches
89,Cárdenas,es ESP,GK,Levante,23,1997,8,1,0,0,0,0,0,0,3,0,0,0,0,16,3,0,100,Matches
90,Marc Cardona,es ESP,"FW,DF",Osasuna,25,1995,0.6,0,0,0,3,1,1,1,0,0,0,0,0,2,1,1,50,Matches
91,Diego Carlos,br BRA,DF,Sevilla,27,1993,31,11,1,1,48,19,0,2,31,13,0,2,1,160,58,39,59.8,Matches
92,Juan Carlos,es ESP,"MF,FW",Huesca,29,1991,3.2,0,0,0,13,7,0,3,1,3,0,0,0,7,3,2,60,Matches
93,Yannick Carrasco,be BEL,"DF,MF",Atlético Madrid,26,1993,24.2,6,0,0,31,33,4,111,17,15,0,1,0,151,2,9,18.2,Matches
94,Sergio Carreira,es ESP,DF,Celta Vigo,19,2000,2.9,0,0,0,2,2,0,6,1,0,0,0,0,10,0,1,0,Matches
95,Guido Carrillo,ar ARG,FW,Elche,29,1991,11.1,3,0,0,28,14,2,4,4,8,0,0,0,24,83,61,57.6,Matches
96,Dani Carvajal,es ESP,DF,Real Madrid,28,1992,10.6,5,0,0,17,10,0,31,13,20,0,1,0,62,14,7,66.7,Matches
97,William Carvalho,pt POR,MF,Betis,28,1992,13.6,6,1,1,18,10,0,4,11,12,0,0,0,95,29,20,59.2,Matches
98,Casemiro,br BRA,MF,Real Madrid,28,1992,32.2,11,1,1,55,55,4,23,70,49,0,0,0,226,97,77,55.7,Matches
99,Sofian Chakla,ma MAR,DF,Villarreal,26,1993,0.1,0,0,0,0,0,0,0,0,0,0,0,0,0,2,0,100,Matches
100,Sofian Chakla,ma MAR,DF,Getafe,26,1993,10,5,0,0,13,15,0,1,14,8,0,3,1,54,31,14,68.9,Matches
101,Chema,es ESP,"DF,MF",Getafe,28,1992,6.2,3,1,0,13,3,0,1,10,5,0,0,0,31,10,16,38.5,Matches
102,Denis Cheryshev,ru RUS,MF,Valencia,29,1990,12.2,3,0,0,26,14,3,50,12,15,0,0,0,53,13,16,44.8,Matches
103,Samuel Chukwueze,ng NGA,"MF,FW",Villarreal,21,1999,15.2,0,0,0,13,30,16,26,10,7,1,0,0,65,10,12,45.5,Matches
104,Víctor Chust,es ESP,DF,Real Madrid,20,2000,1.1,0,0,0,1,0,0,0,1,1,0,0,0,7,3,2,60,Matches
105,Cifu,es ESP,DF,Elche,29,1990,5,1,0,0,6,6,0,10,8,7,0,0,0,30,5,9,35.7,Matches
106,Alberto Cifuentes,es ESP,GK,Cádiz,41,1979,2,0,0,0,0,1,0,0,0,0,0,0,0,2,0,0,,Matches
107,Jasper Cillessen,nl NED,GK,Valencia,31,1989,10,0,0,0,0,2,0,0,0,0,0,0,0,12,0,0,,Matches
108,Carlos Clerc,es ESP,DF,Levante,28,1992,30.9,5,0,0,39,35,4,120,37,29,1,0,0,185,41,21,66.1,Matches
109,Coke,es ESP,DF,Levante,33,1987,9.3,1,0,0,12,9,0,13,14,10,0,1,0,48,15,18,45.5,Matches
110,Francis Coquelin,fr FRA,MF,Villarreal,29,1991,8.2,4,0,0,16,16,0,1,21,14,0,0,0,65,10,9,52.6,Matches
111,Iñigo Córdoba,es ESP,"FW,MF",Athletic Club,23,1997,1.1,0,0,0,3,3,1,2,2,0,0,0,0,8,2,0,100,Matches
112,Iñigo Córdoba,es ESP,MF,Alavés,23,1997,2.4,0,0,0,7,4,2,12,3,4,0,0,0,19,6,7,46.2,Matches
113,Ángel Correa,ar ARG,"FW,MF",Atlético Madrid,25,1995,26.6,3,0,0,37,30,13,35,22,21,0,0,0,118,10,34,22.7,Matches
114,Rober Correa,es ESP,DF,Eibar,27,1992,12.6,3,0,0,7,19,1,47,20,9,1,0,0,77,46,25,64.8,Matches
115,Thierry Correia,pt POR,DF,Valencia,21,1999,23.7,6,1,1,34,38,2,62,42,27,0,0,0,125,31,25,55.4,Matches
116,Diego Costa,es ESP,FW,Atlético Madrid,31,1988,2.3,1,0,0,7,3,5,2,0,0,1,0,0,2,9,15,37.5,Matches
117,Jaume Costa,es ESP,"DF,MF",Villarreal,32,1988,3.9,1,0,0,7,9,0,7,6,6,0,0,0,21,3,7,30,Matches
118,Thibaut Courtois,be BEL,GK,Real Madrid,28,1992,38,0,0,0,1,3,0,0,1,0,0,1,0,50,10,0,100,Matches
119,Philippe Coutinho,br BRA,"MF,FW",Barcelona,28,1992,7.3,0,0,0,9,13,1,24,2,6,0,0,0,24,2,8,20,Matches
120,Juan Cruz Armada,es ESP,DF,Osasuna,28,1992,21.8,4,0,0,12,4,2,40,15,22,0,1,0,97,28,28,50,Matches
121,Sergio Cubero Ezcurra,es ESP,MF,Eibar,20,1999,0,0,0,0,0,0,0,0,0,0,0,0,0,0,0,0,,Matches
122,Cucho,co COL,"FW,MF",Getafe,21,1999,16.3,5,0,0,34,32,10,41,6,10,0,0,0,78,46,68,40.4,Matches
123,Marc Cucurella,es ESP,MF,Getafe,22,1998,36,8,0,0,69,60,9,138,40,51,0,0,0,202,69,90,43.4,Matches
124,Patrick Cutrone,it ITA,FW,Valencia,22,1998,1.2,0,0,0,2,1,1,1,1,0,0,0,0,2,0,9,0,Matches
125,Moussa Dembélé,fr FRA,FW,Atlético Madrid,24,1996,1.1,0,0,0,3,0,3,0,1,0,0,0,0,2,5,5,50,Matches
126,Ousmane Dembélé,fr FRA,FW,Barcelona,23,1997,19.7,2,0,0,15,28,11,75,9,9,0,0,0,62,9,12,42.9,Matches
127,Sergiño Dest,us USA,"DF,FW",Barcelona,19,2000,21.2,1,0,0,16,11,3,37,10,16,0,0,0,108,7,9,43.8,Matches
128,Deyverson,br BRA,FW,Alavés,29,1991,9.7,4,0,0,15,24,11,8,9,4,0,0,0,47,60,49,55,Matches
129,Abdoulay Diaby,ml MLI,DF,Getafe,29,1991,0.2,0,0,0,1,0,0,2,0,0,0,0,0,0,0,1,0,Matches
130,Mouctar Diakhaby,gn GUI,DF,Valencia,23,1996,23.1,4,1,0,21,8,4,1,27,8,0,1,0,112,45,24,65.2,Matches
131,Víctor Díaz,es ESP,DF,Granada,32,1988,9.2,3,0,0,10,1,0,33,16,10,0,1,0,55,17,15,53.1,Matches
132,Papakouli Diop,sn SEN,MF,Eibar,34,1986,25.8,9,2,1,41,20,2,10,39,29,0,0,0,183,86,70,55.1,Matches
133,Djené,tg TOG,DF,Getafe,28,1991,32.7,8,2,1,35,36,1,10,42,39,1,2,0,236,67,39,63.2,Matches
134,Marko Dmitrovi?,rs SRB,GK,Eibar,28,1992,34.7,0,0,0,0,4,0,0,0,3,0,0,0,59,8,0,100,Matches
135,Jaume Doménech,es ESP,GK,Valencia,29,1990,28,1,0,0,0,1,0,0,0,1,0,0,0,28,4,0,100,Matches
136,Carlos Dominguez,es ESP,DF,Celta Vigo,19,2001,4,2,0,0,7,2,0,0,6,4,0,0,0,10,11,12,47.8,Matches
137,John Donald,es ESP,"DF,MF",Elche,19,2000,0.6,0,0,0,0,0,0,0,0,0,0,0,0,0,0,1,0,Matches
138,Cheick Doukouré,ci CIV,"MF,FW",Levante,27,1992,1.1,1,0,0,7,3,1,0,3,4,0,0,0,7,0,3,0,Matches
139,Idrissa Doumbia,ci CIV,MF,Huesca,22,1998,8.7,4,0,0,12,5,0,0,7,8,0,0,0,57,6,5,54.5,Matches
140,Domingos Duarte,pt POR,DF,Granada,25,1995,26.3,5,1,0,22,20,0,1,29,20,0,1,0,126,46,34,57.5,Matches
141,Óscar Duarte,cr CRC,DF,Levante,31,1989,22.9,2,0,0,34,6,2,1,36,13,0,1,0,111,71,47,60.2,Matches
142,Rubén Duarte,es ESP,DF,Alavés,24,1995,28.3,5,1,1,41,39,0,110,66,30,0,1,0,120,45,27,62.5,Matches
143,Unai Dufur,es ESP,DF,Eibar,21,1999,0.7,0,0,0,1,0,0,0,1,2,0,0,0,4,1,1,50,Matches
144,Hugo Duro,es ESP,FW,Real Madrid,20,1999,0.6,0,0,0,1,1,0,0,0,0,0,0,0,0,1,5,16.7,Matches
145,Aritz Elustondo,es ESP,DF,Real Sociedad,26,1994,20.9,5,0,0,22,27,1,5,15,16,0,1,1,107,62,34,64.6,Matches
146,Rodrigo Ely,br BRA,DF,Alavés,26,1993,5.2,1,0,0,8,2,0,0,7,2,0,0,0,18,14,5,73.7,Matches
147,Emerson,br BRA,DF,Betis,21,1999,33.2,9,1,0,57,73,3,90,61,52,1,1,1,165,58,35,62.4,Matches
148,Youssef En-Nesyri,ma MAR,FW,Sevilla,23,1997,25.7,2,0,0,26,35,25,13,8,11,1,0,0,43,96,78,55.2,Matches
149,Sergi Enrich,es ESP,FW,Eibar,30,1990,15.6,1,0,0,31,19,8,8,6,15,1,0,0,57,87,92,48.6,Matches
150,Aarón Escandell,es ESP,GK,Granada,24,1995,5,1,0,0,0,0,0,0,0,1,0,0,0,12,1,0,100,Matches
151,Dani Escriche,es ESP,"FW,MF",Huesca,22,1998,9.5,5,1,0,19,16,6,8,8,7,1,0,0,54,17,22,43.6,Matches
152,Sergio Escudero,es ESP,DF,Sevilla,30,1989,6.3,3,0,0,8,7,1,21,9,8,0,0,0,26,8,7,53.3,Matches
153,Alfonso Espino,uy URU,DF,Cádiz,28,1992,28.9,6,0,0,33,21,3,80,41,48,0,0,0,178,36,37,49.3,Matches
154,Vicente Esquerdo,es ESP,MF,Valencia,21,1999,2.6,1,0,0,3,0,0,3,8,4,0,0,0,22,0,3,0,Matches
155,Pervis Estupiñán,ec ECU,DF,Villarreal,22,1998,13,1,0,0,24,20,6,65,35,17,1,1,0,86,10,11,47.6,Matches
156,Xabier Etxeita,es ESP,DF,Getafe,32,1987,9.8,3,0,0,14,2,0,0,13,4,0,0,1,47,20,22,47.6,Matches
157,Edu Expósito,es ESP,MF,Eibar,23,1996,27.3,4,0,0,29,27,0,84,22,30,0,0,0,206,33,34,49.3,Matches
158,Jokin Ezkieta,es ESP,GK,Athletic Club,23,1996,1,0,0,0,0,0,0,0,0,0,0,0,0,2,0,0,,Matches
159,Fali,es ESP,"DF,MF",Cádiz,26,1993,29.3,11,0,0,20,23,0,19,32,25,0,1,0,109,36,37,49.3,Matches
160,Ansu Fati,es ESP,FW,Barcelona,17,2002,4.8,1,0,0,6,11,2,4,3,4,2,0,0,13,2,4,33.3,Matches
161,Nabil Fekir,fr FRA,"MF,FW",Betis,27,1993,29.1,5,1,0,79,93,13,115,8,23,3,0,0,103,26,61,29.9,Matches
162,Felipe,br BRA,DF,Atlético Madrid,31,1989,22.9,8,0,0,29,14,0,1,36,17,0,0,1,126,75,26,74.3,Matches
163,João Félix,pt POR,"FW,MF",Atlético Madrid,20,1999,17.5,6,0,0,16,48,5,11,5,4,1,0,0,63,21,31,40.4,Matches
164,Aitor Fernández,es ESP,GK,Levante,29,1991,29,0,0,0,0,2,0,0,2,0,0,0,0,51,3,1,75,Matches
165,Álex Fernández,es ESP,MF,Cádiz,27,1992,21.6,1,0,0,11,31,0,123,22,9,0,0,0,130,21,22,48.8,Matches
166,Álvaro Fernández,es ESP,GK,Huesca,22,1998,22,0,0,0,0,3,0,0,2,1,0,0,0,31,5,0,100,Matches
167,Andrés Fernández,es ESP,GK,Huesca,33,1986,16,0,0,0,0,4,0,0,0,0,0,0,0,18,3,1,75,Matches
168,Augusto Fernández,ar ARG,MF,Cádiz,34,1986,4.1,1,0,0,5,2,0,1,9,3,0,0,0,20,4,3,57.1,Matches
169,Carlos Fernández,es ESP,FW,Sevilla,24,1996,1.6,0,0,0,4,7,0,0,1,0,0,0,0,7,4,8,33.3,Matches
170,Carlos Fernández,es ESP,"FW,MF",Real Sociedad,24,1996,4.3,5,0,0,18,9,0,3,0,2,0,1,0,21,13,20,39.4,Matches
171,Joaquín Fernández,es ESP,DF,Valladolid,24,1996,23,8,0,0,28,13,3,1,43,16,1,1,0,101,46,53,46.5,Matches
172,Fernando,br BRA,MF,Sevilla,33,1987,28.3,6,0,0,40,16,1,1,41,28,0,0,0,191,54,37,59.3,Matches
173,David Ferreiro,es ESP,"MF,FW",Huesca,32,1988,28.1,5,0,0,52,38,15,245,25,12,0,0,0,152,9,21,30,Matches
174,Facundo Ferreyra,ar ARG,FW,Celta Vigo,29,1991,3.3,5,1,1,22,6,1,1,2,3,0,0,0,5,10,13,43.5,Matches
175,Fidel,es ESP,"MF,DF",Elche,30,1989,26.6,8,0,0,30,42,5,165,16,30,0,0,0,137,10,22,31.3,Matches
176,Junior Firpo,es ESP,"DF,MF",Barcelona,23,1996,3.2,2,0,0,9,6,3,4,4,1,0,0,0,15,3,1,75,Matches
177,Kingsley Fobi,gh GHA,DF,Granada,21,1998,0.5,0,0,0,0,1,0,0,1,0,0,0,0,2,0,1,0,Matches
178,Ramón Folch,es ESP,MF,Elche,30,1989,0,0,0,0,0,0,0,0,0,0,0,0,0,0,0,0,,Matches
179,José Fontán,es ESP,DF,Celta Vigo,20,2000,7.2,3,1,1,17,3,1,9,13,9,0,0,0,29,5,6,45.5,Matches
180,Dimitri Foulquier,fr FRA,DF,Granada,27,1993,29.6,7,0,0,30,24,3,54,26,21,0,1,1,134,20,31,39.2,Matches
181,Juan Foyth,ar ARG,"DF,MF",Villarreal,22,1998,13,6,0,0,20,14,0,1,19,22,0,1,0,64,29,19,60.4,Matches
182,Jorge de Frutos,es ESP,MF,Levante,23,1997,24.3,3,0,0,36,28,3,109,16,24,2,0,0,94,13,25,34.2,Matches
183,Ramiro Funes Mori,ar ARG,DF,Villarreal,29,1991,8.1,1,0,0,7,3,0,1,8,8,0,0,0,50,22,12,64.7,Matches
184,Javi Galán,es ESP,DF,Huesca,25,1994,34.1,5,0,0,61,97,5,156,39,54,0,0,0,224,15,30,33.3,Matches
185,Enric Gallego,es ESP,FW,Osasuna,33,1986,9,2,0,0,30,11,4,10,1,3,0,0,0,26,73,71,50.7,Matches
186,Kévin Gameiro,fr FRA,FW,Valencia,33,1987,12,0,0,0,9,8,9,2,0,4,0,0,0,21,10,21,32.3,Matches
187,Aleix García,es ESP,MF,Eibar,23,1997,4.9,1,0,0,4,1,0,26,8,4,0,0,0,19,6,1,85.7,Matches
188,Borja García,es ESP,"MF,FW",Huesca,29,1990,12.4,0,0,0,3,33,1,12,10,7,0,0,0,60,9,13,40.9,Matches
189,Dani García,es ESP,MF,Athletic Club,30,1990,21.3,8,0,0,29,22,0,6,33,19,0,1,0,146,40,36,52.6,Matches
190,David García,es ESP,DF,Osasuna,26,1994,35,8,0,0,45,23,1,1,59,17,0,1,1,175,159,56,74,Matches
191,Manu García,es ESP,MF,Alavés,34,1986,12.5,9,1,1,18,27,1,5,12,13,0,1,0,54,40,31,56.3,Matches
192,Raúl García,es ESP,"DF,MF",Valladolid,31,1989,5.6,2,0,0,5,8,1,37,9,8,0,0,0,24,18,18,50,Matches
193,Raúl García,es ESP,"FW,MF",Athletic Club,34,1986,19.4,8,2,1,50,50,12,19,15,19,0,0,0,43,115,79,59.3,Matches
194,Rubén García,es ESP,"MF,FW",Osasuna,27,1993,30.2,2,0,0,42,41,6,162,29,29,1,0,0,158,51,67,43.2,Matches
195,Sergi García,es ESP,MF,Alavés,21,1999,0.2,0,0,0,0,0,0,0,0,1,0,0,0,0,0,0,,Matches
196,Unai García,es ESP,DF,Osasuna,28,1992,13.8,3,0,0,14,4,0,4,14,9,0,0,1,77,22,30,42.3,Matches
197,Mario Gaspar,es ESP,DF,Villarreal,29,1990,20.6,3,1,0,20,10,0,37,30,34,1,1,0,61,34,35,49.3,Matches
198,Paulo Gazzaniga,ar ARG,GK,Elche,28,1992,8,3,0,0,0,1,0,0,1,1,0,0,0,7,1,0,100,Matches
199,David Gil,es ESP,GK,Cádiz,26,1994,4,0,0,0,0,1,0,0,0,0,0,0,0,2,0,0,,Matches
200,Álvaro Giménez,es ESP,FW,Cádiz,29,1991,4.5,0,0,0,8,6,4,0,2,2,0,0,0,8,21,28,42.9,Matches
201,Dani Gómez,es ESP,FW,Levante,22,1998,18.5,3,0,0,30,38,12,15,2,3,1,0,0,44,12,46,20.7,Matches
202,Ibai Gómez,es ESP,MF,Athletic Club,30,1989,4.7,0,0,0,2,1,1,25,2,4,0,0,0,19,6,7,46.2,Matches
203,Maxi Gómez,uy URU,FW,Valencia,23,1996,29.9,7,1,1,53,70,32,13,2,9,4,0,0,57,115,101,53.2,Matches
204,Moi Gómez,es ESP,"MF,FW",Villarreal,26,1994,28.5,1,0,0,20,32,9,72,11,12,0,1,0,162,7,35,16.7,Matches
205,Papu Gómez,ar ARG,"MF,FW",Sevilla,32,1988,10.2,0,0,0,15,22,2,32,7,6,1,0,0,49,4,8,33.3,Matches
206,Sergi Gómez,es ESP,DF,Sevilla,28,1992,8,2,0,0,1,1,0,0,6,3,0,0,0,25,20,24,45.5,Matches
207,Sergio Gómez,es ESP,"MF,FW",Huesca,19,2000,8.8,1,0,0,7,9,1,71,14,10,0,0,0,47,0,7,0,Matches
208,Maxime Gonalons,fr FRA,MF,Granada,31,1989,16.4,7,1,0,30,27,2,6,25,37,0,1,0,129,34,21,61.8,Matches
209,Bruno González,es ESP,DF,Valladolid,30,1990,25.1,8,0,0,31,16,0,1,37,17,0,0,0,97,54,31,63.5,Matches
210,Diego González,es ESP,DF,Elche,25,1995,14.2,5,0,0,19,3,0,0,20,7,0,0,1,70,31,21,59.6,Matches
211,Sergio González,es ESP,"MF,DF",Cádiz,23,1997,1,0,0,0,1,1,0,0,2,0,0,0,0,9,2,2,50,Matches
212,Urko González,es ESP,MF,Real Sociedad,19,2001,0.5,1,0,0,4,1,0,0,0,0,0,0,0,4,0,1,0,Matches
213,Andoni Gorosabel,es ESP,DF,Real Sociedad,23,1996,26.5,3,0,0,36,29,0,74,23,43,0,1,0,134,21,22,48.8,Matches
214,Antoine Griezmann,fr FRA,"FW,MF",Barcelona,29,1991,28.9,4,0,0,13,34,13,22,12,22,2,0,0,100,18,17,51.4,Matches
215,Andrés Guardado,mx MEX,MF,Betis,33,1986,14.6,4,0,0,21,10,0,7,18,12,0,0,0,118,23,23,50,Matches
216,Sergi Guardiola,es ESP,FW,Valladolid,29,1991,19.9,5,0,0,39,40,12,29,7,5,1,0,0,59,57,95,37.5,Matches
217,Nemanja Gudelj,rs SRB,"MF,DF",Sevilla,28,1991,11.6,8,0,0,21,9,0,2,24,12,0,0,0,48,14,19,42.4,Matches
218,Gonçalo Guedes,pt POR,"MF,FW",Valencia,23,1996,25.4,3,1,0,29,68,4,48,8,12,0,0,0,94,8,17,32,Matches
219,Ander Guevara,es ESP,MF,Real Sociedad,23,1997,23.1,5,0,0,30,14,0,3,25,23,0,0,0,170,26,26,50,Matches
220,John Guidetti,se SWE,FW,Alavés,28,1992,2.3,1,0,0,7,2,1,6,1,2,0,0,0,7,4,4,50,Matches
221,Hugo Guillamón,es ESP,DF,Valencia,20,2000,22.1,8,0,0,33,28,1,1,27,13,0,1,1,124,51,43,54.3,Matches
222,Jon Guridi,es ESP,MF,Real Sociedad,25,1995,9.2,2,0,0,11,14,0,1,10,9,1,0,0,42,13,18,41.9,Matches
223,Raúl Guti,es ESP,MF,Elche,23,1996,31.8,4,1,0,33,53,1,13,49,28,0,0,0,185,14,19,42.4,Matches
224,Marcos Mauro López Gutiérrez,ar ARG,DF,Cádiz,29,1991,20.3,2,1,0,11,5,0,0,22,15,0,1,0,75,34,24,58.6,Matches
225,Miguel Gutiérrez,es ESP,DF,Real Madrid,19,2001,3.5,0,0,0,6,7,1,19,5,0,0,0,0,23,6,4,60,Matches
226,Munir El Haddadi,ma MAR,FW,Sevilla,24,1995,9.4,2,0,0,22,28,7,17,5,8,0,0,0,55,8,15,34.8,Matches
227,Eden Hazard,be BEL,"FW,MF",Real Madrid,29,1991,5.9,0,0,0,2,19,3,3,3,2,0,0,0,18,2,7,22.2,Matches
228,Mario Hermoso,es ESP,DF,Atlético Madrid,25,1995,28.6,6,0,0,30,30,3,8,36,31,0,0,1,151,33,38,46.5,Matches
229,Aridane Hernández,gq EQG,DF,Osasuna,31,1989,22.5,3,1,0,21,20,0,0,34,11,0,0,0,137,59,37,61.5,Matches
230,Héctor Herrera,mx MEX,MF,Atlético Madrid,30,1990,7.6,2,0,0,9,6,1,5,14,7,0,0,0,59,15,14,51.7,Matches
231,Sergio Herrera,es ESP,GK,Osasuna,27,1993,32.9,2,0,0,1,10,0,0,3,0,0,1,0,37,10,1,90.9,Matches
232,Yangel Herrera,ve VEN,MF,Granada,22,1998,25.7,7,0,0,69,59,5,11,26,26,1,1,0,145,122,115,51.5,Matches
233,Pablo Hervías,es ESP,"DF,MF",Valladolid,27,1993,13.4,1,0,0,8,17,0,124,11,12,0,0,0,108,9,10,47.4,Matches
234,Jordan Holsgrove,sct SCO,MF,Celta Vigo,20,1999,1.6,0,0,0,3,3,0,3,2,4,0,0,0,8,0,0,,Matches
235,Vicente Iborra,es ESP,MF,Villarreal,32,1988,10.3,4,0,0,15,8,0,0,14,8,0,0,0,68,20,16,55.6,Matches
236,Oussama Idrissi,ma MAR,"FW,MF",Sevilla,24,1996,0.3,0,0,0,1,0,0,3,1,1,0,0,0,2,0,1,0,Matches
237,Iglesias,es ESP,"DF,MF",Getafe,22,1998,6.7,2,0,0,15,16,1,18,17,15,0,0,0,33,10,10,50,Matches
238,Borja Iglesias,es ESP,FW,Betis,27,1993,15.7,2,0,0,20,21,6,4,3,1,4,0,0,26,30,38,44.1,Matches
239,Asier Illarramendi,es ESP,MF,Real Sociedad,30,1990,3.7,2,0,0,6,10,0,6,5,2,0,0,0,11,11,9,55,Matches
240,Pablo Insua,es ESP,DF,Huesca,26,1993,17.6,9,0,0,27,5,1,1,24,18,0,0,0,60,40,31,56.3,Matches
241,Takashi Inui,jp JPN,"MF,FW",Eibar,32,1988,20.2,0,0,0,28,18,7,87,12,8,1,0,0,89,6,20,23.1,Matches
242,Alexander Isak,se SWE,FW,Real Sociedad,20,1999,26,4,0,0,26,33,22,18,3,5,3,0,0,50,38,68,35.8,Matches
243,Isco,es ESP,MF,Real Madrid,28,1992,10.1,1,0,0,17,18,0,30,2,9,0,0,0,48,5,15,25,Matches
244,Jairo Izquierdo,es ESP,"MF,DF",Cádiz,26,1993,14.2,4,0,0,12,16,3,40,14,13,0,0,0,91,10,12,45.5,Matches
245,Saidy Janko,gm GAM,DF,Valladolid,24,1995,13.6,4,0,0,14,2,3,46,18,10,0,0,0,55,28,15,65.1,Matches
246,Adnan Januzaj,be BEL,"FW,MF",Real Sociedad,25,1995,11.3,2,0,0,8,36,2,73,3,8,1,0,0,60,8,11,42.1,Matches
247,Jason,es ESP,"MF,DF",Valencia,26,1994,4.9,4,1,1,6,15,0,15,10,3,0,0,0,23,5,9,35.7,Matches
248,Luis Javier Suárez,co COL,"FW,MF",Granada,22,1997,18.5,6,0,0,28,32,4,11,8,11,1,0,0,62,25,74,25.3,Matches
249,Joaquín,es ESP,"FW,MF",Betis,39,1981,14.3,2,0,0,10,12,2,66,17,3,0,0,0,55,13,20,39.4,Matches
250,John Joe,ie IRL,"MF,FW",Getafe,16,2003,0.7,0,0,0,2,0,0,3,0,0,0,0,0,2,1,4,20,Matches
251,Frenkie de Jong,nl NED,"MF,DF",Barcelona,23,1997,35,5,0,0,25,44,4,7,38,27,0,1,0,215,39,30,56.5,Matches
252,Luuk de Jong,nl NED,FW,Sevilla,29,1990,14.1,3,0,0,20,32,11,2,5,5,0,0,0,38,69,55,55.6,Matches
253,Jony,es ESP,"MF,FW",Osasuna,29,1991,9.7,0,0,0,10,8,1,83,14,3,0,0,0,37,4,7,36.4,Matches
254,Joan Jordán,es ESP,MF,Sevilla,26,1994,26.7,8,1,1,54,42,0,50,27,28,0,0,0,170,17,16,51.5,Matches
255,Josan,es ESP,"MF,DF",Elche,30,1989,21.4,3,0,0,23,29,1,102,21,18,0,0,0,101,6,11,35.3,Matches
256,Willian José,br BRA,FW,Real Sociedad,28,1991,7.7,0,0,0,3,10,3,6,0,1,0,0,0,30,14,18,43.8,Matches
257,Joselu,es ESP,FW,Alavés,30,1990,33.6,1,0,0,43,74,14,26,15,14,1,0,0,118,249,109,69.6,Matches
258,Josema,es ESP,DF,Elche,24,1996,21.8,3,0,0,22,18,1,33,37,28,0,0,0,91,35,33,51.5,Matches
259,Jota,pt POR,"MF,FW",Valladolid,21,1999,7.4,1,0,0,6,9,1,16,6,3,0,0,0,42,2,7,22.2,Matches
260,Jota,es ESP,MF,Alavés,29,1991,15.5,5,1,1,18,4,2,36,9,14,0,0,0,83,4,9,30.8,Matches
261,Luka Jovic,rs SRB,FW,Real Madrid,22,1997,1.7,0,0,0,2,1,2,1,0,0,0,0,0,1,3,3,50,Matches
262,Juanmi,es ESP,"FW,MF",Betis,27,1993,6.7,1,0,0,12,3,7,0,2,9,0,0,0,21,12,16,42.9,Matches
263,Vinicius Júnior,br BRA,FW,Real Madrid,20,2000,21.9,3,0,0,26,54,8,39,7,22,1,1,0,91,4,11,26.7,Matches
264,Jens Jønsson,dk DEN,MF,Cádiz,27,1993,29.1,6,0,0,34,24,0,3,51,29,0,1,0,143,40,34,54.1,Matches
265,Damian K?dzior,pl POL,"FW,MF",Eibar,28,1992,2.2,0,0,0,4,3,2,27,0,0,0,0,0,9,0,3,0,Matches
266,Lee Kangin,kr KOR,"FW,MF",Valencia,19,2001,14,1,0,0,14,42,2,39,2,11,0,0,0,59,4,29,12.1,Matches
267,Stephane Keller,cm CMR,DF,Alavés,18,2001,0.2,0,0,0,0,0,0,0,0,0,0,0,0,4,0,2,0,Matches
268,Kenedy,br BRA,"FW,MF",Granada,24,1996,16.3,3,0,0,32,22,0,62,26,12,0,1,0,85,11,21,34.4,Matches
269,Kike,es ESP,FW,Eibar,30,1989,34.3,4,1,1,68,92,15,47,7,18,0,0,0,128,185,203,47.7,Matches
270,Giorgi Kochorashvili,ge GEO,MF,Levante,21,1999,0.3,0,0,0,1,2,0,0,0,0,0,0,0,1,0,1,0,Matches
271,Kenan Kodro,ba BIH,"FW,MF",Valladolid,26,1993,5.1,1,0,0,7,6,2,0,2,0,1,0,0,7,23,31,42.6,Matches
272,Kenan Kodro,ba BIH,"FW,MF",Athletic Club,26,1993,0.5,1,0,0,1,1,2,0,0,0,1,0,0,0,0,1,0,Matches
273,Koba Koindredi,fr FRA,MF,Valencia,18,2001,0.2,0,0,0,0,0,0,0,0,1,0,0,0,0,1,1,50,Matches
274,Koke,es ESP,MF,Atlético Madrid,28,1992,33.6,9,0,0,45,44,0,52,36,42,0,0,0,222,26,21,55.3,Matches
275,Geoffrey Kondogbia,cf CTA,MF,Atlético Madrid,27,1993,6.8,4,0,0,19,13,0,1,11,20,0,0,0,61,6,8,42.9,Matches
276,Geoffrey Kondogbia,cf CTA,MF,Valencia,27,1993,4.9,1,0,0,8,10,0,1,8,9,0,0,0,42,7,5,58.3,Matches
277,Youssouf Koné,ml MLI,"DF,MF",Elche,25,1995,0.8,0,0,0,1,2,1,1,0,0,0,0,0,4,0,0,,Matches
278,Jules Koundé,fr FRA,DF,Sevilla,21,1998,33.1,4,0,0,20,23,3,21,40,15,0,2,0,186,102,67,60.4,Matches
279,Toni Kroos,de GER,MF,Real Madrid,30,1990,23.5,6,0,0,27,31,1,126,15,22,0,0,0,125,12,8,60,Matches
280,Takefusa Kubo,jp JPN,"MF,FW",Villarreal,19,2001,3.3,2,1,1,3,11,0,10,1,1,0,0,0,19,0,3,0,Matches
281,Takefusa Kubo,jp JPN,"MF,FW",Getafe,19,2001,8.9,2,0,0,18,22,4,28,14,4,0,0,0,34,5,17,22.7,Matches
282,Kuki,es ESP,MF,Valladolid,22,1998,0.3,0,0,0,1,0,0,1,0,1,0,0,0,0,1,1,50,Matches
283,Víctor Laguardia,es ESP,DF,Alavés,30,1989,29.2,5,1,0,25,11,1,5,37,12,0,0,0,107,52,36,59.1,Matches
284,Diego Lainez,mx MEX,"FW,MF",Betis,20,2000,9.6,5,0,0,14,28,2,21,11,4,0,0,0,50,6,10,37.5,Matches
285,Toni Lato,es ESP,DF,Valencia,22,1997,8.1,3,0,0,14,5,1,11,10,6,0,1,1,46,8,11,42.1,Matches
286,Lauti,uy URU,FW,Celta Vigo,19,2001,0.2,0,0,0,1,0,1,0,0,0,,,0,,,,,Matches
287,Robin Le Normand,fr FRA,DF,Real Sociedad,23,1996,30.5,5,1,0,41,18,2,2,36,20,2,1,0,139,119,78,60.4,Matches
288,Jeremías Ledesma,ar ARG,GK,Cádiz,27,1993,32,0,0,0,1,7,0,0,0,0,0,1,0,31,9,1,90,Matches
289,Florian Lejeune,fr FRA,DF,Alavés,29,1991,33.5,10,0,0,33,17,2,7,51,32,0,1,0,160,96,50,65.8,Matches
290,Iñigo Lekue,es ESP,DF,Athletic Club,27,1993,7.2,1,0,0,17,3,2,34,4,7,0,0,0,41,4,9,30.8,Matches
291,Thomas Lemar,fr FRA,MF,Atlético Madrid,24,1995,15.2,4,0,0,15,23,0,70,11,17,1,0,0,73,7,10,41.2,Matches
292,Clément Lenglet,fr FRA,DF,Barcelona,25,1995,27.5,11,2,2,50,31,6,5,33,21,0,2,1,164,59,46,56.2,Matches
293,Pedro León,es ESP,"MF,FW",Eibar,33,1986,10.4,2,0,0,10,10,4,107,7,8,0,0,0,35,18,19,48.6,Matches
294,Sergio León,es ESP,FW,Levante,31,1989,8.3,0,0,0,14,6,5,3,3,2,0,0,0,26,10,22,31.3,Matches
295,Diego Llorente,es ESP,DF,Real Sociedad,26,1993,1,0,0,0,2,0,0,0,2,0,0,0,0,4,3,0,100,Matches
296,Marcos Llorente,es ESP,"MF,FW",Atlético Madrid,25,1995,32.8,6,0,0,58,38,6,61,29,42,0,1,0,182,19,32,37.3,Matches
297,Renan Lodi,br BRA,"DF,FW",Atlético Madrid,22,1998,12.5,3,0,0,19,27,2,67,16,17,0,0,0,73,10,16,38.5,Matches
298,Adrián López,es ESP,"FW,MF",Osasuna,32,1988,5.3,0,0,0,4,4,4,5,0,3,0,0,0,22,17,29,37,Matches
299,Javi López,es ESP,"DF,MF",Alavés,18,2002,2.8,1,1,0,3,3,0,17,3,5,0,0,0,14,2,4,33.3,Matches
300,Pedro López Muñoz,es ESP,DF,Huesca,36,1983,11.9,2,0,0,14,15,3,52,16,15,0,0,0,48,15,11,57.7,Matches
301,Roberto López,es ESP,"MF,FW",Real Sociedad,20,2000,5.6,0,0,0,2,5,1,34,4,1,0,0,0,34,5,10,33.3,Matches
302,Unai López,es ESP,MF,Athletic Club,24,1995,15.8,7,0,0,21,20,1,33,18,17,0,0,1,97,7,17,29.2,Matches
303,Anthony Lozano,hn HON,FW,Cádiz,27,1993,16.9,5,0,0,49,32,10,22,3,4,0,0,0,43,59,80,42.4,Matches
304,Jeison Lucumí,co COL,MF,Elche,25,1995,0.5,0,0,0,1,0,0,0,0,1,0,0,0,3,1,1,50,Matches
305,José Luis Gayà,es ESP,DF,Valencia,25,1995,31.6,6,0,0,29,30,12,130,38,33,0,2,0,181,27,35,43.5,Matches
306,José Luis Morales,es ESP,"MF,FW",Levante,33,1987,27.1,3,0,0,17,18,18,95,11,10,0,0,0,97,13,22,37.1,Matches
307,Luisinho,pt POR,DF,Huesca,35,1985,2,1,0,0,0,4,0,2,4,3,0,0,0,9,2,0,100,Matches
308,Luismi,es ESP,"MF,DF",Elche,28,1992,1.9,0,0,0,6,1,0,0,4,2,0,1,0,11,2,0,100,Matches
309,Darwin Machís,ve VEN,"FW,MF",Granada,27,1993,22.5,1,0,0,32,45,11,108,22,17,0,0,0,132,12,42,22.2,Matches
310,Pablo Maffeo,es ESP,DF,Huesca,23,1997,21.8,4,0,0,12,43,2,102,35,17,0,2,0,113,40,23,63.5,Matches
311,Abdallahi Mahmoud,mr MTN,MF,Alavés,20,2000,0.7,0,0,0,1,1,0,0,1,2,0,0,0,2,1,1,50,Matches
312,Nemanja Maksimovi?,rs SRB,MF,Getafe,25,1995,30.3,5,0,0,26,9,0,23,57,28,0,1,0,133,50,67,42.7,Matches
313,Filip Malbasic,rs SRB,"FW,MF",Cádiz,27,1992,9.6,2,0,0,17,15,7,20,4,7,0,0,0,23,12,48,20,Matches
314,Hugo Mallo,es ESP,DF,Celta Vigo,29,1991,28.9,8,0,0,56,28,6,89,37,40,1,2,0,141,64,52,55.2,Matches
315,Mickael Malsa,mq MTQ,MF,Levante,24,1995,26,5,0,0,37,36,0,1,43,26,0,0,0,208,21,29,42,Matches
316,Aïssa Mandi,dz ALG,DF,Betis,28,1991,26.6,6,2,1,20,13,2,1,39,17,0,2,0,129,41,25,62.1,Matches
317,Eliaquim Mangala,fr FRA,DF,Valencia,29,1991,3.6,1,0,0,5,2,2,0,6,0,0,0,0,23,19,9,67.9,Matches
318,Maranhão,br BRA,FW,Valladolid,23,1996,13.1,3,0,0,25,26,7,9,2,2,1,0,0,29,40,84,32.3,Matches
319,Marcelo,br BRA,"DF,MF",Real Madrid,32,1988,11.7,3,0,0,10,15,4,50,10,21,0,1,0,66,5,17,22.7,Matches
320,Iván Marcone,ar ARG,MF,Elche,30,1990,29.4,10,1,1,29,19,0,4,36,41,0,2,0,195,21,16,56.8,Matches
321,Óscar de Marcos,es ESP,"DF,MF",Athletic Club,31,1989,16.9,2,0,0,13,5,2,58,12,17,0,0,0,86,12,14,46.2,Matches
322,José Mari,es ESP,MF,Cádiz,32,1987,16.1,5,0,0,27,18,0,10,27,17,0,0,0,123,28,28,50,Matches
323,José María Giménez,uy URU,DF,Atlético Madrid,25,1995,19.6,5,0,0,19,17,2,1,21,7,0,0,0,82,45,29,60.8,Matches
324,Mariano,do DOM,FW,Real Madrid,26,1993,5.7,0,0,0,8,5,13,0,0,2,0,0,0,11,20,14,58.8,Matches
325,Adrián Marín,es ESP,"DF,MF",Alavés,23,1997,1,0,0,0,3,0,0,1,2,1,0,0,0,8,3,1,75,Matches
326,Adrián Marín,es ESP,"DF,MF",Granada,23,1997,3,1,0,0,3,2,0,5,4,2,0,0,0,15,4,2,66.7,Matches
327,Roger Martí,es ESP,FW,Levante,29,1991,24.4,4,0,0,43,25,14,12,4,7,0,0,0,50,20,44,31.3,Matches
328,Aarón Martín,es ESP,DF,Celta Vigo,23,1997,17.1,1,0,0,25,15,3,54,13,20,0,0,0,72,15,19,44.1,Matches
329,Álex Martín,es ESP,DF,Cádiz,22,1998,1.1,0,0,0,1,0,0,3,0,0,0,0,0,3,2,1,66.7,Matches
330,Iñigo Martínez,es ESP,DF,Athletic Club,29,1991,28,9,1,0,30,35,4,10,28,15,0,0,0,159,69,46,60,Matches
331,Javi Martínez,es ESP,"MF,FW",Osasuna,20,1999,5.1,1,0,0,5,7,0,7,5,4,0,0,0,37,5,5,50,Matches
332,Marvin,es ESP,"DF,MF",Real Madrid,20,2000,1.5,0,0,0,1,5,0,4,2,2,0,0,0,5,3,1,75,Matches
333,Jordi Masip,es ESP,GK,Valladolid,31,1989,25,3,0,0,1,2,0,0,2,0,0,0,0,21,5,0,100,Matches
334,Jaime Mata,es ESP,FW,Getafe,31,1988,22.6,9,1,0,70,36,27,35,6,7,0,0,0,62,78,136,36.4,Matches
335,Borja Mayoral,es ESP,FW,Real Madrid,23,1997,0.3,0,0,0,2,0,2,0,0,0,0,0,0,0,0,0,,Matches
336,Gonzalo Melero,es ESP,"MF,FW",Levante,26,1994,20.6,4,0,0,25,33,1,3,18,15,0,0,0,119,40,51,44,Matches
337,Brais Méndez,es ESP,"MF,FW",Celta Vigo,23,1997,29.7,8,0,0,77,62,5,33,32,31,2,0,0,162,32,63,33.7,Matches
338,Édgar Méndez,es ESP,"MF,FW",Alavés,30,1990,23.2,12,1,1,52,51,8,62,19,29,0,0,0,107,58,50,53.7,Matches
339,Eñaut Mendía,es ESP,FW,Eibar,21,1999,0.7,1,0,0,3,0,1,2,0,1,0,1,0,3,0,0,,Matches
340,Ferland Mendy,fr FRA,DF,Real Madrid,25,1995,24.5,3,0,0,22,39,5,35,26,16,0,0,0,119,10,14,41.7,Matches
341,Mikel Merino,es ESP,MF,Real Sociedad,24,1996,23.9,5,0,0,79,54,3,21,32,36,0,0,0,174,80,69,53.7,Matches
342,Martín Merquelanz,es ESP,"MF,FW",Real Sociedad,25,1995,6.1,0,0,0,4,13,2,47,3,3,0,0,0,31,4,7,36.4,Matches
343,Roque Mesa,es ESP,MF,Valladolid,31,1989,19.6,4,1,0,29,36,6,55,14,29,0,0,0,136,15,29,34.1,Matches
344,Lionel Messi,ar ARG,"FW,MF",Barcelona,33,1987,33.6,4,0,0,22,99,7,126,6,10,0,0,0,66,7,10,41.2,Matches
345,Omenuke Mfulu,cd COD,MF,Elche,26,1994,8.8,4,0,0,13,6,0,1,11,12,0,0,0,34,9,6,60,Matches
346,Míchel,es ESP,MF,Valladolid,32,1988,10.5,3,0,0,16,11,0,44,9,11,0,0,0,85,5,8,38.5,Matches
347,Éder Militão,br BRA,DF,Real Madrid,22,1998,12.6,3,1,0,15,12,0,2,19,8,0,1,0,70,31,13,70.5,Matches
348,Luis Milla,es ESP,MF,Granada,25,1994,13.9,1,0,0,16,20,0,35,24,11,0,0,0,79,14,13,51.9,Matches
349,Pere Milla,es ESP,"FW,MF",Elche,27,1992,22,6,0,0,31,54,5,9,13,17,0,1,0,84,41,43,48.8,Matches
350,Álex Millán,es ESP,FW,Villarreal,20,1999,0,0,0,0,1,0,0,0,0,0,0,0,0,0,0,0,,Matches
351,Santi Mina,es ESP,FW,Celta Vigo,24,1995,26.8,4,0,0,63,62,11,9,6,13,3,0,0,82,100,112,47.2,Matches
352,Óscar Mingueza,es ESP,DF,Barcelona,21,1999,21.1,4,0,0,20,16,1,15,20,33,0,0,0,119,14,22,38.9,Matches
353,Rafa Mir,es ESP,FW,Huesca,23,1997,32,2,0,0,62,20,36,21,15,9,1,0,0,80,103,119,46.4,Matches
354,Jorge Miramón,es ESP,DF,Levante,31,1989,19.2,1,0,0,15,11,1,70,27,22,1,0,0,124,21,21,50,Matches
355,Juan Miranda,es ESP,DF,Betis,20,2000,18.4,4,0,0,24,21,1,56,29,11,0,0,0,58,27,45,37.5,Matches
356,Luka Modric,hr CRO,MF,Real Madrid,34,1985,30.4,4,0,0,30,33,1,79,48,23,0,0,0,185,19,21,47.5,Matches
357,Johan Mojica,co COL,DF,Elche,27,1992,13.4,3,0,0,17,12,1,61,15,10,0,1,0,96,11,15,42.3,Matches
358,Guillem Molina,es ESP,DF,Valencia,20,2000,1.7,1,0,0,4,2,0,0,4,0,0,1,0,8,5,6,45.5,Matches
359,Jorge Molina,es ESP,FW,Granada,38,1982,17.9,3,0,0,28,27,10,4,3,4,1,0,0,44,83,87,48.8,Matches
360,Victor Mollejo,es ESP,"MF,DF",Getafe,19,2001,0.8,0,0,0,0,2,0,0,0,1,0,0,0,1,1,1,50,Matches
361,Jon Moncayola,es ESP,MF,Osasuna,22,1998,29.6,7,1,1,39,10,0,29,23,36,0,1,0,205,35,33,51.5,Matches
362,Nacho Monreal,es ESP,DF,Real Sociedad,34,1986,23.1,1,0,0,25,16,2,51,31,19,0,0,0,115,32,36,47.1,Matches
363,Ángel Montoro,es ESP,MF,Granada,32,1988,15.1,6,0,0,23,20,1,77,22,9,0,0,0,74,8,14,36.4,Matches
364,Martín Montoya,es ESP,DF,Betis,29,1991,2.7,0,1,0,3,1,0,6,2,3,0,0,0,10,8,1,88.9,Matches
365,Emre Mor,tr TUR,"FW,MF",Celta Vigo,23,1997,5.6,2,0,0,7,13,6,5,5,4,0,0,0,20,4,8,33.3,Matches
366,Jon Morcillo,es ESP,"MF,FW",Athletic Club,21,1998,15.1,3,0,0,21,16,3,138,15,9,0,0,0,58,12,20,37.5,Matches
367,Alberto Moreno,es ESP,DF,Villarreal,28,1992,2.1,0,0,0,3,3,0,6,3,4,0,0,0,6,0,0,,Matches
368,Álex Moreno,es ESP,DF,Betis,27,1993,19.8,4,0,0,21,22,0,42,35,26,0,1,0,132,23,23,50,Matches
369,Gerard Moreno,es ESP,FW,Villarreal,28,1992,29.7,3,0,0,44,58,19,35,15,15,0,0,0,92,62,67,48.1,Matches
370,Tete Morente,es ESP,"MF,FW",Elche,23,1996,22.4,5,0,0,28,34,5,88,13,17,0,0,0,100,21,28,42.9,Matches
371,Ilaix Moriba,gn GUI,MF,Barcelona,17,2003,6,1,0,0,16,19,0,1,5,6,0,0,0,20,13,9,59.1,Matches
372,Loren Morón,es ESP,FW,Betis,26,1993,11,2,0,0,15,25,9,1,3,7,1,0,0,19,30,58,34.1,Matches
373,Pedro Mosquera,es ESP,MF,Huesca,32,1988,22.8,1,0,0,26,21,0,7,31,18,0,0,0,132,25,39,39.1,Matches
374,Javi Moyano,es ESP,DF,Valladolid,34,1986,1.1,0,0,0,0,1,0,1,0,0,0,0,0,3,3,1,75,Matches
375,Iker Muniain,es ESP,"MF,FW",Athletic Club,27,1992,21.6,1,0,0,17,69,2,64,11,7,1,0,0,91,11,14,44,Matches
376,Aihen Muñoz,es ESP,DF,Real Sociedad,22,1997,13.4,6,0,0,18,9,0,55,10,16,0,0,0,57,14,19,42.4,Matches
377,Joaquín Muñoz,es ESP,FW,Huesca,21,1999,0.5,0,0,0,2,2,0,1,1,0,0,0,0,2,1,3,25,Matches
378,Jeison Murillo,co COL,DF,Celta Vigo,28,1992,30,11,1,1,45,30,0,0,36,21,0,1,0,166,86,56,60.6,Matches
379,Yunus Musah,us USA,MF,Valencia,17,2002,17,2,0,0,20,29,3,16,15,18,0,0,0,80,20,20,50,Matches
380,Yoshinori Mut?,jp JPN,"FW,MF",Eibar,28,1992,12.5,1,0,0,28,15,7,9,3,7,1,0,0,46,39,44,47,Matches
381,Nacho,es ESP,DF,Valladolid,31,1989,20.1,3,1,0,14,22,0,67,29,21,0,1,0,128,21,21,50,Matches
382,Nacho,es ESP,DF,Real Madrid,30,1990,22.2,8,0,0,38,25,2,21,40,14,0,1,0,98,31,31,50,Matches
383,Nano,es ESP,FW,Cádiz,25,1995,0.1,0,0,0,0,0,0,0,0,0,0,0,0,2,0,2,0,Matches
384,Roberto Navarro,es ESP,MF,Real Sociedad,18,2002,0.4,0,0,0,1,1,0,2,1,1,0,0,0,4,1,0,100,Matches
385,Ximo Navarro,es ESP,DF,Alavés,30,1990,26.4,6,0,0,33,34,0,43,47,30,1,0,0,129,19,35,35.2,Matches
386,Jesús Navas,es ESP,DF,Sevilla,34,1985,31.4,4,0,0,10,19,2,171,37,21,0,0,0,172,20,12,62.5,Matches
387,Raúl Navas,es ESP,DF,Osasuna,32,1988,1.9,0,0,0,2,0,0,0,3,3,0,1,0,10,0,3,0,Matches
388,Álvaro Negredo,es ESP,FW,Cádiz,34,1985,24.4,5,1,1,21,37,7,10,3,5,0,1,0,43,126,135,48.3,Matches
389,Neto,br BRA,GK,Barcelona,31,1989,7,0,0,0,0,0,0,0,0,0,0,0,0,7,0,0,,Matches
390,Carlos Neva,es ESP,DF,Granada,24,1996,20,1,0,0,7,25,1,49,27,6,0,0,0,67,15,31,32.6,Matches
391,Mamor Niang,sn SEN,"MF,FW",Getafe,18,2002,0.2,0,0,0,0,1,0,0,0,1,0,0,0,1,1,4,20,Matches
392,Nieto,es ESP,"FW,DF",Cádiz,22,1998,0.2,0,0,0,0,0,0,0,0,1,0,0,0,2,1,0,100,Matches
393,Saúl Ñíguez,es ESP,"MF,DF",Atlético Madrid,25,1994,22.6,10,0,0,44,15,7,25,19,34,0,1,0,109,61,68,47.3,Matches
394,Nino,es ESP,"FW,MF",Elche,40,1980,3.2,1,0,0,4,6,1,5,0,0,0,0,0,7,2,6,25,Matches
395,Fernando Niño,es ESP,FW,Villarreal,19,2000,6.6,1,0,0,6,14,6,1,2,3,0,0,0,19,13,14,48.1,Matches
396,Nolito,es ESP,"MF,FW",Celta Vigo,33,1986,28.9,7,0,0,49,41,10,47,22,36,0,2,0,174,11,37,22.9,Matches
397,Unai Núñez,es ESP,DF,Athletic Club,23,1997,23.4,6,0,0,22,11,1,1,32,12,0,3,0,122,61,43,58.7,Matches
398,Kelechi Nwakali,ng NGA,"MF,FW",Huesca,22,1998,1.6,1,0,0,3,1,0,0,1,3,0,0,0,14,2,1,66.7,Matches
399,Allan Nyom,cm CMR,"MF,DF",Getafe,32,1988,25.8,10,1,0,44,20,1,94,22,23,0,0,0,126,51,39,56.7,Matches
400,Jan Oblak,si SVN,GK,Atlético Madrid,27,1993,38,0,0,0,0,5,0,0,0,0,0,0,1,49,6,1,85.7,Matches
401,Lucas Ocampos,ar ARG,FW,Sevilla,26,1994,29.2,3,0,0,34,76,5,51,19,24,1,0,0,117,31,35,47,Matches
402,Álvaro Odriozola,es ESP,DF,Real Madrid,24,1995,9.2,0,0,0,5,5,1,39,6,7,0,0,0,36,2,8,20,Matches
403,Shinji Okazaki,jp JPN,"FW,MF",Huesca,34,1986,12.5,1,0,0,14,14,11,5,4,5,0,0,0,22,29,51,36.3,Matches
404,Lucas Olaza,uy URU,DF,Valladolid,26,1994,14,4,0,0,9,14,1,72,15,9,0,1,0,61,15,16,48.4,Matches
405,Lucas Olaza,uy URU,DF,Celta Vigo,26,1994,17.9,4,0,0,18,18,2,60,24,16,1,0,1,93,27,26,50.9,Matches
406,Christian Oliva,uy URU,MF,Valencia,24,1996,2.2,0,0,0,3,3,0,1,6,0,0,0,0,18,1,2,33.3,Matches
407,Kiko Olivas,es ESP,DF,Valladolid,31,1988,2,1,0,0,2,1,0,0,7,2,0,0,0,16,2,4,33.3,Matches
408,Paulo Oliveira,pt POR,DF,Eibar,28,1992,29.3,4,0,0,27,8,1,2,59,21,0,0,0,150,95,60,61.3,Matches
409,Mathías Olivera,uy URU,DF,Getafe,22,1997,29,6,0,0,27,24,2,64,31,33,0,1,0,160,77,69,52.7,Matches
410,Javier Ontiveros,es ESP,"FW,MF",Huesca,22,1997,10.2,5,0,0,27,32,0,32,9,14,0,0,0,70,8,15,34.8,Matches
411,Fabián Orellana,cl CHI,"MF,FW",Valladolid,34,1986,23.8,5,0,0,26,57,5,95,15,19,0,0,0,139,8,48,14.3,Matches
412,Mikel Oyarzabal,es ESP,"FW,MF",Real Sociedad,23,1997,26.8,1,0,0,24,40,17,151,15,17,1,0,0,127,18,43,29.5,Matches
413,Fernando Pacheco,es ESP,GK,Alavés,28,1992,37.2,1,0,0,0,3,0,0,2,0,0,0,0,34,7,1,87.5,Matches
414,Jon Pacheco,es ESP,DF,Real Sociedad,19,2001,0.4,0,0,0,0,0,0,0,1,0,0,0,0,4,0,1,0,Matches
415,Helibelton Palacios,co COL,DF,Elche,27,1993,8.3,0,0,0,5,7,0,14,5,10,0,0,0,44,8,8,50,Matches
416,Ante Palaversa,hr CRO,MF,Getafe,20,2000,0.1,0,0,0,1,0,0,3,0,0,0,0,0,3,0,0,,Matches
417,Daniel Parejo,es ESP,MF,Villarreal,31,1989,34.6,4,0,0,32,60,0,112,45,40,0,0,0,226,24,24,50,Matches
418,Thomas Partey,gh GHA,MF,Atlético Madrid,27,1993,2.2,1,0,0,5,1,0,3,2,4,0,0,0,17,2,2,50,Matches
419,Gabriel Paulista,br BRA,DF,Valencia,29,1990,30.2,6,0,0,18,26,0,1,59,11,1,1,0,162,69,37,65.1,Matches
420,Alfonso Pedraza,es ESP,DF,Villarreal,24,1996,23.3,8,0,0,42,23,1,106,34,19,2,0,1,101,32,30,51.6,Matches
421,Pedri,es ESP,MF,Barcelona,17,2002,26.8,2,0,0,17,42,0,11,33,27,1,0,0,142,5,9,35.7,Matches
422,Facundo Pellistri,uy URU,"MF,FW",Alavés,18,2001,6,0,0,0,6,9,1,13,4,5,0,0,0,23,8,12,40,Matches
423,Rubén Peña,es ESP,DF,Villarreal,29,1991,12.4,1,0,0,22,18,0,39,13,14,0,0,0,56,16,10,61.5,Matches
424,Pepe,es ESP,DF,Granada,20,2000,2.8,0,0,0,7,1,0,0,4,2,0,1,0,11,4,7,36.4,Matches
425,Alberto Perea,es ESP,MF,Cádiz,29,1990,17.2,0,0,0,6,33,1,57,21,17,0,0,0,96,4,9,30.8,Matches
426,Iñigo Pérez,es ESP,"MF,DF",Osasuna,32,1988,15,4,1,1,15,11,0,43,15,10,0,0,0,90,11,27,28.9,Matches
427,Juan Pérez,es ESP,GK,Osasuna,24,1996,3,0,0,0,0,0,0,0,0,0,0,0,0,5,0,0,,Matches
428,Kike Pérez,es ESP,MF,Valladolid,23,1997,12.9,3,0,0,31,25,1,12,17,19,1,0,0,71,24,37,39.3,Matches
429,Lucas Pérez,es ESP,FW,Alavés,31,1988,19.5,1,0,0,11,29,15,143,2,2,1,0,0,75,2,11,15.4,Matches
430,Luis Pérez,es ESP,DF,Valladolid,25,1995,14.4,1,0,0,15,16,1,43,14,17,0,1,0,66,22,17,56.4,Matches
431,Nehuén Pérez,ar ARG,DF,Granada,20,2000,8.2,4,0,0,10,1,0,0,12,3,0,0,0,22,15,20,42.9,Matches
432,Pablo Piatti,ar ARG,"MF,FW",Elche,31,1989,4,1,0,0,11,9,5,17,2,6,0,0,0,17,1,9,10,Matches
433,Cristiano Piccini,it ITA,DF,Valencia,27,1992,0.7,0,0,0,0,0,0,4,0,1,0,0,0,5,1,0,100,Matches
434,Tomás Pina Isla,es ESP,MF,Alavés,32,1987,28.6,12,0,0,69,30,2,6,37,18,0,0,0,156,44,41,51.8,Matches
435,Yeremi Pino,es ESP,"FW,MF",Villarreal,17,2002,8.9,4,0,0,21,14,2,10,9,11,1,1,0,31,8,14,36.4,Matches
436,Gerard Piqué,es ESP,DF,Barcelona,33,1987,16.5,4,0,0,13,5,2,0,26,11,0,0,0,88,61,22,73.5,Matches
437,Miralem Pjani?,ba BIH,MF,Barcelona,30,1990,7,1,0,0,4,10,0,9,11,8,0,0,0,54,10,4,71.4,Matches
438,Óscar Plano,es ESP,"MF,FW",Valladolid,29,1991,28,1,1,0,42,60,3,33,34,24,0,1,0,149,51,66,43.6,Matches
439,Dani Plomer,es ESP,FW,Granada,21,1998,0.5,0,0,0,0,0,0,0,0,0,0,0,0,0,0,2,0,Matches
440,Jorge Pombo,es ESP,"FW,MF",Cádiz,26,1994,5.8,1,0,0,9,13,0,17,2,3,0,0,0,34,4,3,57.1,Matches
441,Pere Pons,es ESP,MF,Alavés,27,1993,13.2,1,0,0,17,18,1,7,7,10,0,0,0,68,13,20,39.4,Matches
442,Francisco Portillo,es ESP,"MF,FW",Getafe,30,1990,4.6,1,0,0,4,4,0,19,5,3,0,0,0,31,1,15,6.3,Matches
443,Portu,es ESP,"FW,MF",Real Sociedad,28,1992,24.3,3,0,0,35,25,22,68,8,8,0,0,0,85,18,35,34,Matches
444,Sergio Postigo,es ESP,DF,Levante,31,1988,18,4,0,0,15,12,0,2,33,12,0,0,1,88,23,15,60.5,Matches
445,Darío Poveda,es ESP,FW,Getafe,23,1997,0.1,0,0,0,1,0,0,0,0,0,0,0,0,0,2,1,66.7,Matches
446,Alejandro Pozo Pozo,es ESP,"DF,MF",Eibar,21,1999,24.3,4,0,0,20,18,2,89,27,22,0,0,0,136,8,28,22.2,Matches
447,Antonio Puertas,es ESP,"FW,MF",Granada,28,1992,24.1,6,0,0,31,25,13,53,12,13,0,0,0,89,47,90,34.3,Matches
448,Riqui Puig,es ESP,"MF,FW",Barcelona,20,1999,3.2,1,0,0,2,10,0,1,1,3,0,0,0,20,1,3,25,Matches
449,Jorge Pulido,es ESP,DF,Huesca,29,1991,32.1,6,1,1,35,26,4,13,52,24,0,1,0,128,61,48,56,Matches
450,Domingos Quina,pt POR,MF,Granada,20,1999,3.8,1,0,0,5,10,1,2,2,5,0,0,0,20,4,3,57.1,Matches
451,Quini,es ESP,DF,Granada,30,1989,13.2,5,0,0,18,9,0,30,15,22,0,0,0,80,24,11,68.6,Matches
452,Quique,es ESP,"FW,MF",Eibar,30,1990,1.9,0,0,0,3,4,1,0,0,0,0,0,0,5,3,13,18.8,Matches
453,Dani Raba,es ESP,"MF,FW",Villarreal,24,1995,1.7,0,0,0,3,9,1,7,0,1,0,0,0,7,1,1,50,Matches
454,Uros Racic,rs SRB,MF,Valencia,22,1998,24.3,6,0,0,44,25,1,4,26,22,0,1,0,159,70,51,57.9,Matches
455,Nemanja Radoja,rs SRB,MF,Levante,27,1993,12.5,1,0,0,16,8,0,2,19,15,0,0,0,89,21,16,56.8,Matches
456,Ivan Rakitic,hr CRO,MF,Sevilla,32,1988,24.8,5,0,0,34,24,2,23,26,18,1,0,0,157,31,28,52.5,Matches
457,Jonás Ramalho,es ESP,DF,Osasuna,27,1993,3.4,0,0,0,1,2,0,4,2,4,0,0,0,22,6,1,85.7,Matches
458,Sandro Ramírez,es ESP,FW,Huesca,25,1995,14.3,2,0,0,18,51,12,20,10,9,0,0,0,54,9,26,25.7,Matches
459,Sergio Ramos,es ESP,DF,Real Madrid,34,1986,14.2,3,0,0,17,5,2,2,19,12,1,1,0,82,30,14,68.2,Matches
460,Recio,es ESP,MF,Eibar,29,1991,8.2,5,0,0,18,19,0,48,4,5,0,0,0,35,9,13,40.9,Matches
461,Francisco Reis Ferreira,pt POR,DF,Valencia,23,1997,2,0,0,0,0,0,0,0,0,1,0,0,0,4,0,4,0,Matches
462,Karim Rekik,nl NED,DF,Sevilla,25,1994,7.3,2,0,0,18,4,1,6,6,5,0,0,0,25,13,9,59.1,Matches
463,Álex Remiro,es ESP,GK,Real Sociedad,25,1995,38,0,0,0,0,7,0,0,3,0,0,0,0,63,6,0,100,Matches
464,Oriol Rey,es ESP,MF,Valladolid,22,1998,0.2,0,0,0,0,0,0,0,1,0,0,0,0,1,0,0,,Matches
465,Ricard,es ESP,DF,Atlético Madrid,20,2000,0.3,0,0,0,0,0,0,2,0,1,0,0,0,1,0,1,0,Matches
466,Mikel Rico,es ESP,MF,Huesca,35,1984,24.3,2,0,0,19,21,3,32,23,12,0,0,0,141,9,30,23.1,Matches
467,Emiliano Rigoni,ar ARG,MF,Elche,27,1993,12.7,5,0,0,21,7,7,66,6,7,0,0,0,50,5,13,27.8,Matches
468,Luis Rioja,es ESP,"MF,FW",Alavés,26,1993,23.2,4,0,0,19,28,7,90,20,14,1,0,0,107,18,23,43.9,Matches
469,Rober,es ESP,"DF,MF",Levante,25,1995,15.8,3,1,0,19,6,1,1,35,7,0,0,0,94,15,35,30,Matches
470,Roberto,es ESP,GK,Valladolid,34,1986,13,0,1,0,0,0,0,0,0,0,0,0,0,13,1,0,100,Matches
471,Sergi Roberto,es ESP,"DF,FW",Barcelona,28,1992,10.5,1,0,0,7,10,2,13,10,6,0,0,0,62,10,8,55.6,Matches
472,Joel Robles,es ESP,GK,Betis,30,1990,18,2,0,0,1,1,0,0,0,0,0,1,0,30,2,0,100,Matches
473,Rubén Rochina,es ESP,MF,Levante,29,1991,15.6,5,0,0,39,31,0,57,22,28,0,0,0,129,16,12,57.1,Matches
474,Rodrigo,es ESP,"FW,MF",Betis,20,2000,6,0,0,0,1,16,2,12,2,3,0,0,0,41,2,7,22.2,Matches
475,Kévin Rodrigues,pt POR,"DF,MF",Eibar,26,1994,12.2,1,0,0,9,16,1,65,20,8,0,0,0,66,13,30,30.2,Matches
476,Ángel Rodríguez,es ESP,"FW,MF",Getafe,33,1987,15.3,4,0,0,27,22,12,17,2,4,1,0,0,35,22,53,29.3,Matches
477,Óscar Rodríguez Arnaiz,es ESP,"MF,FW",Sevilla,22,1998,5.7,1,0,0,13,11,0,38,10,9,0,0,0,40,7,7,50,Matches
478,Guido Rodríguez,ar ARG,MF,Betis,26,1994,31.8,10,0,0,59,47,0,2,68,56,0,1,0,229,56,47,54.4,Matches
479,Miguel Rodríguez,es ESP,"FW,DF",Celta Vigo,17,2003,0.3,2,0,0,2,1,0,2,0,1,0,0,0,3,0,1,0,Matches
480,Víctor Rodríguez,es ESP,MF,Elche,31,1989,4.7,1,0,0,8,8,0,4,5,3,0,0,0,21,4,5,44.4,Matches
481,Rodrygo,br BRA,FW,Real Madrid,19,2001,10.9,0,0,0,15,23,1,24,7,6,0,0,0,40,5,14,26.3,Matches
482,Facundo Roncaglia,ar ARG,DF,Osasuna,33,1987,13.7,3,1,1,15,6,0,21,25,14,0,1,0,95,31,19,62,Matches
483,Rubén,es ESP,GK,Osasuna,36,1984,2.1,0,1,0,1,0,0,0,0,0,0,0,0,3,0,0,,Matches
484,Waldo Rubio,es ESP,"FW,MF",Valladolid,24,1995,4.2,1,0,0,8,2,1,9,3,4,0,0,0,30,0,10,0,Matches
485,Aitor Ruibal,es ESP,"FW,MF",Betis,24,1996,17.7,2,0,0,37,17,5,18,11,18,0,0,0,91,14,15,48.3,Matches
486,Isma Ruiz,es ESP,MF,Granada,19,2001,0.7,0,0,0,0,0,0,0,0,0,0,0,0,1,2,4,33.3,Matches
487,Víctor Ruiz,es ESP,DF,Betis,31,1989,24,9,0,0,23,5,3,0,44,7,0,0,2,130,65,41,61.3,Matches
488,Gerónimo Rulli,ar ARG,GK,Villarreal,28,1992,2,0,1,0,0,0,0,0,0,0,0,0,0,1,0,0,,Matches
489,Modibo Sagnan,fr FRA,DF,Real Sociedad,21,1999,6.9,3,0,0,13,4,0,1,6,7,0,0,0,33,12,11,52.2,Matches
490,Borja Sainz,es ESP,"MF,FW",Alavés,19,2001,5,1,0,0,13,7,3,11,6,3,0,0,0,33,2,8,20,Matches
491,Salvi,es ESP,"MF,FW",Cádiz,29,1991,21.5,5,0,0,16,29,7,141,20,10,0,1,0,98,19,33,36.5,Matches
492,Fede San Emeterio,es ESP,MF,Valladolid,23,1997,16.2,7,0,0,39,17,0,2,28,14,0,1,0,75,26,39,40,Matches
493,Antonio Sanabria,py PAR,FW,Betis,24,1996,10.4,2,0,0,17,11,3,4,3,5,0,0,0,34,43,37,53.8,Matches
494,Oihan Sancet,es ESP,"FW,MF",Athletic Club,20,2000,11.5,2,0,0,19,17,4,3,5,2,0,0,0,47,18,13,58.1,Matches
495,Germán Sánchez,es ESP,DF,Granada,33,1986,29.3,11,1,0,30,30,4,1,38,11,0,0,0,103,83,78,51.6,Matches
496,Javi Sánchez,es ESP,DF,Valladolid,23,1997,10.2,3,0,0,6,2,0,1,15,10,0,0,0,42,13,20,39.4,Matches
497,Manuel Sánchez,es ESP,DF,Osasuna,19,2000,10.8,4,0,0,16,8,0,28,8,15,0,0,0,54,3,13,18.8,Matches
498,Manuel Sánchez,es ESP,DF,Atlético Madrid,19,2000,0.5,0,0,0,0,0,0,0,0,0,0,0,0,2,0,0,,Matches
499,Juan Sánchez Miño,ar ARG,"DF,MF",Elche,30,1990,5.5,2,0,0,11,6,0,7,4,5,0,0,0,23,3,5,37.5,Matches
