Wk,Day,Date,Time,Home,Score,Away,Attendance,Venue,Referee
1,Fri,8/16/2019,21:00 (19:00),Athletic Club,1@0,Barcelona,"47,693",San Mamés,Carlos del Cerro
1,Sat,8/17/2019,17:00 (15:00),Celta Vigo,1@3,Real Madrid,"23,566",Estadio de Balaídos,Javier Estrada
1,Sat,8/17/2019,19:00 (17:00),Valencia,1@1,Real Sociedad,"41,846",Estadio de Mestalla,Jesús Gil
1,Sat,8/17/2019,20:00 (18:00),Mallorca,2@1,Eibar,"15,127",Iberostar Estadi,Mario Melero
1,Sat,8/17/2019,21:00 (19:00),Villarreal,4@4,Granada,"14,753",Estadio de la Cerámica,Adrián Cordero
1,Sat,8/17/2019,21:00 (19:00),Leganés,0@1,Osasuna,"10,020",Estadio Municipal de Butarque,Alberola Rojas
1,Sun,8/18/2019,17:00 (15:00),Alavés,1@0,Levante,"12,029",Estadio de Mendizorroza,César Soto
1,Sun,8/18/2019,19:00 (17:00),Espanyol,0@2,Sevilla,"19,832",RCDE Stadium,Juan Martínez
1,Sun,8/18/2019,21:00 (19:00),Betis,1@2,Valladolid,"51,497",Estadio Benito Villamarín,Santiago Jaime
1,Sun,8/18/2019,22:00 (20:00),Atlético Madrid,1@0,Getafe,"55,099",Estadio Wanda Metropolitano,Guillermo Cuadra
2,Fri,8/23/2019,20:00 (18:00),Granada,0@1,Sevilla,"15,849",Estadio Nuevo Los Cármenes,José Sánchez
2,Fri,8/23/2019,22:00 (20:00),Levante,2@1,Villarreal,"20,240",Estadio Ciudad de Valencia,José Luis Munuera
2,Sat,8/24/2019,17:00 (15:00),Osasuna,0@0,Eibar,"13,978",Estadio El Sadar,David Medié
2,Sat,8/24/2019,19:00 (17:00),Real Madrid,1@1,Valladolid,"63,037",Estadio Santiago Bernabéu,Pablo González
2,Sat,8/24/2019,21:00 (19:00),Celta Vigo,1@0,Valencia,"20,034",Estadio de Balaídos,Alejandro Hernández
2,Sat,8/24/2019,21:00 (19:00),Getafe,1@1,Athletic Club,"10,103",Coliseum Alfonso Pérez,Antonio Matéu Lahoz
2,Sun,8/25/2019,17:00 (15:00),Alavés,0@0,Espanyol,"14,567",Estadio de Mendizorroza,Eduardo Prieto
2,Sun,8/25/2019,17:00 (15:00),Mallorca,0@1,Real Sociedad,"18,028",Iberostar Estadi,Valentín Pizarro
2,Sun,8/25/2019,19:00 (17:00),Leganés,0@1,Atlético Madrid,"11,742",Estadio Municipal de Butarque,Ricardo de Burgos
2,Sun,8/25/2019,21:00 (19:00),Barcelona,5@2,Betis,"79,159",Camp Nou,José González
3,Fri,8/30/2019,20:00 (18:00),Sevilla,1@1,Celta Vigo,"37,787",Estadio Ramón Sánchez Pizjuán,Carlos del Cerro
3,Fri,8/30/2019,22:00 (20:00),Athletic Club,2@0,Real Sociedad,"46,697",San Mamés,Javier Estrada
3,Sat,8/31/2019,17:00 (15:00),Osasuna,2@2,Barcelona,"16,742",Estadio El Sadar,Juan Martínez
3,Sat,8/31/2019,19:00 (17:00),Getafe,1@1,Alavés,"10,806",Coliseum Alfonso Pérez,Mario Melero
3,Sat,8/31/2019,19:00 (17:00),Levante,2@0,Valladolid,"19,347",Estadio Ciudad de Valencia,Adrián Cordero
3,Sat,8/31/2019,21:00 (19:00),Betis,2@1,Leganés,"47,819",Estadio Benito Villamarín,Guillermo Cuadra
3,Sun,9/1/2019,17:00 (15:00),Valencia,2@0,Mallorca,"40,441",Estadio de Mestalla,Alberola Rojas
3,Sun,9/1/2019,19:00 (17:00),Espanyol,0@3,Granada,"20,870",RCDE Stadium,César Soto
3,Sun,9/1/2019,19:00 (17:00),Atlético Madrid,3@2,Eibar,"56,664",Estadio Wanda Metropolitano,Santiago Jaime
3,Sun,9/1/2019,21:00 (19:00),Villarreal,2@2,Real Madrid,"20,128",Estadio de la Cerámica,Jesús Gil
4,Fri,9/13/2019,21:00 (19:00),Mallorca,0@0,Athletic Club,"16,390",Iberostar Estadi,Pablo González
4,Sat,9/14/2019,13:00 (11:00),Real Madrid,3@2,Levante,"60,401",Estadio Santiago Bernabéu,Ricardo de Burgos
4,Sat,9/14/2019,16:00 (14:00),Leganés,0@3,Villarreal,"7,670",Estadio Municipal de Butarque,David Medié
4,Sat,9/14/2019,18:30 (16:30),Real Sociedad,2@0,Atlético Madrid,"34,719",Estadio Municipal de Anoeta,Antonio Matéu Lahoz
4,Sat,9/14/2019,21:00 (19:00),Barcelona,5@2,Valencia,"81,617",Camp Nou,José Sánchez
4,Sun,9/15/2019,12:00 (10:00),Eibar,1@2,Espanyol,"5,410",Estadio Municipal de Ipurúa,Valentín Pizarro
4,Sun,9/15/2019,14:00 (12:00),Alavés,0@1,Sevilla,"16,309",Estadio de Mendizorroza,Alejandro Hernández
4,Sun,9/15/2019,16:00 (14:00),Celta Vigo,0@2,Granada,"18,259",Estadio de Balaídos,Eduardo Prieto
4,Sun,9/15/2019,18:30 (16:30),Valladolid,1@1,Osasuna,"20,670",Estadio Municipal José Zorrilla,José Luis Munuera
4,Sun,9/15/2019,21:00 (19:00),Betis,1@1,Getafe,"47,884",Estadio Benito Villamarín,José González
5,Fri,9/20/2019,21:00 (19:00),Osasuna,0@0,Betis,"15,569",Estadio El Sadar,Carlos del Cerro
5,Sat,9/21/2019,13:00 (11:00),Villarreal,2@0,Valladolid,"16,195",Estadio de la Cerámica,César Soto
5,Sat,9/21/2019,16:00 (14:00),Levante,0@0,Eibar,"18,904",Estadio Ciudad de Valencia,Alberola Rojas
5,Sat,9/21/2019,18:30 (16:30),Atlético Madrid,0@0,Celta Vigo,"57,701",Estadio Wanda Metropolitano,Mario Melero
5,Sat,9/21/2019,21:00 (19:00),Granada,2@0,Barcelona,"18,880",Estadio Nuevo Los Cármenes,Guillermo Cuadra
5,Sun,9/22/2019,12:00 (10:00),Getafe,4@2,Mallorca,"11,338",Coliseum Alfonso Pérez,Santiago Jaime
5,Sun,9/22/2019,14:00 (12:00),Espanyol,1@3,Real Sociedad,"19,173",RCDE Stadium,Adrián Cordero
5,Sun,9/22/2019,16:00 (14:00),Valencia,1@1,Leganés,"39,014",Estadio de Mestalla,Javier Estrada
5,Sun,9/22/2019,18:30 (16:30),Athletic Club,2@0,Alavés,"45,143",San Mamés,Jesús Gil
5,Sun,9/22/2019,21:00 (19:00),Sevilla,0@1,Real Madrid,"42,354",Estadio Ramón Sánchez Pizjuán,Juan Martínez
6,Tue,9/24/2019,19:00 (17:00),Valladolid,1@1,Granada,"18,410",Estadio Municipal José Zorrilla,Valentín Pizarro
6,Tue,9/24/2019,20:00 (18:00),Betis,3@1,Levante,"44,560",Estadio Benito Villamarín,Eduardo Prieto
6,Tue,9/24/2019,21:00 (19:00),Barcelona,2@1,Villarreal,"70,316",Camp Nou,Ricardo de Burgos
6,Wed,9/25/2019,19:00 (17:00),Mallorca,0@2,Atlético Madrid,"19,348",Iberostar Estadi,Alejandro Hernández
6,Wed,9/25/2019,19:00 (17:00),Leganés,1@1,Athletic Club,"11,036",Estadio Municipal de Butarque,José González
6,Wed,9/25/2019,20:00 (18:00),Valencia,3@3,Getafe,"37,814",Estadio de Mestalla,José Luis Munuera
6,Wed,9/25/2019,21:00 (19:00),Real Madrid,2@0,Osasuna,"57,520",Estadio Santiago Bernabéu,Antonio Matéu Lahoz
6,Thu,9/26/2019,19:00 (17:00),Eibar,3@2,Sevilla,"5,434",Estadio Municipal de Ipurúa,Pablo González
6,Thu,9/26/2019,20:00 (18:00),Celta Vigo,1@1,Espanyol,"16,361",Estadio de Balaídos,José Sánchez
6,Thu,9/26/2019,21:00 (19:00),Real Sociedad,3@0,Alavés,"28,720",Estadio Municipal de Anoeta,David Medié
7,Fri,9/27/2019,21:00 (19:00),Villarreal,5@1,Betis,"18,135",Estadio de la Cerámica,Javier Estrada
7,Sat,9/28/2019,13:00 (11:00),Athletic Club,0@1,Valencia,"42,420",San Mamés,Mario Melero
7,Sat,9/28/2019,16:00 (14:00),Getafe,0@2,Barcelona,"15,135",Coliseum Alfonso Pérez,Jesús Gil
7,Sat,9/28/2019,18:30 (16:30),Granada,1@0,Leganés,"15,519",Estadio Nuevo Los Cármenes,Adrián Cordero
7,Sat,9/28/2019,21:00 (19:00),Atlético Madrid,0@0,Real Madrid,"68,032",Estadio Wanda Metropolitano,José González
7,Sun,9/29/2019,12:00 (10:00),Espanyol,0@2,Valladolid,"20,911",RCDE Stadium,Guillermo Cuadra
7,Sun,9/29/2019,14:00 (12:00),Eibar,2@0,Celta Vigo,"5,453",Estadio Municipal de Ipurúa,Juan Martínez
7,Sun,9/29/2019,16:00 (14:00),Alavés,2@0,Mallorca,"17,135",Estadio de Mendizorroza,Carlos del Cerro
7,Sun,9/29/2019,18:30 (16:30),Levante,1@1,Osasuna,"19,362",Estadio Ciudad de Valencia,César Soto
7,Sun,9/29/2019,21:00 (19:00),Sevilla,3@2,Real Sociedad,"37,414",Estadio Ramón Sánchez Pizjuán,Alberola Rojas
8,Fri,10/4/2019,21:00 (19:00),Betis,1@1,Eibar,"47,056",Estadio Benito Villamarín,Alejandro Hernández
8,Sat,10/5/2019,13:00 (11:00),Leganés,1@2,Levante,"10,160",Estadio Municipal de Butarque,José Luis Munuera
8,Sat,10/5/2019,16:00 (14:00),Real Madrid,4@2,Granada,"70,315",Estadio Santiago Bernabéu,Santiago Jaime
8,Sat,10/5/2019,18:30 (16:30),Valencia,2@1,Alavés,"38,943",Estadio de Mestalla,Eduardo Prieto
8,Sat,10/5/2019,21:00 (19:00),Osasuna,2@1,Villarreal,"15,349",Estadio El Sadar,Valentín Pizarro
8,Sun,10/6/2019,12:00 (10:00),Mallorca,2@0,Espanyol,"15,052",Iberostar Estadi,Ricardo de Burgos
8,Sun,10/6/2019,14:00 (12:00),Celta Vigo,1@0,Athletic Club,"19,690",Estadio de Balaídos,David Medié
8,Sun,10/6/2019,16:00 (14:00),Valladolid,0@0,Atlético Madrid,"23,650",Estadio Municipal José Zorrilla,José Sánchez
8,Sun,10/6/2019,18:30 (16:30),Real Sociedad,1@2,Getafe,"30,153",Estadio Municipal de Anoeta,Pablo González
8,Sun,10/6/2019,21:00 (19:00),Barcelona,4@0,Sevilla,"81,331",Camp Nou,Antonio Matéu Lahoz
9,Fri,10/18/2019,21:00 (19:00),Granada,1@0,Osasuna,"16,986",Estadio Nuevo Los Cármenes,Javier Estrada
9,Sat,10/19/2019,13:00 (11:00),Eibar,0@3,Barcelona,"7,295",Estadio Municipal de Ipurúa,Mario Melero
9,Sat,10/19/2019,16:00 (14:00),Atlético Madrid,1@1,Valencia,"61,603",Estadio Wanda Metropolitano,Adrián Cordero
9,Sat,10/19/2019,18:30 (16:30),Getafe,2@0,Leganés,13,Coliseum Alfonso Pérez,Juan Martínez
9,Sat,10/19/2019,21:00 (19:00),Mallorca,1@0,Real Madrid,"20,275",Iberostar Estadi,Alberola Rojas
9,Sun,10/20/2019,12:00 (10:00),Alavés,2@0,Celta Vigo,"16,584",Estadio de Mendizorroza,José González
9,Sun,10/20/2019,14:00 (12:00),Real Sociedad,3@1,Betis,"28,032",Estadio Municipal de Anoeta,César Soto
9,Sun,10/20/2019,16:00 (14:00),Espanyol,0@1,Villarreal,"20,653",RCDE Stadium,Carlos del Cerro
9,Sun,10/20/2019,18:30 (16:30),Athletic Club,1@1,Valladolid,"37,107",San Mamés,Jesús Gil
9,Sun,10/20/2019,21:00 (19:00),Sevilla,1@0,Levante,"34,612",Estadio Ramón Sánchez Pizjuán,Guillermo Cuadra
10,Fri,10/25/2019,21:00 (19:00),Villarreal,4@1,Alavés,"16,049",Estadio de la Cerámica,David Medié
10,Sat,10/26/2019,16:00 (14:00),Leganés,1@0,Mallorca,"10,058",Estadio Municipal de Butarque,Eduardo Prieto
10,Sat,10/26/2019,18:30 (16:30),Valladolid,2@0,Eibar,"20,036",Estadio Municipal José Zorrilla,José Luis Munuera
10,Sat,10/26/2019,21:00 (19:00),Atlético Madrid,2@0,Athletic Club,"59,211",Estadio Wanda Metropolitano,Alejandro Hernández
10,Sun,10/27/2019,12:00 (11:00),Celta Vigo,0@1,Real Sociedad,"18,002",Estadio de Balaídos,Valentín Pizarro
10,Sun,10/27/2019,14:00 (13:00),Granada,1@0,Betis,"18,985",Estadio Nuevo Los Cármenes,Antonio Matéu Lahoz
10,Sun,10/27/2019,16:00 (15:00),Levante,0@1,Espanyol,"18,934",Estadio Ciudad de Valencia,Pablo González
10,Sun,10/27/2019,18:30 (17:30),Sevilla,2@0,Getafe,"38,181",Estadio Ramón Sánchez Pizjuán,José Sánchez
10,Sun,10/27/2019,21:00 (20:00),Osasuna,3@1,Valencia,"14,976",Estadio El Sadar,Santiago Jaime
11,Tue,10/29/2019,19:00 (18:00),Alavés,1@1,Atlético Madrid,"17,235",Estadio de Mendizorroza,Javier Estrada
11,Tue,10/29/2019,21:15 (20:15),Barcelona,5@1,Valladolid,"59,896",Camp Nou,Alberola Rojas
11,Wed,10/30/2019,19:00 (18:00),Real Sociedad,1@2,Levante,"28,142",Estadio Municipal de Anoeta,Mario Melero
11,Wed,10/30/2019,19:00 (18:00),Valencia,1@1,Sevilla,"37,881",Estadio de Mestalla,Carlos del Cerro
11,Wed,10/30/2019,20:00 (19:00),Athletic Club,3@0,Espanyol,"37,094",San Mamés,Juan Martínez
11,Wed,10/30/2019,21:00 (20:00),Betis,2@1,Celta Vigo,"43,353",Estadio Benito Villamarín,Jesús Gil
11,Wed,10/30/2019,21:15 (20:15),Real Madrid,5@0,Leganés,"53,870",Estadio Santiago Bernabéu,César Soto
11,Thu,10/31/2019,19:00 (18:00),Eibar,2@1,Villarreal,"5,583",Estadio Municipal de Ipurúa,Guillermo Cuadra
11,Thu,10/31/2019,19:00 (18:00),Mallorca,2@2,Osasuna,"12,641",Iberostar Estadi,Adrián Cordero
11,Thu,10/31/2019,21:15 (20:15),Getafe,3@1,Granada,"10,227",Coliseum Alfonso Pérez,José González
12,Sat,11/2/2019,13:00 (12:00),Espanyol,1@2,Valencia,"18,428",RCDE Stadium,Valentín Pizarro
12,Sat,11/2/2019,16:00 (15:00),Levante,3@1,Barcelona,"23,341",Estadio Ciudad de Valencia,Alejandro Hernández
12,Sat,11/2/2019,18:30 (17:30),Sevilla,1@1,Atlético Madrid,"39,957",Estadio Ramón Sánchez Pizjuán,José González
12,Sat,11/2/2019,21:00 (20:00),Real Madrid,0@0,Betis,"70,375",Estadio Santiago Bernabéu,José Sánchez
12,Sun,11/3/2019,12:00 (11:00),Valladolid,3@0,Mallorca,"18,419",Estadio Municipal José Zorrilla,David Medié
12,Sun,11/3/2019,14:00 (13:00),Villarreal,0@0,Athletic Club,"17,460",Estadio de la Cerámica,Santiago Jaime
12,Sun,11/3/2019,16:00 (15:00),Osasuna,4@2,Alavés,"15,954",Estadio El Sadar,José Luis Munuera
12,Sun,11/3/2019,18:30 (17:30),Celta Vigo,0@1,Getafe,"14,704",Estadio de Balaídos,Antonio Matéu Lahoz
12,Sun,11/3/2019,18:30 (17:30),Leganés,1@2,Eibar,"9,649",Estadio Municipal de Butarque,Pablo González
12,Sun,11/3/2019,21:00 (20:00),Granada,1@2,Real Sociedad,"16,898",Estadio Nuevo Los Cármenes,Eduardo Prieto
13,Fri,11/8/2019,21:00 (20:00),Real Sociedad,1@1,Leganés,"27,684",Estadio Municipal de Anoeta,Juan Martínez
13,Sat,11/9/2019,13:00 (12:00),Alavés,3@0,Valladolid,"16,148",Estadio de Mendizorroza,Mario Melero
13,Sat,11/9/2019,16:00 (15:00),Valencia,2@0,Granada,"39,882",Estadio de Mestalla,Javier Estrada
13,Sat,11/9/2019,18:30 (17:30),Eibar,0@4,Real Madrid,"7,045",Estadio Municipal de Ipurúa,Adrián Cordero
13,Sat,11/9/2019,21:00 (20:00),Barcelona,4@1,Celta Vigo,"71,209",Camp Nou,Guillermo Cuadra
13,Sun,11/10/2019,12:00 (11:00),Mallorca,3@1,Villarreal,"8,348",Iberostar Estadi,Carlos del Cerro
13,Sun,11/10/2019,14:00 (13:00),Athletic Club,2@1,Levante,"33,202",San Mamés,Alberola Rojas
13,Sun,11/10/2019,16:00 (15:00),Atlético Madrid,3@1,Espanyol,"53,069",Estadio Wanda Metropolitano,Jesús Gil
13,Sun,11/10/2019,18:30 (17:30),Getafe,0@0,Osasuna,"10,558",Coliseum Alfonso Pérez,César Soto
13,Sun,11/10/2019,21:00 (20:00),Betis,1@2,Sevilla,"52,123",Estadio Benito Villamarín,Alejandro Hernández
14,Fri,11/22/2019,21:00 (20:00),Levante,2@1,Mallorca,"15,110",Estadio Ciudad de Valencia,Valentín Pizarro
14,Sat,11/23/2019,13:00 (12:00),Leganés,1@2,Barcelona,"12,110",Estadio Municipal de Butarque,Santiago Jaime
14,Sat,11/23/2019,16:00 (15:00),Betis,2@1,Valencia,"46,545",Estadio Benito Villamarín,Ricardo de Burgos
14,Sat,11/23/2019,18:30 (17:30),Granada,1@1,Atlético Madrid,"17,003",Estadio Nuevo Los Cármenes,David Medié
14,Sat,11/23/2019,21:00 (20:00),Real Madrid,3@1,Real Sociedad,"69,305",Estadio Santiago Bernabéu,Jesús Gil
14,Sun,11/24/2019,12:00 (11:00),Espanyol,1@1,Getafe,"22,031",RCDE Stadium,Pablo González
14,Sun,11/24/2019,14:00 (13:00),Osasuna,1@2,Athletic Club,"16,145",Estadio El Sadar,José Sánchez
14,Sun,11/24/2019,16:00 (15:00),Eibar,0@2,Alavés,"6,315",Estadio Municipal de Ipurúa,Antonio Matéu Lahoz
14,Sun,11/24/2019,18:30 (17:30),Villarreal,1@3,Celta Vigo,"17,352",Estadio de la Cerámica,José Luis Munuera
14,Sun,11/24/2019,21:00 (20:00),Valladolid,0@1,Sevilla,"18,169",Estadio Municipal José Zorrilla,Eduardo Prieto
15,Fri,11/29/2019,21:00 (20:00),Celta Vigo,0@0,Valladolid,"16,918",Estadio de Balaídos,Alberola Rojas
15,Sat,11/30/2019,13:00 (12:00),Alavés,1@2,Real Madrid,"19,357",Estadio de Mendizorroza,Guillermo Cuadra
15,Sat,11/30/2019,16:00 (15:00),Real Sociedad,4@1,Eibar,"28,612",Estadio Municipal de Anoeta,Carlos del Cerro
15,Sat,11/30/2019,18:30 (17:30),Mallorca,1@2,Betis,"16,810",Iberostar Estadi,Juan Martínez
15,Sat,11/30/2019,21:00 (20:00),Valencia,2@1,Villarreal,"38,521",Estadio de Mestalla,César Soto
15,Sun,12/1/2019,12:00 (11:00),Sevilla,1@0,Leganés,"33,648",Estadio Ramón Sánchez Pizjuán,Ricardo de Burgos
15,Sun,12/1/2019,14:00 (13:00),Athletic Club,2@0,Granada,"37,974",San Mamés,Adrián Cordero
15,Sun,12/1/2019,16:00 (15:00),Espanyol,2@4,Osasuna,"21,238",RCDE Stadium,Mario Melero
15,Sun,12/1/2019,18:30 (17:30),Getafe,4@0,Levante,"6,535",Coliseum Alfonso Pérez,Javier Estrada
15,Sun,12/1/2019,21:00 (20:00),Atlético Madrid,0@1,Barcelona,"64,226",Estadio Wanda Metropolitano,Antonio Matéu Lahoz
16,Fri,12/6/2019,21:00 (20:00),Villarreal,0@0,Atlético Madrid,"17,964",Estadio de la Cerámica,Alejandro Hernández
16,Sat,12/7/2019,13:00 (12:00),Real Madrid,2@0,Espanyol,"64,125",Estadio Santiago Bernabéu,Santiago Jaime
16,Sat,12/7/2019,16:00 (15:00),Granada,3@0,Alavés,"14,773",Estadio Nuevo Los Cármenes,Jesús Gil
16,Sat,12/7/2019,18:30 (17:30),Levante,2@4,Valencia,"23,137",Estadio Ciudad de Valencia,David Medié
16,Sat,12/7/2019,21:00 (20:00),Barcelona,5@2,Mallorca,"71,072",Camp Nou,José Luis Munuera
16,Sun,12/8/2019,12:00 (11:00),Eibar,0@1,Getafe,"5,969",Estadio Municipal de Ipurúa,Eduardo Prieto
16,Sun,12/8/2019,14:00 (13:00),Betis,3@2,Athletic Club,"46,106",Estadio Benito Villamarín,Valentín Pizarro
16,Sun,12/8/2019,16:00 (15:00),Valladolid,0@0,Real Sociedad,"18,654",Estadio Municipal José Zorrilla,Pablo González
16,Sun,12/8/2019,18:30 (17:30),Leganés,3@2,Celta Vigo,"7,115",Estadio Municipal de Butarque,José Sánchez
16,Sun,12/8/2019,21:00 (20:00),Osasuna,1@1,Sevilla,"15,045",Estadio El Sadar,Javier Estrada
17,Fri,12/13/2019,21:00 (20:00),Alavés,1@1,Leganés,"15,567",Estadio de Mendizorroza,César Soto
17,Sat,12/14/2019,13:00 (12:00),Granada,1@2,Levante,"14,127",Estadio Nuevo Los Cármenes,Carlos del Cerro
17,Sat,12/14/2019,16:00 (15:00),Real Sociedad,2@2,Barcelona,"36,639",Estadio Municipal de Anoeta,Alberola Rojas
17,Sat,12/14/2019,18:30 (17:30),Athletic Club,0@0,Eibar,"43,203",San Mamés,Mario Melero
17,Sat,12/14/2019,21:00 (20:00),Atlético Madrid,2@0,Osasuna,"46,033",Estadio Wanda Metropolitano,José Luis Munuera
17,Sun,12/15/2019,12:00 (11:00),Getafe,2@0,Valladolid,"10,816",Coliseum Alfonso Pérez,Antonio Matéu Lahoz
17,Sun,12/15/2019,14:00 (13:00),Celta Vigo,2@2,Mallorca,"13,247",Estadio de Balaídos,Ricardo de Burgos
17,Sun,12/15/2019,16:00 (15:00),Espanyol,2@2,Betis,"22,248",RCDE Stadium,Guillermo Cuadra
17,Sun,12/15/2019,18:30 (17:30),Sevilla,1@2,Villarreal,"36,521",Estadio Ramón Sánchez Pizjuán,Adrián Cordero
17,Sun,12/15/2019,21:00 (20:00),Valencia,1@1,Real Madrid,"44,230",Estadio de Mestalla,José Sánchez
10,Wed,12/18/2019,20:00 (19:00),Barcelona,0@0,Real Madrid,"93,426",Camp Nou,Alejandro Hernández
18,Fri,12/20/2019,21:00 (20:00),Eibar,3@0,Granada,"5,341",Estadio Municipal de Ipurúa,Pablo González
18,Sat,12/21/2019,13:00 (12:00),Mallorca,0@2,Sevilla,"14,321",Iberostar Estadi,Jesús Gil
18,Sat,12/21/2019,16:00 (15:00),Barcelona,4@1,Alavés,"63,054",Camp Nou,Mario Melero
18,Sat,12/21/2019,18:30 (17:30),Villarreal,1@0,Getafe,"14,526",Estadio de la Cerámica,Santiago Jaime
18,Sat,12/21/2019,21:00 (20:00),Valladolid,1@1,Valencia,"16,295",Estadio Municipal José Zorrilla,Valentín Pizarro
18,Sun,12/22/2019,12:00 (11:00),Leganés,2@0,Espanyol,"10,183",Estadio Municipal de Butarque,Alberola Rojas
18,Sun,12/22/2019,14:00 (13:00),Osasuna,3@4,Real Sociedad,"16,197",Estadio El Sadar,David Medié
18,Sun,12/22/2019,16:00 (15:00),Betis,1@2,Atlético Madrid,"52,017",Estadio Benito Villamarín,Javier Estrada
18,Sun,12/22/2019,18:30 (17:30),Levante,3@1,Celta Vigo,"18,653",Estadio Ciudad de Valencia,Eduardo Prieto
18,Sun,12/22/2019,21:00 (20:00),Real Madrid,0@0,Athletic Club,"71,306",Estadio Santiago Bernabéu,Adrián Cordero
19,Fri,1/3/2020,19:00 (18:00),Valladolid,2@2,Leganés,"21,492",Estadio Municipal José Zorrilla,Juan Martínez
19,Fri,1/3/2020,21:00 (20:00),Sevilla,1@1,Athletic Club,"37,972",Estadio Ramón Sánchez Pizjuán,José González
19,Sat,1/4/2020,13:00 (12:00),Valencia,1@0,Eibar,"39,702",Estadio de Mestalla,Alejandro Hernández
19,Sat,1/4/2020,16:00 (15:00),Getafe,0@3,Real Madrid,"15,426",Coliseum Alfonso Pérez,José Luis Munuera
19,Sat,1/4/2020,18:30 (17:30),Atlético Madrid,2@1,Levante,"59,084",Estadio Wanda Metropolitano,Ricardo de Burgos
19,Sat,1/4/2020,21:00 (20:00),Espanyol,2@2,Barcelona,"33,562",RCDE Stadium,Carlos del Cerro
19,Sun,1/5/2020,12:00 (11:00),Granada,1@0,Mallorca,"16,395",Estadio Nuevo Los Cármenes,César Soto
19,Sun,1/5/2020,14:00 (13:00),Real Sociedad,1@2,Villarreal,"31,538",Estadio Municipal de Anoeta,José Sánchez
19,Sun,1/5/2020,16:00 (15:00),Alavés,1@1,Betis,"17,689",Estadio de Mendizorroza,Antonio Matéu Lahoz
19,Sun,1/5/2020,21:00 (20:00),Celta Vigo,1@1,Osasuna,"11,932",Estadio de Balaídos,Guillermo Cuadra
20,Fri,1/17/2020,21:00 (20:00),Leganés,0@3,Getafe,"11,450",Estadio Municipal de Butarque,Javier Estrada
20,Sat,1/18/2020,13:00 (12:00),Levante,0@1,Alavés,"16,848",Estadio Ciudad de Valencia,Guillermo Cuadra
20,Sat,1/18/2020,16:00 (15:00),Real Madrid,2@1,Sevilla,"72,512",Estadio Santiago Bernabéu,Juan Martínez
20,Sat,1/18/2020,18:30 (17:30),Osasuna,0@0,Valladolid,"15,382",Estadio El Sadar,Alberola Rojas
20,Sat,1/18/2020,21:00 (20:00),Eibar,2@0,Atlético Madrid,"6,429",Estadio Municipal de Ipurúa,Jesús Gil
20,Sun,1/19/2020,12:00 (11:00),Mallorca,4@1,Valencia,"9,856",Iberostar Estadi,Mario Melero
20,Sun,1/19/2020,14:00 (13:00),Betis,3@0,Real Sociedad,"51,171",Estadio Benito Villamarín,Adrián Cordero
20,Sun,1/19/2020,16:00 (15:00),Villarreal,1@2,Espanyol,"12,053",Estadio de la Cerámica,Pablo González
20,Sun,1/19/2020,18:30 (17:30),Athletic Club,1@1,Celta Vigo,"41,348",San Mamés,David Medié
20,Sun,1/19/2020,21:00 (20:00),Barcelona,1@0,Granada,"65,444",Camp Nou,Valentín Pizarro
21,Fri,1/24/2020,21:00 (20:00),Osasuna,2@0,Levante,"14,667",Estadio El Sadar,César Soto
21,Sat,1/25/2020,13:00 (12:00),Espanyol,1@1,Athletic Club,"27,542",RCDE Stadium,José Sánchez
21,Sat,1/25/2020,16:00 (15:00),Valencia,2@0,Barcelona,"45,882",Estadio de Mestalla,Jesús Gil
21,Sat,1/25/2020,18:30 (17:30),Alavés,1@2,Villarreal,"18,153",Estadio de Mendizorroza,José Luis Munuera
21,Sat,1/25/2020,21:00 (20:00),Sevilla,2@0,Granada,"33,533",Estadio Ramón Sánchez Pizjuán,Alejandro Hernández
21,Sun,1/26/2020,12:00 (11:00),Atlético Madrid,0@0,Leganés,"52,767",Estadio Wanda Metropolitano,Antonio Matéu Lahoz
21,Sun,1/26/2020,14:00 (13:00),Celta Vigo,0@0,Eibar,"15,490",Estadio de Balaídos,José González
21,Sun,1/26/2020,16:00 (15:00),Getafe,1@0,Betis,"13,244",Coliseum Alfonso Pérez,Eduardo Prieto
21,Sun,1/26/2020,18:30 (17:30),Real Sociedad,3@0,Mallorca,"29,912",Estadio Municipal de Anoeta,Santiago Jaime
21,Sun,1/26/2020,21:00 (20:00),Valladolid,0@1,Real Madrid,"23,404",Estadio Municipal José Zorrilla,Ricardo de Burgos
22,Sat,2/1/2020,13:00 (12:00),Granada,2@1,Espanyol,"15,226",Estadio Nuevo Los Cármenes,Guillermo Cuadra
22,Sat,2/1/2020,16:00 (15:00),Real Madrid,1@0,Atlético Madrid,"77,223",Estadio Santiago Bernabéu,Javier Estrada
22,Sat,2/1/2020,18:30 (17:30),Mallorca,0@1,Valladolid,"13,891",Iberostar Estadi,David Medié
22,Sat,2/1/2020,21:00 (20:00),Valencia,1@0,Celta Vigo,"39,637",Estadio de Mestalla,Pablo González
22,Sun,2/2/2020,12:00 (11:00),Leganés,2@1,Real Sociedad,"10,842",Estadio Municipal de Butarque,Mario Melero
22,Sun,2/2/2020,14:00 (13:00),Eibar,1@1,Betis,"6,558",Estadio Municipal de Ipurúa,Juan Martínez
22,Sun,2/2/2020,16:00 (15:00),Athletic Club,0@2,Getafe,"40,291",San Mamés,Alberola Rojas
22,Sun,2/2/2020,18:30 (17:30),Sevilla,1@1,Alavés,"36,286",Estadio Ramón Sánchez Pizjuán,Carlos del Cerro
22,Sun,2/2/2020,18:30 (17:30),Villarreal,3@1,Osasuna,"17,081",Estadio de la Cerámica,Valentín Pizarro
22,Sun,2/2/2020,21:00 (20:00),Barcelona,2@1,Levante,"60,295",Camp Nou,Adrián Cordero
23,Fri,2/7/2020,21:00 (20:00),Alavés,2@1,Eibar,"17,089",Estadio de Mendizorroza,Eduardo Prieto
23,Sat,2/8/2020,13:00 (12:00),Levante,2@0,Leganés,"17,110",Estadio Ciudad de Valencia,José González
23,Sat,2/8/2020,16:00 (15:00),Getafe,3@0,Valencia,"13,070",Coliseum Alfonso Pérez,Ricardo de Burgos
23,Sat,2/8/2020,18:30 (17:30),Valladolid,1@1,Villarreal,"17,547",Estadio Municipal José Zorrilla,Alejandro Hernández
23,Sat,2/8/2020,21:00 (20:00),Atlético Madrid,1@0,Granada,"54,113",Estadio Wanda Metropolitano,César Soto
23,Sun,2/9/2020,12:00 (11:00),Espanyol,1@0,Mallorca,"32,084",RCDE Stadium,Antonio Matéu Lahoz
23,Sun,2/9/2020,14:00 (13:00),Real Sociedad,2@1,Athletic Club,"36,730",Estadio Municipal de Anoeta,José Luis Munuera
23,Sun,2/9/2020,16:00 (15:00),Osasuna,1@4,Real Madrid,"17,000",Estadio El Sadar,Jesús Gil
23,Sun,2/9/2020,18:30 (17:30),Celta Vigo,2@1,Sevilla,"20,375",Estadio de Balaídos,Santiago Jaime
23,Sun,2/9/2020,21:00 (20:00),Betis,2@3,Barcelona,"54,526",Estadio Benito Villamarín,José Sánchez
24,Fri,2/14/2020,21:00 (20:00),Valencia,2@2,Atlético Madrid,"42,297",Estadio de Mestalla,David Medié
24,Sat,2/15/2020,13:00 (12:00),Mallorca,1@0,Alavés,"12,329",Iberostar Estadi,Valentín Pizarro
24,Sat,2/15/2020,16:00 (15:00),Barcelona,2@1,Getafe,"89,409",Camp Nou,Guillermo Cuadra
24,Sat,2/15/2020,18:30 (17:30),Villarreal,2@1,Levante,"17,269",Estadio de la Cerámica,Mario Melero
24,Sat,2/15/2020,21:00 (20:00),Granada,2@1,Valladolid,"15,782",Estadio Nuevo Los Cármenes,Juan Martínez
24,Sun,2/16/2020,12:00 (11:00),Sevilla,2@2,Espanyol,"35,661",Estadio Ramón Sánchez Pizjuán,Adrián Cordero
24,Sun,2/16/2020,14:00 (13:00),Leganés,0@0,Betis,"11,160",Estadio Municipal de Butarque,Javier Estrada
24,Sun,2/16/2020,18:30 (17:30),Athletic Club,0@1,Osasuna,"44,222",San Mamés,Pablo González
24,Sun,2/16/2020,21:00 (20:00),Real Madrid,2@2,Celta Vigo,"62,477",Estadio Santiago Bernabéu,Alberola Rojas
25,Fri,2/21/2020,21:00 (20:00),Betis,3@3,Mallorca,"47,231",Estadio Benito Villamarín,Jesús Gil
25,Sat,2/22/2020,13:00 (12:00),Celta Vigo,1@0,Leganés,"19,335",Estadio de Balaídos,José Luis Munuera
25,Sat,2/22/2020,16:00 (15:00),Barcelona,5@0,Eibar,"66,970",Camp Nou,César Soto
25,Sat,2/22/2020,18:30 (17:30),Real Sociedad,3@0,Valencia,"31,381",Estadio Municipal de Anoeta,José González
25,Sat,2/22/2020,21:00 (20:00),Levante,1@0,Real Madrid,"23,566",Estadio Ciudad de Valencia,Alejandro Hernández
25,Sun,2/23/2020,12:00 (11:00),Osasuna,0@3,Granada,"14,866",Estadio El Sadar,José Sánchez
25,Sun,2/23/2020,14:00 (13:00),Alavés,2@1,Athletic Club,"19,412",Estadio de Mendizorroza,Antonio Matéu Lahoz
25,Sun,2/23/2020,16:00 (15:00),Valladolid,2@1,Espanyol,"19,645",Estadio Municipal José Zorrilla,Eduardo Prieto
25,Sun,2/23/2020,18:30 (17:30),Getafe,0@3,Sevilla,"13,438",Coliseum Alfonso Pérez,Javier Estrada
25,Sun,2/23/2020,21:00 (20:00),Atlético Madrid,3@1,Villarreal,"54,462",Estadio Wanda Metropolitano,Ricardo de Burgos
26,Fri,2/28/2020,21:00 (20:00),Real Sociedad,1@0,Valladolid,"30,611",Estadio Municipal de Anoeta,Valentín Pizarro
26,Sat,2/29/2020,13:00 (12:00),Eibar,3@0,Levante,"5,920",Estadio Municipal de Ipurúa,Pablo González
26,Sat,2/29/2020,16:00 (15:00),Valencia,2@1,Betis,"37,418",Estadio de Mestalla,Adrián Cordero
26,Sat,2/29/2020,18:30 (17:30),Leganés,1@1,Alavés,"10,043",Estadio Municipal de Butarque,Juan Martínez
26,Sat,2/29/2020,21:00 (20:00),Granada,0@0,Celta Vigo,"15,877",Estadio Nuevo Los Cármenes,Guillermo Cuadra
26,Sun,3/1/2020,12:00 (11:00),Sevilla,3@2,Osasuna,"31,382",Estadio Ramón Sánchez Pizjuán,Carlos del Cerro
26,Sun,3/1/2020,14:00 (13:00),Athletic Club,1@0,Villarreal,"36,350",San Mamés,David Medié
26,Sun,3/1/2020,16:00 (15:00),Espanyol,1@1,Atlético Madrid,"30,360",RCDE Stadium,Alberola Rojas
26,Sun,3/1/2020,18:30 (17:30),Mallorca,0@1,Getafe,"14,241",Iberostar Estadi,Mario Melero
26,Sun,3/1/2020,21:00 (20:00),Real Madrid,2@0,Barcelona,"78,357",Estadio Santiago Bernabéu,Antonio Matéu Lahoz
27,Fri,3/6/2020,21:00 (20:00),Alavés,1@1,Valencia,"14,083",Estadio de Mendizorroza,Jesús Gil
27,Sat,3/7/2020,13:00 (12:00),Eibar,1@2,Mallorca,"6,110",Estadio Municipal de Ipurúa,Javier Estrada
27,Sat,3/7/2020,16:00 (15:00),Atlético Madrid,2@2,Sevilla,"60,422",Estadio Wanda Metropolitano,Alejandro Hernández
27,Sat,3/7/2020,18:30 (17:30),Barcelona,1@0,Real Sociedad,"77,035",Camp Nou,Juan Martínez
27,Sat,3/7/2020,21:00 (20:00),Getafe,0@0,Celta Vigo,"11,286",Coliseum Alfonso Pérez,José Sánchez
27,Sun,3/8/2020,12:00 (11:00),Osasuna,1@0,Espanyol,"15,737",Estadio El Sadar,Ricardo de Burgos
27,Sun,3/8/2020,14:00 (13:00),Valladolid,1@4,Athletic Club,"21,632",Estadio Municipal José Zorrilla,José Luis Munuera
27,Sun,3/8/2020,16:00 (15:00),Levante,1@1,Granada,"16,168",Estadio Ciudad de Valencia,Eduardo Prieto
27,Sun,3/8/2020,18:30 (17:30),Villarreal,1@2,Leganés,"16,143",Estadio de la Cerámica,César Soto
27,Sun,3/8/2020,21:00 (20:00),Betis,2@1,Real Madrid,"51,521",Estadio Benito Villamarín,José González
24,Tue,3/10/2020,20:00 (19:00),Eibar,1@2,Real Sociedad,,Estadio Municipal de Ipurúa,David Medié
28,Thu,6/11/2020,22:00 (20:00),Sevilla,2@0,Betis,,Estadio Ramón Sánchez Pizjuán,Antonio Matéu Lahoz
28,Fri,6/12/2020,19:30 (17:30),Granada,2@1,Getafe,,Estadio Nuevo Los Cármenes,David Medié
28,Fri,6/12/2020,22:00 (20:00),Valencia,1@1,Levante,,Estadio de Mestalla,Alberola Rojas
28,Sat,6/13/2020,14:00 (12:00),Espanyol,2@0,Alavés,,RCDE Stadium,Pablo González
28,Sat,6/13/2020,17:00 (15:00),Celta Vigo,0@1,Villarreal,,Estadio de Balaídos,Valentín Pizarro
28,Sat,6/13/2020,19:30 (17:30),Leganés,1@2,Valladolid,,Estadio Municipal de Butarque,Mario Melero
28,Sat,6/13/2020,22:00 (20:00),Mallorca,0@4,Barcelona,,Iberostar Estadi,Carlos del Cerro
28,Sun,6/14/2020,14:00 (12:00),Athletic Club,1@1,Atlético Madrid,,San Mamés,José González
28,Sun,6/14/2020,19:30 (17:30),Real Madrid,3@1,Eibar,,Estadio Alfredo Di Stéfano,Guillermo Cuadra
28,Sun,6/14/2020,22:00 (20:00),Real Sociedad,1@1,Osasuna,,Estadio Municipal de Anoeta,Adrián Cordero
29,Mon,6/15/2020,19:30 (17:30),Levante,1@1,Sevilla,,Estadio Ciudad de Valencia,Alejandro Hernández
29,Mon,6/15/2020,22:00 (20:00),Betis,2@2,Granada,,Estadio Benito Villamarín,César Soto
29,Tue,6/16/2020,19:30 (17:30),Getafe,0@0,Espanyol,,Coliseum Alfonso Pérez,José Luis Munuera
29,Tue,6/16/2020,19:30 (17:30),Villarreal,1@0,Mallorca,,Estadio de la Cerámica,Javier Estrada
29,Tue,6/16/2020,22:00 (20:00),Barcelona,2@0,Leganés,,Camp Nou,Juan Martínez
29,Wed,6/17/2020,19:30 (17:30),Valladolid,0@0,Celta Vigo,,Estadio Municipal José Zorrilla,Jesús Gil
29,Wed,6/17/2020,19:30 (17:30),Eibar,2@2,Athletic Club,,Estadio Municipal de Ipurúa,Eduardo Prieto
29,Wed,6/17/2020,22:00 (20:00),Osasuna,0@5,Atlético Madrid,,Estadio El Sadar,Ricardo de Burgos
29,Thu,6/18/2020,19:30 (17:30),Alavés,2@0,Real Sociedad,,Estadio de Mendizorroza,Santiago Jaime
29,Thu,6/18/2020,22:00 (20:00),Real Madrid,3@0,Valencia,,Estadio Alfredo Di Stéfano,José Sánchez
30,Fri,6/19/2020,19:30 (17:30),Mallorca,1@1,Leganés,,Iberostar Estadi,Antonio Matéu Lahoz
30,Fri,6/19/2020,19:30 (17:30),Granada,0@1,Villarreal,,Estadio Nuevo Los Cármenes,Guillermo Cuadra
30,Fri,6/19/2020,22:00 (20:00),Sevilla,0@0,Barcelona,,Estadio Ramón Sánchez Pizjuán,José González
30,Sat,6/20/2020,14:00 (12:00),Espanyol,1@3,Levante,,RCDE Stadium,Carlos del Cerro
30,Sat,6/20/2020,17:00 (15:00),Athletic Club,1@0,Betis,,San Mamés,Valentín Pizarro
30,Sat,6/20/2020,19:30 (17:30),Getafe,1@1,Eibar,,Coliseum Alfonso Pérez,Alberola Rojas
30,Sat,6/20/2020,22:00 (20:00),Atlético Madrid,1@0,Valladolid,,Estadio Wanda Metropolitano,Pablo González
30,Sun,6/21/2020,14:00 (12:00),Celta Vigo,6@0,Alavés,,Estadio de Balaídos,Adrián Cordero
30,Sun,6/21/2020,19:30 (17:30),Valencia,2@0,Osasuna,,Estadio de Mestalla,David Medié
30,Sun,6/21/2020,22:00 (20:00),Real Sociedad,1@2,Real Madrid,,Estadio Municipal de Anoeta,Javier Estrada
31,Mon,6/22/2020,19:30 (17:30),Villarreal,2@2,Sevilla,,Estadio de la Cerámica,José Sánchez
31,Mon,6/22/2020,22:00 (20:00),Leganés,0@0,Granada,,Estadio Municipal de Butarque,Ricardo de Burgos
31,Tue,6/23/2020,19:30 (17:30),Levante,0@1,Atlético Madrid,,Estadio Ciudad de Valencia,José Luis Munuera
31,Tue,6/23/2020,19:30 (17:30),Valladolid,1@1,Getafe,,Estadio Municipal José Zorrilla,César Soto
31,Tue,6/23/2020,22:00 (20:00),Barcelona,1@0,Athletic Club,,Camp Nou,Jesús Gil
31,Wed,6/24/2020,19:30 (17:30),Real Sociedad,0@1,Celta Vigo,,Estadio Municipal de Anoeta,Eduardo Prieto
31,Wed,6/24/2020,19:30 (17:30),Alavés,0@1,Osasuna,,Estadio de Mendizorroza,Alejandro Hernández
31,Wed,6/24/2020,22:00 (20:00),Real Madrid,2@0,Mallorca,,Estadio Alfredo Di Stéfano,Mario Melero
31,Thu,6/25/2020,19:30 (17:30),Eibar,1@0,Valencia,,Estadio Municipal de Ipurúa,Santiago Jaime
31,Thu,6/25/2020,22:00 (20:00),Betis,1@0,Espanyol,,Estadio Benito Villamarín,Juan Martínez
32,Fri,6/26/2020,22:00 (20:00),Sevilla,1@1,Valladolid,,Estadio Ramón Sánchez Pizjuán,Valentín Pizarro
32,Sat,6/27/2020,14:00 (12:00),Athletic Club,3@1,Mallorca,,San Mamés,Pablo González
32,Sat,6/27/2020,17:00 (15:00),Celta Vigo,2@2,Barcelona,,Estadio de Balaídos,Guillermo Cuadra
32,Sat,6/27/2020,19:30 (17:30),Osasuna,2@1,Leganés,,Estadio El Sadar,Alberola Rojas
32,Sat,6/27/2020,22:00 (20:00),Atlético Madrid,2@1,Alavés,,Estadio Wanda Metropolitano,Mario Melero
32,Sun,6/28/2020,14:00 (12:00),Levante,4@2,Betis,,Estadio Ciudad de Valencia,Santiago Jaime
32,Sun,6/28/2020,17:00 (15:00),Villarreal,2@0,Valencia,,Estadio de la Cerámica,José González
32,Sun,6/28/2020,19:30 (17:30),Granada,1@2,Eibar,,Estadio Nuevo Los Cármenes,Carlos del Cerro
32,Sun,6/28/2020,22:00 (20:00),Espanyol,0@1,Real Madrid,,RCDE Stadium,Antonio Matéu Lahoz
32,Mon,6/29/2020,22:00 (20:00),Getafe,2@1,Real Sociedad,,Coliseum Alfonso Pérez,Adrián Cordero
33,Tue,6/30/2020,19:30 (17:30),Mallorca,5@1,Celta Vigo,,Iberostar Estadi,Ricardo de Burgos
33,Tue,6/30/2020,21:00 (19:00),Leganés,0@3,Sevilla,,Estadio Municipal de Butarque,César Soto
33,Tue,6/30/2020,22:00 (20:00),Barcelona,2@2,Atlético Madrid,,Camp Nou,Alejandro Hernández
33,Wed,7/1/2020,19:30 (17:30),Valencia,0@2,Athletic Club,,Estadio de Mestalla,Javier Estrada
33,Wed,7/1/2020,19:30 (17:30),Alavés,0@2,Granada,,Estadio de Mendizorroza,Eduardo Prieto
33,Wed,7/1/2020,22:00 (20:00),Betis,0@2,Villarreal,,Estadio Benito Villamarín,Jesús Gil
33,Wed,7/1/2020,22:00 (20:00),Valladolid,0@0,Levante,,Estadio Municipal José Zorrilla,David Medié
33,Thu,7/2/2020,19:30 (17:30),Eibar,0@2,Osasuna,,Estadio Municipal de Ipurúa,José Luis Munuera
33,Thu,7/2/2020,19:30 (17:30),Real Sociedad,2@1,Espanyol,,Estadio Municipal de Anoeta,José Sánchez
33,Thu,7/2/2020,22:00 (20:00),Real Madrid,1@0,Getafe,,Estadio Alfredo Di Stéfano,Juan Martínez
34,Fri,7/3/2020,22:00 (20:00),Atlético Madrid,3@0,Mallorca,,Estadio Wanda Metropolitano,Alberola Rojas
34,Sat,7/4/2020,17:00 (15:00),Celta Vigo,1@1,Betis,,Estadio de Balaídos,Pablo González
34,Sat,7/4/2020,19:30 (17:30),Valladolid,1@0,Alavés,,Estadio Municipal José Zorrilla,Santiago Jaime
34,Sat,7/4/2020,22:00 (20:00),Granada,2@2,Valencia,,Estadio Nuevo Los Cármenes,Adrián Cordero
34,Sun,7/5/2020,14:00 (12:00),Athletic Club,0@1,Real Madrid,,San Mamés,José González
34,Sun,7/5/2020,17:00 (15:00),Espanyol,0@1,Leganés,,RCDE Stadium,Guillermo Cuadra
34,Sun,7/5/2020,19:30 (17:30),Osasuna,0@0,Getafe,,Estadio El Sadar,Mario Melero
34,Sun,7/5/2020,22:00 (20:00),Villarreal,1@4,Barcelona,,Estadio de la Cerámica,Carlos del Cerro
34,Mon,7/6/2020,19:30 (17:30),Levante,1@1,Real Sociedad,,Estadio Ciudad de Valencia,Valentín Pizarro
34,Mon,7/6/2020,22:00 (20:00),Sevilla,1@0,Eibar,,Estadio Ramón Sánchez Pizjuán,Antonio Matéu Lahoz
35,Tue,7/7/2020,19:30 (17:30),Valencia,2@1,Valladolid,,Estadio de Mestalla,Ricardo de Burgos
35,Tue,7/7/2020,22:00 (20:00),Celta Vigo,1@1,Atlético Madrid,,Estadio de Balaídos,José Sánchez
35,Wed,7/8/2020,20:30 (18:30),Betis,3@0,Osasuna,,Estadio Benito Villamarín,Alejandro Hernández
35,Wed,7/8/2020,20:30 (18:30),Getafe,1@3,Villarreal,,Coliseum Alfonso Pérez,Javier Estrada
35,Wed,7/8/2020,22:00 (20:00),Barcelona,1@0,Espanyol,,Camp Nou,José Luis Munuera
35,Thu,7/9/2020,19:30 (17:30),Mallorca,2@0,Levante,,Iberostar Estadi,César Soto
35,Thu,7/9/2020,19:30 (17:30),Eibar,0@0,Leganés,,Estadio Municipal de Ipurúa,Eduardo Prieto
35,Thu,7/9/2020,22:00 (20:00),Athletic Club,1@2,Sevilla,,San Mamés,David Medié
35,Fri,7/10/2020,19:30 (17:30),Real Sociedad,2@3,Granada,,Estadio Municipal de Anoeta,Juan Martínez
35,Fri,7/10/2020,22:00 (20:00),Real Madrid,2@0,Alavés,,Estadio Alfredo Di Stéfano,Jesús Gil
36,Sat,7/11/2020,17:00 (15:00),Osasuna,2@1,Celta Vigo,,Estadio El Sadar,Valentín Pizarro
36,Sat,7/11/2020,19:30 (17:30),Valladolid,0@1,Barcelona,,Estadio Municipal José Zorrilla,Antonio Matéu Lahoz
36,Sat,7/11/2020,22:00 (20:00),Atlético Madrid,1@0,Betis,,Estadio Wanda Metropolitano,José González
36,Sun,7/12/2020,14:00 (12:00),Espanyol,0@2,Eibar,,RCDE Stadium,Carlos del Cerro
36,Sun,7/12/2020,17:00 (15:00),Levante,1@2,Athletic Club,,Estadio Ciudad de Valencia,Alberola Rojas
36,Sun,7/12/2020,19:30 (17:30),Leganés,1@0,Valencia,,Estadio Municipal de Butarque,Mario Melero
36,Sun,7/12/2020,22:00 (20:00),Sevilla,2@0,Mallorca,,Estadio Ramón Sánchez Pizjuán,Adrián Cordero
36,Mon,7/13/2020,19:30 (17:30),Alavés,0@0,Getafe,,Estadio de Mendizorroza,Pablo González
36,Mon,7/13/2020,19:30 (17:30),Villarreal,1@2,Real Sociedad,,Estadio de la Cerámica,Guillermo Cuadra
36,Mon,7/13/2020,22:00 (20:00),Granada,1@2,Real Madrid,,Estadio Nuevo Los Cármenes,Santiago Jaime
37,Thu,7/16/2020,18:30 (16:30),Eibar,3@1,Valladolid,,Estadio Municipal de Ipurúa,César Soto
37,Thu,7/16/2020,21:00 (19:00),Valencia,1@0,Espanyol,,Estadio de Mestalla,Eduardo Prieto
37,Thu,7/16/2020,21:00 (19:00),Barcelona,1@2,Osasuna,,Camp Nou,José Sánchez
37,Thu,7/16/2020,21:00 (19:00),Athletic Club,0@2,Leganés,,San Mamés,Juan Martínez
37,Thu,7/16/2020,21:00 (19:00),Celta Vigo,2@3,Levante,,Estadio de Balaídos,José Luis Munuera
37,Thu,7/16/2020,21:00 (19:00),Real Sociedad,0@0,Sevilla,,Estadio Municipal de Anoeta,Carlos del Cerro
37,Thu,7/16/2020,21:00 (19:00),Getafe,0@2,Atlético Madrid,,Coliseum Alfonso Pérez,Antonio Matéu Lahoz
37,Thu,7/16/2020,21:00 (19:00),Betis,1@2,Alavés,,Estadio Benito Villamarín,David Medié
37,Thu,7/16/2020,21:00 (19:00),Real Madrid,2@1,Villarreal,,Estadio Alfredo Di Stéfano,Alejandro Hernández
37,Thu,7/16/2020,21:00 (19:00),Mallorca,1@2,Granada,,Iberostar Estadi,Javier Estrada
38,Sun,7/19/2020,17:00 (15:00),Alavés,0@5,Barcelona,,Estadio de Mendizorroza,Juan Martínez
38,Sun,7/19/2020,18:30 (16:30),Valladolid,2@0,Betis,,Estadio Municipal José Zorrilla,Santiago Jaime
38,Sun,7/19/2020,18:30 (16:30),Villarreal,4@0,Eibar,,Estadio de la Cerámica,Alberola Rojas
38,Sun,7/19/2020,21:00 (19:00),Levante,1@0,Getafe,,Estadio Ciudad de Valencia,Ricardo de Burgos
38,Sun,7/19/2020,21:00 (19:00),Leganés,2@2,Real Madrid,,Estadio Municipal de Butarque,Guillermo Cuadra
38,Sun,7/19/2020,21:00 (19:00),Osasuna,2@2,Mallorca,,Estadio El Sadar,Antonio Matéu Lahoz
38,Sun,7/19/2020,21:00 (19:00),Granada,4@0,Athletic Club,,Estadio Nuevo Los Cármenes,Carlos del Cerro
38,Sun,7/19/2020,21:00 (19:00),Atlético Madrid,1@1,Real Sociedad,,Estadio Wanda Metropolitano,Pablo González
38,Sun,7/19/2020,21:00 (19:00),Espanyol,0@0,Celta Vigo,,RCDE Stadium,Adrián Cordero
38,Sun,7/19/2020,21:00 (19:00),Sevilla,1@0,Valencia,,Estadio Ramón Sánchez Pizjuán,José González
