,,,,,,,Total,,,,Short,,,Medium,,,Long,,
Rk,Player,Nation,Pos,Squad,90s,Cmp,Att,Cmp%,TotDist,PrgDist,Cmp,Att,Cmp%,Cmp,Att,Cmp%,Cmp,Att,Cmp%
1,Aly Abeid,mr MTN,DF,Levante,0.9,29,38,76.3,474,167,17,19,89.5,10,12,83.3,2,5,40
2,Antonio Adán,es ESP,GK,Betis,30,868,1256,69.1,24352,18208,125,125,100,444,462,96.1,298,664,44.9
3,Aday,es ESP,DF,Girona,20.4,738,1047,70.5,12574,3756,386,450,85.8,261,350,74.6,77,188,41
4,Aritz Aduriz,es ESP,FW,Athletic Club,23.9,337,518,65.1,4422,934,218,296,73.6,86,143,60.1,12,30,40
5,Martin Agirregabiria,es ESP,DF,Alavés,20.3,634,884,71.7,9706,4749,366,436,83.9,207,288,71.9,47,104,45.2
6,Imanol Agirretxe,es ESP,FW,Real Sociedad,2.6,38,60,63.3,488,81,24,32,75,9,16,56.3,1,3,33.3
7,Matías Aguirregaray,uy URU,DF,Las Palmas,12.8,519,698,74.4,8233,3471,272,304,89.5,188,260,72.3,40,94,42.6
8,Ager Aketxe,es ESP,MF,Athletic Club,0.4,32,42,76.2,478,96,18,21,85.7,9,11,81.8,3,7,42.9
9,David Alba,es ESP,DF,Getafe,0.7,7,9,77.8,178,102,2,3,66.7,3,4,75,2,2,100
10,Jordi Alba,es ESP,DF,Barcelona,30.5,2074,2418,85.8,28727,8911,1320,1416,93.2,597,716,83.4,91,138,65.9
11,Raúl Albentosa,es ESP,DF,La Coruña,19.4,607,775,78.3,14038,5511,136,162,84,334,386,86.5,135,214,63.1
12,Paco Alcácer,es ESP,"MF,FW",Barcelona,7.7,188,234,80.3,2272,421,116,134,86.6,46,56,82.1,5,11,45.5
13,Pedro Alcalá,es ESP,DF,Girona,7.7,208,295,70.5,4905,1524,50,59,84.7,111,134,82.8,46,93,49.5
14,Steve Aldo One,cm CMR,DF,La Coruña,1,18,22,81.8,354,169,5,6,83.3,10,12,83.3,3,4,75
15,Álex Alegría,es ESP,FW,Levante,7,111,164,67.7,1333,166,73,99,73.7,33,44,75,0,3,0
16,Iván Alejo,es ESP,"MF,FW",Eibar,12.2,182,340,53.5,2848,887,111,151,73.5,54,99,54.5,15,52,28.8
17,Alexander,ar ARG,"MF,FW",Leganés,11.8,219,320,68.4,2917,931,141,172,82,47,80,58.8,14,29,48.3
18,Alexis,es ESP,DF,Alavés,24.3,544,743,73.2,10573,5123,205,237,86.5,249,334,74.6,79,146,54.1
19,José Alonso Lara,es ESP,MF,Sevilla,0.1,3,4,75,41,12,2,2,100,1,1,100,0,1,0
20,Sergio Álvarez,es ESP,GK,Celta Vigo,16.4,424,626,67.7,13411,10003,30,30,100,234,239,97.9,160,353,45.3
21,Yeray Álvarez,es ESP,DF,Athletic Club,7.5,385,468,82.3,8463,3214,101,119,84.9,207,229,90.4,74,111,66.7
22,Eloi Amagat,es ESP,MF,Girona,0.2,8,9,88.9,176,49,3,3,100,4,5,80,1,1,100
23,Jordi Amat,es ESP,"DF,MF",Betis,22.7,1444,1609,89.7,27991,7766,497,538,92.4,782,831,94.1,152,201,75.6
24,Amath,sn SEN,"MF,FW",Getafe,31.8,390,596,65.4,5819,1698,211,288,73.3,121,171,70.8,29,57,50.9
25,Nordin Amrabat,ma MAR,"FW,MF",Leganés,18,296,481,61.5,4395,981,173,215,80.5,95,151,62.9,16,49,32.7
26,Jon Ander Serantes,es ESP,GK,Leganés,1,12,33,36.4,637,598,0,0,,2,2,100,10,31,32.3
27,Florin Andone,ro ROU,FW,La Coruña,18.2,188,308,61,2226,245,130,176,73.9,43,75,57.3,1,10,10
28,Miguel Ángel Guerrero,es ESP,FW,Leganés,16,283,374,75.7,3755,473,181,227,79.7,78,101,77.2,10,13,76.9
29,José Ángel,es ESP,DF,Eibar,27,1003,1645,61,20949,9013,347,431,80.5,434,630,68.9,197,486,40.5
30,Miguel Ángel Moyá,es ESP,GK,Real Sociedad,8.5,274,361,75.9,8727,6246,14,14,100,135,140,96.4,124,205,60.5
31,Miguel Ángel Rubio,es ESP,DF,Getafe,0.3,3,10,30,35,35,2,4,50,1,3,33.3,0,2,0
32,Vitorino Antunes,pt POR,DF,Getafe,31.1,862,1366,63.1,15837,8357,400,455,87.9,328,491,66.8,114,345,33
33,Alberto Aquilani,it ITA,MF,Las Palmas,14.4,838,1008,83.1,15742,4145,374,419,89.3,310,360,86.1,130,179,72.6
34,Mauro Arambarri,uy URU,MF,Getafe,23.6,435,629,69.2,9748,2631,147,191,77,162,217,74.7,115,178,64.6
35,Guilherme Arana,br BRA,DF,Sevilla,2.1,105,123,85.4,1310,461,81,86,94.2,19,25,76,2,7,28.6
36,Sergio Araujo,ar ARG,"MF,FW",Las Palmas,0.4,20,21,95.2,253,39,15,15,100,4,4,100,0,0,
37,Anaitz Arbilla,es ESP,DF,Eibar,26.8,1235,1559,79.2,29963,11576,334,383,87.2,561,638,87.9,331,499,66.3
38,José Arnaiz,es ESP,MF,Barcelona,0.1,3,4,75,46,0,2,2,100,1,2,50,0,0,
39,Alejandro Arribas,es ESP,DF,La Coruña,3,99,118,83.9,2115,689,24,26,92.3,61,63,96.8,13,28,46.4
40,Kepa Arrizabalaga,es ESP,GK,Athletic Club,30,700,1056,66.3,27639,23107,24,25,96,246,249,98.8,429,771,55.6
41,Aythami Artiles,es ESP,DF,Las Palmas,2,81,95,85.3,1763,583,23,26,88.5,48,54,88.9,10,15,66.7
42,Sergio Asenjo,es ESP,GK,Villarreal,23,406,657,61.8,13406,10604,50,50,100,163,168,97,191,434,44
43,Marco Asensio,es ESP,"FW,MF",Real Madrid,20.5,1062,1264,84,15960,3701,627,676,92.8,322,378,85.2,77,130,59.2
44,Iago Aspas,es ESP,FW,Celta Vigo,32.6,992,1316,75.4,14982,3303,592,705,84,277,366,75.7,81,125,64.8
45,Carlos Bacca,co COL,FW,Villarreal,27.7,388,538,72.1,5649,1229,232,295,78.6,112,158,70.9,27,41,65.9
46,Cédric Bakambu,cd COD,FW,Villarreal,14,209,293,71.3,2837,684,125,152,82.2,54,84,64.3,11,17,64.7
47,Zakaria Bakkali,be BEL,"FW,MF",La Coruña,10.1,232,307,75.6,3284,692,145,164,88.4,66,93,71,14,29,48.3
48,Gareth Bale,wls WAL,"FW,MF",Real Madrid,20,603,779,77.4,9329,2213,360,408,88.2,162,210,77.1,56,89,62.9
49,Mikel Balenziaga,es ESP,DF,Athletic Club,17.2,599,791,75.7,9534,2681,304,340,89.4,239,315,75.9,35,85,41.2
50,Éver Banega,ar ARG,MF,Sevilla,26.7,1896,2309,82.1,35620,13307,784,865,90.6,811,923,87.9,260,421,61.8
51,Léo Baptistão,br BRA,"FW,MF",Espanyol,29.7,473,727,65.1,6165,1405,300,387,77.5,132,193,68.4,13,45,28.9
52,Mariano Barbosa,ar ARG,GK,Villarreal,12.5,225,335,67.2,6684,5193,35,35,100,106,106,100,84,194,43.3
53,Enis Bardhi,mk MKD,MF,Levante,17.6,520,683,76.1,9176,2631,252,295,85.4,183,220,83.2,63,118,53.4
54,Antonio Barragán,es ESP,DF,Betis,26.4,1293,1618,79.9,19836,7027,742,835,88.9,434,547,79.3,90,168,53.6
55,Barri,es ESP,"MF,FW",Getafe,1.3,10,16,62.5,202,88,5,7,71.4,3,3,100,2,3,66.7
56,Marc Bartra,es ESP,DF,Betis,15.8,939,1100,85.4,18744,6978,314,336,93.5,491,527,93.2,123,212,58
57,Borja Bastón,es ESP,FW,Málaga,10.9,171,236,72.5,2013,216,121,149,81.2,34,51,66.7,4,7,57.1
58,Jon Bautista,es ESP,"FW,MF",Real Sociedad,2,27,35,77.1,305,46,16,18,88.9,4,8,50,2,3,66.7
59,Paul Baysse,fr FRA,DF,Málaga,13.8,448,549,81.6,9290,3165,141,159,88.7,238,273,87.2,66,110,60
60,Claudio Beauvue,gp GLP,FW,Leganés,18.6,208,321,64.8,2650,449,125,172,72.7,55,84,65.5,7,22,31.8
61,Bebé,cv CPV,"MF,FW",Eibar,4.1,84,149,56.4,1390,280,41,52,78.8,27,50,54,10,29,34.5
62,Wissam Ben Yedder,fr FRA,FW,Sevilla,18.9,371,481,77.1,4592,832,242,283,85.5,93,126,73.8,11,22,50
63,Karim Benzema,fr FRA,FW,Real Madrid,23.9,723,881,82.1,9638,1967,473,541,87.4,159,194,82,46,54,85.2
64,Markel Bergara,es ESP,MF,Getafe,16.3,278,397,70,3817,1056,158,212,74.5,85,114,74.6,13,32,40.6
65,Pedro Bigas,es ESP,DF,Las Palmas,9.9,522,596,87.6,9370,3911,236,258,91.5,224,241,92.9,56,82,68.3
66,Rubén Blanco,es ESP,GK,Celta Vigo,21.6,507,819,61.9,16518,11954,22,22,100,277,281,98.6,208,507,41
67,Emmanuel Boateng,gh GHA,FW,Levante,14.2,143,228,62.7,1890,358,99,138,71.7,31,58,53.4,7,9,77.8
68,Daniele Bonera,it ITA,DF,Villarreal,13.2,493,569,86.6,10077,4150,174,186,93.5,235,254,92.5,79,119,66.4
69,Celso Borges,cr CRC,MF,La Coruña,25.6,952,1236,77,14993,4830,568,690,82.3,273,336,81.3,85,147,57.8
70,Ryad Boudebouz,dz ALG,"MF,FW",Betis,15.1,661,862,76.7,10048,2252,373,437,85.4,199,258,77.1,54,104,51.9
71,Yassine Bounou,ma MAR,GK,Girona,29.5,444,879,50.5,18205,15128,31,31,100,118,122,96.7,293,720,40.7
72,Eneko Bóveda,es ESP,DF,La Coruña,7.4,212,284,74.6,4237,1318,71,90,78.9,98,121,81,36,54,66.7
73,Eneko Bóveda,es ESP,DF,Athletic Club,5.8,203,293,69.3,3153,1225,121,142,85.2,63,101,62.4,15,39,38.5
74,Lucas Boyé,ar ARG,"FW,MF",Celta Vigo,3.1,79,128,61.7,961,269,60,76,78.9,14,31,45.2,2,6,33.3
75,Darko Brasanac,rs SRB,"MF,FW",Leganés,13.4,331,419,79,4891,1437,201,225,89.3,98,126,77.8,21,38,55.3
76,Alberto Bueno,es ESP,"MF,FW",Málaga,2.5,78,98,79.6,1368,299,38,43,88.4,30,37,81.1,8,13,61.5
77,Burgui,es ESP,"MF,FW",Alavés,11.5,271,365,74.2,4218,1500,149,183,81.4,91,122,74.6,22,34,64.7
78,Sergio Busquets,es ESP,MF,Barcelona,28.8,2031,2249,90.3,35903,11788,848,929,91.3,869,933,93.1,230,266,86.5
79,Unai Bustinza,es ESP,DF,Leganés,18.2,540,691,78.1,10452,4246,234,257,91.1,218,268,81.3,81,140,57.9
80,Erick Cabaco,uy URU,DF,Levante,11.6,232,324,71.6,4950,2263,71,82,86.6,123,144,85.4,34,87,39.1
81,Gustavo Cabral,ar ARG,DF,Celta Vigo,21,1134,1283,88.4,23771,7264,289,315,91.7,662,700,94.6,169,241,70.1
82,Leandro Cabrera,uy URU,DF,Getafe,8,151,297,50.8,3269,1970,55,72,76.4,60,105,57.1,34,105,32.4
83,Cala,es ESP,DF,Getafe,20,414,655,63.2,11752,4979,76,100,76,168,243,69.1,163,297,54.9
84,Carlos Calderón,es ESP,MF,Getafe,0,2,2,100,7,0,1,1,100,0,0,,0,0,
85,Jonathan Calleri,ar ARG,FW,Las Palmas,34.5,464,748,62,6581,1358,259,371,69.8,127,207,61.4,31,73,42.5
86,Víctor Camarasa,es ESP,MF,Betis,13.9,549,637,86.2,9190,1737,271,304,89.1,209,228,91.7,51,65,78.5
87,José Campaña,es ESP,MF,Levante,30.4,1352,1693,79.9,23878,7903,643,734,87.6,512,606,84.5,158,259,61
88,Joel Campbell,cr CRC,"MF,FW",Betis,2.4,80,94,85.1,1151,326,52,55,94.5,21,26,80.8,5,10,50
89,Sergio Canales,es ESP,"MF,FW",Real Sociedad,21.4,1050,1334,78.7,17549,4451,545,597,91.3,333,412,80.8,129,235,54.9
90,João Cancelo,pt POR,MF,Valencia,1,28,47,59.6,397,146,20,28,71.4,4,9,44.4,3,5,60
91,Ander Capa,es ESP,DF,Eibar,25,1062,1492,71.2,18906,7913,513,604,84.9,408,543,75.1,123,251,49
92,Lionel Carole,fr FRA,DF,Sevilla,6,294,360,81.7,4718,1744,156,174,89.7,118,137,86.1,19,38,50
93,Yannick Carrasco,be BEL,"MF,FW",Atlético Madrid,10,247,333,74.2,3236,760,154,181,85.1,70,92,76.1,7,24,29.2
94,Daniel Carriço,pt POR,DF,Sevilla,5.1,214,249,85.9,4265,1725,78,84,92.9,103,115,89.6,31,45,68.9
95,Federico Cartabia,ar ARG,"FW,MF",La Coruña,14.7,451,596,75.7,7541,1892,235,280,83.9,161,205,78.5,42,73,57.5
96,Dani Carvajal,es ESP,DF,Real Madrid,24.7,1595,1898,84,25751,7152,888,982,90.4,538,627,85.8,132,201,65.7
97,Casemiro,br BRA,MF,Real Madrid,28.8,1545,1762,87.7,28541,7972,701,759,92.4,595,666,89.3,209,260,80.4
98,Kiko Casilla,es ESP,GK,Real Madrid,10,211,268,78.7,5988,4170,23,23,100,112,115,97.4,75,128,58.6
99,Dani Castellano,es ESP,DF,Las Palmas,22.5,831,1079,77,12247,4997,474,537,88.3,291,385,75.6,38,89,42.7
100,Javi Castellano,es ESP,MF,Las Palmas,17.4,971,1085,89.5,15593,4530,520,568,91.5,355,380,93.4,74,93,79.6
101,Samu Castillejo,es ESP,"MF,FW",Villarreal,23,763,996,76.6,13006,3437,380,434,87.6,277,338,82,81,156,51.9
102,Chory Castro,uy URU,"MF,FW",Málaga,22.9,672,1013,66.3,11487,3929,368,438,84,187,294,63.6,88,187,47.1
103,Jonny Castro,es ESP,DF,Celta Vigo,35.6,1744,2114,82.5,28020,9276,933,1032,90.4,653,788,82.9,128,199,64.3
104,Rubén Castro,es ESP,FW,Betis,4,49,59,83.1,694,132,26,29,89.7,13,14,92.9,4,5,80
105,Dani Ceballos,es ESP,MF,Real Madrid,4.5,353,380,92.9,5443,1219,195,205,95.1,102,107,95.3,36,42,85.7
106,Emanuel Cecchini,ar ARG,"MF,DF",Málaga,0.3,13,16,81.3,183,52,11,11,100,0,0,,2,2,100
107,Nereo Champagne,ar ARG,GK,Leganés,2,32,58,55.2,1424,1356,1,1,100,5,5,100,26,51,51
108,Charles,br BRA,FW,Eibar,17.6,286,424,67.5,3687,672,182,257,70.8,66,103,64.1,11,14,78.6
109,Chema,es ESP,DF,Levante,22.4,535,693,77.2,11905,4783,143,160,89.4,273,309,88.3,111,209,53.1
110,Denis Cheryshev,ru RUS,"MF,FW",Villarreal,10.3,224,334,67.1,3582,1127,120,149,80.5,83,126,65.9,15,32,46.9
111,Leandro Chichizola,ar ARG,GK,Las Palmas,27,807,1142,70.7,23394,17015,125,127,98.4,386,394,98,295,614,48
112,Chuca,es ESP,MF,Villarreal,1,35,54,64.8,656,126,18,24,75,10,16,62.5,6,12,50
113,Cifu,es ESP,DF,Málaga,1.2,65,85,76.5,902,372,43,49,87.8,18,23,78.3,3,6,50
114,Jasper Cillessen,nl NED,GK,Barcelona,1,25,31,80.6,605,333,4,4,100,14,14,100,7,13,53.8
115,Coke,es ESP,DF,Levante,15.4,543,748,72.6,8503,3983,306,352,86.9,181,251,72.1,44,96,45.8
116,Emre Çolak,tr TUR,MF,La Coruña,16.1,683,881,77.5,11741,3873,357,407,87.7,209,256,81.6,91,160,56.9
117,Francis Coquelin,fr FRA,"MF,DF",Valencia,7.3,256,310,82.6,4423,1406,126,140,90,91,109,83.5,29,41,70.7
118,Sébastien Corchia,fr FRA,DF,Sevilla,9.1,305,397,76.8,4441,1789,191,212,90.1,91,134,67.9,15,36,41.7
119,Iñigo Córdoba,es ESP,FW,Athletic Club,16.2,348,540,64.4,5509,1591,190,244,77.9,112,163,68.7,33,75,44
120,Ángel Correa,ar ARG,"MF,FW",Atlético Madrid,25,633,891,71,8092,2206,411,499,82.4,148,212,69.8,27,63,42.9
121,Joaquín Correa,ar ARG,FW,Sevilla,13.3,397,486,81.7,5850,1469,234,266,88,112,136,82.4,28,32,87.5
122,Diego Costa,es ESP,FW,Atlético Madrid,11.6,237,316,75,2810,422,157,193,81.3,44,55,80,8,13,61.5
123,Jaume Costa,es ESP,DF,Villarreal,28.2,1262,1583,79.7,20465,8097,673,745,90.3,476,596,79.9,97,185,52.4
124,Philippe Coutinho,br BRA,"MF,FW",Barcelona,14.4,728,877,83,9986,2461,429,470,91.3,192,224,85.7,44,83,53
125,Juan Cruz,es ESP,FW,Málaga,0.1,3,3,100,25,9,2,2,100,0,0,,0,0,
126,Iván Cuéllar,es ESP,GK,Leganés,35,503,1126,44.7,22645,20524,21,21,100,122,126,96.8,360,967,37.2
127,Sergi Darder,es ESP,MF,Espanyol,30.9,1213,1506,80.5,21560,7140,574,646,88.9,448,539,83.1,154,235,65.5
128,Salem Al-Dawsari,sa KSA,MF,Villarreal,0.4,15,17,88.2,221,36,10,10,100,4,5,80,1,1,100
129,Ousmane Dembélé,fr FRA,"FW,MF",Barcelona,10.3,391,505,77.4,5835,1462,227,262,86.6,111,145,76.6,33,46,71.7
130,Ermedin Demirovi?,ba BIH,FW,Alavés,2,16,29,55.2,183,21,14,20,70,0,2,0,1,3,33.3
131,Gerard Deulofeu,es ESP,"MF,FW",Barcelona,5.6,230,294,78.2,3290,493,138,158,87.3,57,73,78.1,18,31,58.1
132,Adrián Diéguez,es ESP,DF,Alavés,4.8,131,168,78,2548,1275,67,76,88.2,40,54,74.1,22,33,66.7
133,Lucas Digne,fr FRA,DF,Barcelona,7.8,489,564,86.7,7218,2095,281,311,90.4,163,180,90.6,33,44,75
134,Papakouli Diop,sn SEN,MF,Espanyol,2.9,63,80,78.8,1074,300,27,32,84.4,28,33,84.8,5,10,50
135,Papakouli Diop,sn SEN,MF,Eibar,10.4,340,449,75.7,6280,1795,130,162,80.2,158,192,82.3,43,74,58.1
136,Djené,tg TOG,DF,Getafe,36,688,992,69.4,14078,6010,225,269,83.6,346,443,78.1,107,240,44.6
137,Marko Dmitrovi?,rs SRB,GK,Eibar,36,580,1163,49.9,26463,23666,46,47,97.9,134,136,98.5,399,974,41
138,Jaume Doménech,es ESP,GK,Valencia,5,105,140,75,2815,2252,26,26,100,45,47,95.7,32,65,49.2
139,Mauro dos Santos,ar ARG,DF,Leganés,10.9,235,311,75.6,4951,1828,85,99,85.9,103,130,79.2,45,74,60.8
140,Cheick Doukouré,ci CIV,MF,Levante,11.4,261,320,81.6,4171,1119,139,166,83.7,92,107,86,23,28,82.1
141,Óscar Duarte,cr CRC,DF,Espanyol,11,380,483,78.7,7877,3146,117,131,89.3,193,218,88.5,65,125,52
142,Rubén Duarte,es ESP,DF,Alavés,23.8,670,968,69.2,10762,5135,371,441,84.1,221,327,67.6,59,154,38.3
143,Riza Durmisi,dk DEN,DF,Betis,23.1,856,1069,80.1,12924,3616,487,518,94,311,394,78.9,39,103,37.9
144,Hugo Duro,es ESP,FW,Getafe,0.2,6,6,100,67,13,4,4,100,2,2,100,0,0,
145,Aritz Elustondo,es ESP,DF,Real Sociedad,17.7,870,1028,84.6,16254,5747,319,357,89.4,464,514,90.3,77,133,57.9
146,Rodrigo Ely,br BRA,DF,Alavés,29.9,753,1040,72.4,16921,6731,199,250,79.6,396,475,83.4,152,292,52.1
147,Youssef En-Nesyri,ma MAR,FW,Málaga,17.7,190,342,55.6,2524,500,119,179,66.5,43,87,49.4,11,26,42.3
148,Sergi Enrich,es ESP,FW,Eibar,14.8,289,430,67.2,3759,478,194,275,70.5,58,86,67.4,16,25,64
149,Javier Eraso,es ESP,"MF,FW",Leganés,28.1,623,875,71.2,9010,2312,386,461,83.7,162,239,67.8,47,104,45.2
150,Gonzalo Escalante,ar ARG,MF,Eibar,17.4,490,674,72.7,7937,1894,236,308,76.6,201,244,82.4,34,76,44.7
151,Sergio Escudero,es ESP,DF,Sevilla,25.9,1303,1651,78.9,20152,8064,724,810,89.4,430,557,77.2,94,179,52.5
152,Bernardo Espinosa,co COL,DF,Girona,31.9,960,1177,81.6,22797,9392,212,240,88.3,516,585,88.2,225,332,67.8
153,Oghenekaro Etebo,ng NGA,MF,Las Palmas,13.5,540,639,84.5,9926,2388,226,255,88.6,231,254,90.9,67,94,71.3
154,Beñat Etxebarria,es ESP,MF,Athletic Club,12.4,642,817,78.6,12632,3737,252,284,88.7,275,328,83.8,107,176,60.8
155,Xabier Etxeita,es ESP,DF,Athletic Club,4.2,136,161,84.5,3024,1198,33,36,91.7,76,84,90.5,25,34,73.5
156,Edu Expósito,es ESP,"MF,FW",La Coruña,1.1,45,52,86.5,766,174,21,24,87.5,19,20,95,4,5,80
157,Erik Expósito,es ESP,FW,Las Palmas,5.2,58,95,61.1,682,181,41,59,69.5,8,18,44.4,3,4,75
158,Imoh Ezekiel,ng NGA,"MF,FW",Las Palmas,5.2,94,123,76.4,1214,206,65,74,87.8,24,29,82.8,2,8,25
159,Fayçal Fajr,ma MAR,"MF,FW",Getafe,26.5,738,1068,69.1,16475,4556,275,343,80.2,234,324,72.2,200,327,61.2
160,Zouhair Feddal,ma MAR,DF,Betis,14,668,825,81,14299,4829,218,240,90.8,314,353,89,128,211,60.7
161,Andrés Fernández,es ESP,GK,Villarreal,2.5,44,70,62.9,1253,944,8,8,100,24,24,100,12,37,32.4
162,Augusto Fernández,ar ARG,MF,Atlético Madrid,1.2,58,73,79.5,1006,288,25,27,92.6,25,27,92.6,6,14,42.9
163,Carlos Fernández,es ESP,FW,Sevilla,1.5,28,36,77.8,358,17,18,23,78.3,7,9,77.8,2,2,100
165,Raúl Fernández,es ESP,GK,Levante,11,174,325,53.5,8144,7283,3,3,100,39,40,97.5,132,279,47.3
166,Junior Firpo,es ESP,DF,Betis,13.2,539,652,82.7,8642,2339,282,320,88.1,219,259,84.6,32,49,65.3
167,Mathieu Flamini,fr FRA,MF,Getafe,5.3,98,148,66.2,1512,425,42,56,75,41,58,70.7,6,15,40
168,Andreu Fontàs,es ESP,DF,Celta Vigo,9.8,642,729,88.1,13546,4804,182,192,94.8,359,387,92.8,98,143,68.5
169,Pablo Fornals,es ESP,"MF,FW",Villarreal,29.1,1047,1373,76.3,17421,4819,544,646,84.2,363,458,79.3,110,170,64.7
170,Javi Fuego,es ESP,MF,Villarreal,6,261,334,78.1,4185,1485,136,158,86.1,94,116,81,24,36,66.7
171,Javi Fuego,es ESP,MF,Espanyol,14.9,492,625,78.7,7744,2367,253,301,84.1,181,219,82.6,37,62,59.7
172,Gabi,es ESP,MF,Atlético Madrid,26.1,1484,1779,83.4,26186,9736,715,773,92.5,500,598,83.6,210,305,68.9
173,Gabriel,br BRA,MF,Leganés,26.4,792,1196,66.2,12967,4550,440,608,72.4,228,319,71.5,90,165,54.5
174,Nicolás Gaitán,ar ARG,"MF,FW",Atlético Madrid,2.4,75,104,72.1,1041,382,47,56,83.9,17,25,68,4,11,36.4
175,Álex Gálvez,es ESP,DF,Las Palmas,18,770,952,80.9,15922,6401,263,291,90.4,368,421,87.4,127,213,59.6
176,Álex Gálvez,es ESP,DF,Eibar,4,161,208,77.4,3498,1577,58,66,87.9,63,74,85.1,39,65,60
177,Bruno Gama,pt POR,"FW,MF",La Coruña,1.3,31,42,73.8,364,98,23,27,85.2,7,9,77.8,0,3,0
178,Kévin Gameiro,fr FRA,FW,Atlético Madrid,12.5,182,234,77.8,2193,336,119,146,81.5,42,54,77.8,4,5,80
179,Ganso,br BRA,MF,Sevilla,5.8,287,353,81.3,3972,1079,175,203,86.2,85,98,86.7,10,20,50
180,Ezequiel Garay,ar ARG,DF,Valencia,22.5,939,1098,85.5,19128,6718,280,309,90.6,544,591,92,107,179,59.8
181,Aleix García,es ESP,MF,Girona,9.5,459,571,80.4,9256,2586,201,229,87.8,152,175,86.9,94,142,66.2
182,Borja García,es ESP,MF,Girona,31.1,1162,1427,81.4,19654,5026,636,713,89.2,336,410,82,158,227,69.6
183,Dani García,es ESP,MF,Eibar,30.8,1312,1636,80.2,27131,6341,472,561,84.1,577,691,83.5,248,335,74
184,David García,es ESP,DF,Las Palmas,9.6,383,477,80.3,7203,3089,153,165,92.7,179,208,86.1,47,95,49.5
185,Javi García,es ESP,"MF,DF",Betis,26.8,1540,1677,91.8,28012,7307,585,629,93,813,860,94.5,124,156,79.5
186,Manu García,es ESP,MF,Alavés,27.1,731,1013,72.2,12294,3713,357,432,82.6,272,360,75.6,75,141,53.2
187,Raúl García,es ESP,"MF,FW",Athletic Club,29.2,498,901,55.3,7630,2785,279,426,65.5,158,271,58.3,39,102,38.2
188,Raúl García,es ESP,DF,Leganés,15.5,455,682,66.7,7447,3703,255,293,87,142,204,69.6,49,144,34
189,Samu García,es ESP,MF,Málaga,2,29,48,60.4,350,88,19,27,70.4,8,12,66.7,0,4,0
190,Samu García,es ESP,"FW,MF",Levante,2.1,40,70,57.1,490,111,28,40,70,7,13,53.8,2,2,100
191,Sergio García,es ESP,"FW,MF",Espanyol,18.2,323,455,71,4868,1450,184,228,80.7,91,127,71.7,27,45,60
192,Mario Gaspar,es ESP,DF,Villarreal,31.2,1406,1817,77.4,22732,9507,750,846,88.7,552,701,78.7,88,192,45.8
193,Johannes Geis,de GER,"DF,MF",Sevilla,7.5,316,379,83.4,6091,2565,128,144,88.9,135,155,87.1,47,70,67.1
194,Carles Gil,es ESP,"FW,MF",La Coruña,5.3,189,222,85.1,2777,827,111,122,91,52,59,88.1,15,21,71.4
195,Nacho Gil,es ESP,"FW,MF",Las Palmas,8.1,223,296,75.3,3141,917,137,160,85.6,53,68,77.9,15,38,39.5
196,Nacho Gil,es ESP,MF,Valencia,2.5,68,90,75.6,1048,402,37,43,86,20,23,87,7,12,58.3
197,Dani Giménez,es ESP,GK,Betis,3.4,76,114,66.7,1916,1554,10,10,100,45,48,93.8,20,55,36.4
198,Diego Godín,uy URU,DF,Atlético Madrid,28.4,1044,1217,85.8,21290,9039,354,390,90.8,508,552,92,165,249,66.3
199,André Gomes,pt POR,MF,Barcelona,7.1,314,358,87.7,4448,959,188,203,92.6,84,98,85.7,22,25,88
200,Ibai Gómez,es ESP,"MF,FW",Alavés,25.8,647,997,64.9,11177,4142,334,401,83.3,193,296,65.2,93,229,40.6
201,Maxi Gómez,uy URU,FW,Celta Vigo,34.1,459,649,70.7,7458,1125,240,321,74.8,163,216,75.5,34,56,60.7
202,Sergi Gómez,es ESP,DF,Celta Vigo,29.8,1460,1661,87.9,31163,10148,381,422,90.3,850,897,94.8,224,314,71.3
203,Vicente Gómez,es ESP,MF,Las Palmas,16.9,774,891,86.9,11575,2443,424,460,92.2,273,313,87.2,42,60,70
204,Adrián González,es ESP,"MF,FW",Málaga,26,851,1074,79.2,15241,4082,399,477,83.6,312,361,86.4,110,156,70.5
205,Álvaro González,es ESP,DF,Villarreal,32.2,1221,1464,83.4,25257,10400,413,456,90.6,598,663,90.2,203,322,63
206,Bruno González,es ESP,DF,Getafe,17.1,224,340,65.9,5024,1787,56,75,74.7,117,149,78.5,47,99,47.5
207,Diego González,es ESP,DF,Málaga,15.9,408,561,72.7,7452,2373,161,188,85.6,199,252,79,40,102,39.2
208,Fabio González,es ESP,MF,Las Palmas,0.7,39,45,86.7,643,154,20,21,95.2,16,19,84.2,3,3,100
209,Mario González,es ESP,FW,Villarreal,0.2,4,7,57.1,65,17,2,4,50,2,3,66.7,0,0,
210,Andoni Gorosabel,es ESP,DF,Real Sociedad,0.8,42,50,84,553,107,31,33,93.9,7,10,70,2,4,50
211,Julio Gracia,es ESP,"DF,FW",Betis,0.3,17,22,77.3,238,53,10,12,83.3,5,6,83.3,1,2,50
212,Álex Granell,es ESP,MF,Girona,31.6,1395,1859,75,28972,10050,552,646,85.4,529,656,80.6,286,481,59.5
213,Esteban Granero,es ESP,MF,Espanyol,13.7,598,754,79.3,10191,2755,285,315,90.5,237,280,84.6,59,123,48
214,Antoine Griezmann,fr FRA,"FW,MF",Atlético Madrid,28,809,1080,74.9,12542,3324,436,539,80.9,253,314,80.6,70,116,60.3
215,Vicente Guaita,es ESP,GK,Getafe,33,429,1002,42.8,18806,16431,22,23,95.7,109,113,96.5,296,856,34.6
216,Andrés Guardado,mx MEX,MF,Betis,25.2,1311,1567,83.7,23838,5944,612,667,91.8,511,578,88.4,164,253,64.8
217,Gonçalo Guedes,pt POR,MF,Valencia,27.1,736,964,76.3,11657,3526,397,468,84.8,260,328,79.3,57,101,56.4
218,Ramiro Guerra,uy URU,MF,Villarreal,0.8,26,32,81.3,381,106,15,16,93.8,9,12,75,2,3,66.7
219,Francis Guerrero,es ESP,"DF,MF",Betis,11,456,601,75.9,6116,1869,301,341,88.3,121,167,72.5,17,41,41.5
220,John Guidetti,se SWE,FW,Alavés,13.6,230,367,62.7,3144,862,143,206,69.4,59,87,67.8,12,27,44.4
221,John Guidetti,se SWE,"FW,MF",Celta Vigo,1.3,28,38,73.7,373,114,17,22,77.3,6,8,75,1,2,50
222,Guilherme,br BRA,MF,La Coruña,29.3,1207,1441,83.8,23061,6301,480,536,89.6,521,596,87.4,173,243,71.2
223,Gerard Gumbau,es ESP,MF,Leganés,15.9,412,529,77.9,8119,2581,188,228,82.5,147,173,85,70,103,68
224,Jon Guridi,es ESP,MF,Real Sociedad,0.6,18,23,78.3,286,67,9,10,90,8,9,88.9,1,1,100
225,Alejandro Gutiérrez Mozo,es ESP,MF,Leganés,0.5,14,18,77.8,259,46,5,7,71.4,8,9,88.9,1,1,100
226,Hacen,mr MTN,"FW,MF",Levante,0.9,25,40,62.5,464,113,12,18,66.7,9,13,69.2,4,6,66.7
227,Munir El Haddadi,ma MAR,FW,Alavés,27.2,471,724,65.1,6677,1736,260,338,76.9,134,194,69.1,34,83,41
228,Achraf Hakimi,ma MAR,DF,Real Madrid,8.4,411,506,81.2,5365,1833,285,317,89.9,103,132,78,14,33,42.4
229,Alen Halilovi?,hr CRO,"FW,MF",Las Palmas,14.5,387,539,71.8,5933,1601,213,250,85.2,114,155,73.5,36,84,42.9
230,Mario Hermoso,es ESP,DF,Espanyol,21.4,712,962,74,16861,6691,183,205,89.3,359,423,84.9,166,314,52.9
231,Hernán,es ESP,MF,Las Palmas,3.9,214,238,89.9,3138,707,120,130,92.3,78,85,91.8,9,10,90
232,Héctor Hernández,es ESP,DF,Alavés,0.2,2,2,100,47,26,1,1,100,0,0,,1,1,100
233,Lucas Hernández,fr FRA,DF,Atlético Madrid,23.5,873,1084,80.5,13248,4704,481,538,89.4,298,356,83.7,56,120,46.7
234,Luis Hernández,es ESP,DF,Málaga,36,1154,1463,78.9,24432,11328,347,388,89.4,592,688,86,206,352,58.5
235,Pablo Hernández,cl CHI,MF,Celta Vigo,20.2,1033,1238,83.4,19206,5783,440,506,87,428,488,87.7,145,194,74.7
236,Theo Hernández,fr FRA,DF,Real Madrid,10.7,541,642,84.3,7234,2246,365,393,92.9,134,168,79.8,19,37,51.4
237,Borja Herrera,es ESP,DF,Las Palmas,2.7,157,189,83.1,2254,803,91,96,94.8,54,67,80.6,8,16,50
238,Iago Herrerín,es ESP,GK,Athletic Club,8,175,288,60.8,7231,6285,18,18,100,42,43,97.7,115,227,50.7
239,Andrew Hjulsager,dk DEN,"DF,MF",Celta Vigo,0.2,5,8,62.5,95,13,0,0,,5,7,71.4,0,1,0
240,Brown Ideye,ng NGA,FW,Málaga,8.1,109,159,68.6,1399,241,63,90,70,30,40,75,3,7,42.9
241,Asier Illarramendi,es ESP,MF,Real Sociedad,35.1,2229,2585,86.2,39187,13317,991,1071,92.5,981,1100,89.2,213,310,68.7
242,Andrés Iniesta,es ESP,MF,Barcelona,20.3,1352,1562,86.6,20818,5920,747,805,92.8,401,453,88.5,127,173,73.4
243,Takashi Inui,jp JPN,"MF,FW",Eibar,29.2,710,936,75.9,10659,1703,407,470,86.6,234,303,77.2,45,93,48.4
244,Gorka Iraizoz,es ESP,GK,Girona,8.5,145,249,58.2,5497,4596,9,10,90,45,46,97.8,90,191,47.1
245,Carlos Isaac,es ESP,DF,Atlético Madrid,0.7,36,44,81.8,512,135,21,24,87.5,13,14,92.9,1,3,33.3
246,Isco,es ESP,MF,Real Madrid,19.7,1387,1636,84.8,20955,5838,826,889,92.9,415,483,85.9,106,169,62.7
247,Manuel Iturra,cl CHI,MF,Málaga,17.6,478,606,78.9,8850,2515,202,242,83.5,194,227,85.5,69,110,62.7
248,Ander Iturraspe,es ESP,MF,Athletic Club,21.2,1013,1275,79.5,19925,5811,425,494,86,388,467,83.1,181,263,68.8
249,Ivi,es ESP,"MF,FW",Levante,19.6,442,674,65.6,7581,2112,223,286,78,128,190,67.4,62,134,46.3
250,Adnan Januzaj,be BEL,FW,Real Sociedad,17.5,407,552,73.7,6423,2055,237,263,90.1,113,144,78.5,35,84,41.7
251,Jason,es ESP,"FW,MF",Levante,19.8,370,576,64.2,5332,1449,216,273,79.1,108,166,65.1,27,58,46.6
252,Álvaro Jiménez,es ESP,"MF,FW",Getafe,5.9,82,146,56.2,1236,419,45,62,72.6,26,50,52,6,18,33.3
253,Joaquín,es ESP,"MF,FW",Betis,27.5,1114,1348,82.6,18012,4232,616,678,90.9,348,420,82.9,116,176,65.9
254,Jony,es ESP,"FW,MF",Málaga,2.4,53,107,49.5,909,372,29,39,74.4,14,31,45.2,9,26,34.6
255,Joan Jordán,es ESP,MF,Eibar,27,1013,1301,77.9,18719,4162,460,526,87.5,358,449,79.7,159,254,62.6
256,Willian José,br BRA,FW,Real Sociedad,30.8,638,864,73.8,9308,1503,352,423,83.2,153,223,68.6,58,95,61.1
257,Jozabed,es ESP,MF,Celta Vigo,16.4,763,888,85.9,13360,3476,348,382,91.1,298,331,90,89,114,78.1
258,Juanfran,es ESP,DF,La Coruña,34,1335,1869,71.4,22134,10014,682,785,86.9,478,644,74.2,129,312,41.3
259,Juanfran,es ESP,DF,Atlético Madrid,14.5,536,681,78.7,7751,3154,323,363,89,175,228,76.8,21,48,43.8
260,Juankar,es ESP,DF,Málaga,8.7,309,420,73.6,5344,2496,151,188,80.3,118,157,75.2,33,61,54.1
261,Juanmi,es ESP,"FW,MF",Real Sociedad,16.5,286,356,80.3,3729,508,188,218,86.2,62,76,81.6,15,19,78.9
262,Juanpe,es ESP,DF,Girona,34.1,1029,1348,76.3,23202,9993,290,332,87.3,520,602,86.4,202,376,53.7
263,Juanpi,ve VEN,"MF,FW",Málaga,6.8,177,225,78.7,2646,720,108,120,90,45,58,77.6,14,27,51.9
264,David Juncà,es ESP,DF,Eibar,10,447,643,69.5,8720,3244,163,196,83.2,207,280,73.9,70,142,49.3
265,Aleksandar Katai,rs SRB,"MF,DF",Alavés,0.6,8,10,80,96,42,2,2,100,4,5,80,0,0,
266,Olarenwaju Kayode,ng NGA,"FW,MF",Girona,4.3,36,58,62.1,574,50,19,29,65.5,7,14,50,6,6,100
267,Keko,es ESP,"MF,FW",Málaga,13.4,271,395,68.6,4039,1025,164,197,83.2,74,113,65.5,20,42,47.6
268,Kike,es ESP,FW,Eibar,27.3,501,709,70.7,6144,781,317,401,79.1,120,174,69,14,35,40
269,Simon Kjær,dk DEN,DF,Sevilla,17.5,666,790,84.3,13037,4600,254,277,91.7,307,354,86.7,94,140,67.1
270,Koke,es ESP,MF,Atlético Madrid,30.6,1729,2153,80.3,28200,9343,901,989,91.1,547,652,83.9,189,349,54.2
271,Geoffrey Kondogbia,cf CTA,MF,Valencia,29,1355,1559,86.9,24809,6908,589,653,90.2,567,630,90,173,222,77.9
272,Mateo Kovacic,hr CRO,MF,Real Madrid,11,742,797,93.1,12983,3580,319,336,94.9,334,348,96,72,83,86.7
273,Maksym Koval,ua UKR,GK,La Coruña,1.3,32,48,66.7,1200,860,5,5,100,7,8,87.5,20,35,57.1
274,Bojan Krki?,es ESP,"FW,MF",Alavés,4.9,109,141,77.3,1865,397,52,60,86.7,38,49,77.6,12,18,66.7
275,Michael Krohn-Dehli,dk DEN,MF,La Coruña,8.1,301,362,83.1,4858,1439,157,175,89.7,104,121,86,29,40,72.5
276,Michael Krohn-Dehli,dk DEN,"MF,FW",Sevilla,6,308,382,80.6,5019,1242,165,181,91.2,109,125,87.2,27,52,51.9
277,Toni Kroos,de GER,MF,Real Madrid,25.1,1982,2235,88.7,36218,11343,920,965,95.3,736,810,90.9,277,377,73.5
278,Zdravko Kuzmanovi?,rs SRB,MF,Málaga,5.3,304,342,88.9,5473,1690,134,142,94.4,128,141,90.8,35,46,76.1
279,Alberto de la Bella,es ESP,DF,Real Sociedad,17,852,1072,79.5,14170,4869,450,501,89.8,312,387,80.6,77,147,52.4
280,Mehdi Lacen,dz ALG,MF,Málaga,11.7,408,486,84,7737,1986,179,204,87.7,158,176,89.8,61,75,81.3
281,Mehdi Lacen,dz ALG,MF,Getafe,0.7,22,27,81.5,297,133,13,13,100,8,10,80,0,2,0
282,Víctor Laguardia,es ESP,DF,Alavés,17,384,565,68,8690,4361,104,129,80.6,198,234,84.6,81,194,41.8
283,Aymeric Laporte,es ESP,DF,Athletic Club,19,822,990,83,19242,6785,220,246,89.4,404,451,89.6,195,275,70.9
284,Borja Lasso,es ESP,MF,Sevilla,0.6,26,35,74.3,460,96,17,22,77.3,5,6,83.3,4,5,80
285,Toni Lato,es ESP,"DF,MF",Valencia,8.9,317,411,77.1,5293,2019,145,171,84.8,148,176,84.1,18,43,41.9
286,Miguel Layún,mx MEX,DF,Sevilla,13.2,504,683,73.8,8433,3145,259,299,86.6,180,238,75.6,49,107,45.8
287,Iñigo Lekue,es ESP,"DF,FW",Athletic Club,23.5,922,1231,74.9,15319,4906,472,545,86.6,344,444,77.5,83,166,50
288,Mauricio Lemos,uy URU,"DF,MF",Las Palmas,14,729,830,87.8,14783,5521,275,297,92.6,316,343,92.1,127,172,73.8
289,Clément Lenglet,fr FRA,DF,Sevilla,33.3,1441,1727,83.4,27507,12148,550,604,91.1,685,751,91.2,179,316,56.6
290,Pedro León,es ESP,"FW,MF",Eibar,10.3,231,429,53.8,3879,1416,130,163,79.8,57,102,55.9,35,128,27.3
291,Sergio León,es ESP,FW,Betis,22,259,381,68,3530,541,158,195,81,50,89,56.2,24,46,52.2
292,Jefferson Lerma,co COL,MF,Levante,23.7,894,1103,81.1,15424,4363,393,463,84.9,391,452,86.5,86,129,66.7
293,Maxime Lestienne,be BEL,MF,Málaga,7.4,160,236,67.8,2449,660,82,104,78.8,49,70,70,18,37,48.6
294,Raúl Lizoain,es ESP,GK,Las Palmas,11,296,383,77.3,7746,5614,34,34,100,182,187,97.3,79,160,49.4
295,Diego Llorente,es ESP,DF,Real Sociedad,25.8,1360,1532,88.8,27297,8585,459,498,92.2,690,733,94.1,194,268,72.4
296,Marcos Llorente,es ESP,MF,Real Madrid,6.1,401,430,93.3,7029,1567,160,169,94.7,193,201,96,33,38,86.8
297,Stanislav Lobotka,sk SVK,MF,Celta Vigo,34,1888,2087,90.5,33434,10038,854,926,92.2,772,838,92.1,217,244,88.9
298,David Lombán,es ESP,DF,Eibar,11,363,450,80.7,8659,3303,96,112,85.7,174,192,90.6,91,142,64.1
299,Adrián López,es ESP,"FW,MF",La Coruña,26.1,610,904,67.5,8325,2435,377,496,76,188,275,68.4,21,45,46.7
300,Alberto López,es ESP,DF,Málaga,0.5,17,22,77.3,166,48,9,11,81.8,5,6,83.3,0,2,0
301,Andoni López,es ESP,DF,Athletic Club,1,36,45,80,678,141,12,15,80,19,20,95,3,6,50
302,David López,es ESP,"DF,MF",Espanyol,37,1565,1933,81,31746,13490,547,608,90,767,845,90.8,237,427,55.5
303,Diego López,es ESP,GK,Espanyol,9.5,147,270,54.4,5175,4340,10,10,100,60,63,95.2,76,195,39
304,Iván López,es ESP,DF,Levante,1.9,77,104,74,1488,719,38,40,95,27,34,79.4,11,25,44
305,Javi López,es ESP,DF,Espanyol,10.7,455,613,74.2,6643,2752,272,313,86.9,154,213,72.3,23,59,39
306,Pedro López Muñoz,es ESP,DF,Levante,17.7,612,830,73.7,9652,4361,323,365,88.5,234,316,74.1,45,113,39.8
307,Pau López,es ESP,GK,Espanyol,28.5,465,817,56.9,17532,14641,34,34,100,184,188,97.9,246,591,41.6
308,Pedro López,es ESP,GK,Betis,4.6,144,182,79.1,3550,2800,30,30,100,74,76,97.4,40,76,52.6
309,Víctor López,es ESP,MF,Alavés,0.7,10,18,55.6,223,97,4,5,80,2,4,50,4,6,66.7
310,Anthony Lozano,hn HON,"FW,MF",Girona,5.2,81,129,62.8,1179,271,48,62,77.4,29,45,64.4,2,8,25
311,Filipe Luís,br BRA,DF,Atlético Madrid,18.4,956,1178,81.2,14285,5380,557,608,91.6,307,372,82.5,56,116,48.3
312,José Luis Gayà,es ESP,DF,Valencia,32.4,1325,1676,79.1,21329,7488,680,750,90.7,525,654,80.3,93,195,47.7
313,José Luis Morales,es ESP,"MF,FW",Levante,34,609,973,62.6,10379,3234,325,410,79.3,201,307,65.5,71,148,48
314,Luisinho,pt POR,DF,La Coruña,29.1,1206,1580,76.3,19835,8603,609,680,89.6,482,614,78.5,92,212,43.4
315,Douglas Luiz,br BRA,"MF,FW",Girona,3.4,107,144,74.3,1776,502,54,65,83.1,42,52,80.8,9,18,50
316,Sasa Lukic,rs SRB,MF,Levante,11,289,345,83.8,4541,1376,138,157,87.9,118,132,89.4,17,30,56.7
317,Antonio Luna,es ESP,DF,Levante,22.5,681,997,68.3,11520,5711,343,405,84.7,248,349,71.1,66,182,36.3
318,Pablo Maffeo,es ESP,DF,Girona,29.4,879,1240,70.9,14966,4211,440,511,86.1,322,445,72.4,92,221,41.6
319,Nemanja Maksimovi?,rs SRB,MF,Valencia,6.2,216,258,83.7,3422,754,113,129,87.6,80,93,86,17,27,63
320,Hugo Mallo,es ESP,DF,Celta Vigo,33.3,1608,2187,73.5,26399,10439,818,940,87,628,798,78.7,126,329,38.3
321,Aïssa Mandi,dz ALG,DF,Betis,33.6,1965,2146,91.6,35804,13637,827,876,94.4,943,1010,93.4,182,227,80.2
322,Martín Mantovani,ar ARG,DF,Leganés,11.4,297,384,77.3,5705,2183,116,136,85.3,141,172,82,36,67,53.7
323,José Manuel Jurado,es ESP,"MF,FW",Espanyol,16.7,512,642,79.8,7600,1869,303,335,90.4,145,181,80.1,40,75,53.3
324,Marcelo,br BRA,DF,Real Madrid,25.1,1569,1969,79.7,24686,9968,908,975,93.1,467,593,78.8,144,285,50.5
325,Óscar de Marcos,es ESP,"DF,FW",Athletic Club,18.4,706,921,76.7,11694,3605,364,422,86.3,266,335,79.4,61,113,54
326,José María Giménez,uy URU,DF,Atlético Madrid,18.8,595,765,77.8,12334,5525,212,239,88.7,267,308,86.7,108,199,54.3
327,Adrián Marín,es ESP,DF,Villarreal,2.6,84,101,83.2,1541,550,43,49,87.8,31,36,86.1,10,14,71.4
328,Guillermo Maripán,cl CHI,DF,Alavés,17,352,460,76.5,6982,2963,117,132,88.6,184,219,84,48,99,48.5
329,Roger Martí,es ESP,FW,Levante,10.7,138,197,70.1,1920,568,87,106,82.1,35,53,66,9,16,56.3
330,Aarón Martín,es ESP,DF,Espanyol,31.3,1053,1412,74.6,15981,5502,635,717,88.6,320,419,76.4,77,194,39.7
331,Carlos Martínez,es ESP,DF,Real Sociedad,0,3,5,60,60,43,1,3,33.3,2,2,100,0,0,
332,Emiliano Martínez,ar ARG,GK,Getafe,5,70,153,45.8,3597,3323,2,2,100,11,11,100,57,137,41.6
333,Iñigo Martínez,es ESP,DF,Athletic Club,16,595,780,76.3,13872,5767,154,178,86.5,309,357,86.6,125,210,59.5
334,Iñigo Martínez,es ESP,DF,Real Sociedad,11.7,611,780,78.3,12085,4509,231,253,91.3,281,329,85.4,90,165,54.5
335,Roger Martínez,co COL,FW,Villarreal,2.6,45,62,72.6,578,85,33,40,82.5,8,12,66.7,2,6,33.3
336,Javier Mascherano,ar ARG,DF,Barcelona,6,402,444,90.5,9435,3559,87,91,95.6,223,231,96.5,90,111,81.1
337,Borja Mayoral,es ESP,"FW,MF",Real Madrid,3.8,101,121,83.5,1192,191,74,84,88.1,17,20,85,3,5,60
338,Róbert Mazá?,sk SVK,DF,Celta Vigo,0.9,74,84,88.1,1274,436,32,35,91.4,38,41,92.7,4,6,66.7
339,Álvaro Medrán,es ESP,MF,Alavés,10.5,368,473,77.8,6946,2308,158,185,85.4,145,168,86.3,56,88,63.6
340,Álvaro Medrán,es ESP,MF,Valencia,0.8,44,48,91.7,972,330,16,17,94.1,18,19,94.7,10,10,100
341,Óscar Melendo,es ESP,"MF,FW",Espanyol,7.6,221,270,81.9,3483,761,113,132,85.6,76,85,89.4,20,30,66.7
342,Brais Méndez,es ESP,"MF,FW",Celta Vigo,10.5,362,476,76.1,5206,1503,209,246,85,113,144,78.5,18,41,43.9
343,Gabriel Mercado,ar ARG,DF,Sevilla,23.5,878,1079,81.4,14112,5293,452,489,92.4,355,412,86.2,54,125,43.2
344,Sabin Merino,es ESP,"FW,MF",Athletic Club,4.2,61,93,65.6,786,157,40,52,76.9,15,27,55.6,2,3,66.7
345,Roque Mesa,es ESP,MF,Sevilla,3.8,202,223,90.6,3329,851,99,107,92.5,72,80,90,22,23,95.7
346,Lionel Messi,ar ARG,FW,Barcelona,33.3,1544,1978,78.1,22697,8144,893,1023,87.3,448,548,81.8,116,192,60.4
347,Michel,br BRA,DF,Las Palmas,23.7,963,1200,80.3,14048,5509,578,630,91.7,308,385,80,48,109,44
348,Santi Mina,es ESP,FW,Valencia,17.3,367,475,77.3,4992,872,235,288,81.6,86,116,74.1,22,33,66.7
349,Yerry Mina,co COL,DF,Barcelona,4.1,226,244,92.6,3970,1335,103,108,95.4,101,104,97.1,19,26,73.1
350,Ignasi Miquel,es ESP,DF,Málaga,19.7,517,727,71.1,11500,4896,139,169,82.2,273,330,82.7,102,207,49.3
351,Luka Modric,hr CRO,MF,Real Madrid,21.9,1394,1572,88.7,24341,7973,692,739,93.6,491,545,90.1,169,207,81.6
352,Johan Mojica,co COL,DF,Girona,23.7,855,1163,73.5,13587,4540,498,572,87.1,251,342,73.4,81,167,48.5
353,Jorge Molina,es ESP,FW,Getafe,31,502,864,58.1,6546,1788,304,489,62.2,128,206,62.1,21,47,44.7
354,Daniel Molina Orta,es ESP,MF,Celta Vigo,0.1,2,3,66.7,44,17,0,0,,2,3,66.7,0,0,
355,Francisco Molinero,es ESP,DF,Getafe,6.4,190,267,71.2,2987,1477,108,119,90.8,62,86,72.1,16,41,39
356,Momo,es ESP,"FW,MF",Las Palmas,7.5,312,404,77.2,4950,1603,165,187,88.2,99,120,82.5,33,59,55.9
357,Jefferson Montero,ec ECU,"MF,FW",Getafe,0.6,10,20,50,154,64,6,6,100,3,6,50,1,3,33.3
358,Martín Montoya,es ESP,DF,Valencia,23.9,976,1257,77.6,15642,5452,502,563,89.2,405,505,80.2,58,139,41.7
359,Walter Montoya,ar ARG,FW,Sevilla,0.8,17,24,70.8,247,72,9,11,81.8,4,6,66.7,2,4,50
360,Shaquell Moore,us USA,DF,Levante,4.7,170,226,75.2,2498,1047,105,120,87.5,54,74,73,9,26,34.6
361,Emre Mor,tr TUR,"FW,MF",Celta Vigo,7.4,189,292,64.7,3004,654,106,135,78.5,57,84,67.9,18,42,42.9
362,Sergio Mora,es ESP,MF,Getafe,9,302,401,75.3,4863,1730,158,193,81.9,109,143,76.2,25,41,61
363,Erik Morán,es ESP,MF,Leganés,2.5,81,111,73,1492,518,39,46,84.8,29,42,69,13,21,61.9
364,Gerard Moreno,es ESP,FW,Espanyol,37.9,846,1246,67.9,13940,3217,465,613,75.9,254,357,71.1,99,160,61.9
365,Héctor Moreno,mx MEX,DF,Real Sociedad,8,441,511,86.3,9010,3024,134,147,91.2,244,263,92.8,57,86,66.3
366,Marlos Moreno,co COL,"MF,DF",Girona,0.3,1,1,100,11,0,1,1,100,0,0,,0,0,
367,Loren Morón,es ESP,FW,Betis,11.8,139,197,70.6,1837,395,93,119,78.2,28,39,71.8,7,13,53.8
368,Pedro Mosquera,es ESP,MF,La Coruña,15.5,574,727,79,11023,3893,252,294,85.7,210,245,85.7,97,149,65.1
369,Toni Moya,es ESP,MF,Atlético Madrid,0,1,1,100,10,0,1,1,100,0,0,,0,0,
370,Álex Mula,es ESP,"FW,MF",Málaga,6.2,159,218,72.9,2627,498,83,99,83.8,55,68,80.9,18,42,42.9
371,Iker Muniain,es ESP,"MF,FW",Athletic Club,8.7,372,451,82.5,6433,1649,165,191,86.4,148,173,85.5,41,59,69.5
372,Marc Muniesa,es ESP,DF,Girona,12.5,506,640,79.1,10263,4372,182,209,87.1,252,291,86.6,70,119,58.8
373,Ezequiel Muñoz,ar ARG,DF,Leganés,15.6,381,497,76.7,7123,2343,143,174,82.2,186,222,83.8,47,91,51.6
374,Sulley Muntari,gh GHA,MF,La Coruña,4.5,110,158,69.6,2136,893,52,62,83.9,36,49,73.5,21,36,58.3
375,Luis Muriel,co COL,FW,Sevilla,17.9,326,445,73.3,4444,960,199,245,81.2,97,129,75.2,10,19,52.6
376,Jeison Murillo,co COL,DF,Valencia,15.3,671,752,89.2,14054,5048,198,224,88.4,376,399,94.2,94,124,75.8
377,Fahad Al Muwallad,sa KSA,MF,Levante,0.3,6,9,66.7,69,2,3,4,75,2,3,66.7,0,0,
378,Alfred N'Diaye,sn SEN,"DF,MF",Villarreal,1.1,32,36,88.9,628,220,13,14,92.9,12,13,92.3,7,9,77.8
379,Nacho,es ESP,DF,Real Madrid,23,1064,1195,89,17838,6173,516,552,93.5,433,477,90.8,90,120,75
380,Matías Nahuel,es ESP,"MF,FW",Betis,2.8,97,124,78.2,1375,193,60,67,89.6,24,31,77.4,7,13,53.8
381,Naldo,br BRA,DF,Espanyol,10.2,360,434,82.9,7538,2429,99,109,90.8,206,229,90,53,85,62.4
382,Nano,es ESP,FW,Levante,3.1,36,59,61,564,121,16,24,66.7,16,21,76.2,2,3,66.7
383,Naranjo,es ESP,"MF,FW",Leganés,6.2,111,159,69.8,1661,413,62,76,81.6,28,36,77.8,11,25,44
384,Juanjo Narváez,co COL,MF,Betis,3.4,142,161,88.2,2331,377,68,72,94.4,60,67,89.6,10,14,71.4
385,Fernando Navarro,es ESP,DF,La Coruña,11.6,412,529,77.9,7396,3281,192,222,86.5,161,202,79.7,52,89,58.4
386,Marc Navarro,es ESP,DF,Espanyol,12.3,418,588,71.1,6702,2369,234,266,88,142,200,71,33,90,36.7
387,Rafa Navarro,es ESP,DF,Betis,1.5,73,82,89,1064,302,43,46,93.5,24,27,88.9,4,6,66.7
388,Ximo Navarro,es ESP,DF,Las Palmas,29,1130,1372,82.4,20643,7459,473,522,90.6,523,591,88.5,113,207,54.6
389,Jesús Navas,es ESP,"FW,DF",Sevilla,19.6,678,960,70.6,10432,3209,401,475,84.4,209,296,70.6,52,107,48.6
390,Keylor Navas,cr CRC,GK,Real Madrid,27,560,700,80,15660,10760,59,60,98.3,309,314,98.4,191,325,58.8
391,Raúl Navas,es ESP,DF,Real Sociedad,19.9,1054,1230,85.7,22969,7664,281,303,92.7,567,621,91.3,198,277,71.5
392,Merveille Ndockyt,cg CGO,"MF,FW",Getafe,0.8,16,25,64,239,51,12,16,75,3,6,50,1,2,50
393,Neto,br BRA,GK,Valencia,33,484,820,59,16966,14262,56,57,98.2,198,203,97.5,227,555,40.9
394,Saúl Ñíguez,es ESP,MF,Atlético Madrid,35.1,1420,1750,81.1,21740,7111,802,910,88.1,464,580,80,102,154,66.2
395,Nolito,es ESP,"FW,MF",Sevilla,17.8,461,654,70.5,7015,2553,271,320,84.7,148,200,74,31,72,43.1
396,Unai Núñez,es ESP,DF,Athletic Club,32.7,1220,1489,81.9,26641,9466,334,383,87.2,641,707,90.7,233,365,63.8
397,Steven Nzonzi,fr FRA,MF,Sevilla,24.6,1632,1865,87.5,25757,7954,867,942,92,599,688,87.1,114,147,77.6
398,Jan Oblak,si SVN,GK,Atlético Madrid,37,505,911,55.4,17911,14753,49,49,100,186,190,97.9,270,668,40.4
399,Álvaro Odriozola,es ESP,DF,Real Sociedad,32.4,1436,1756,81.8,20470,6202,873,950,91.9,434,548,79.2,73,130,56.2
400,Oier Olazábal,es ESP,GK,Levante,26,383,727,52.7,14832,12803,15,15,100,134,142,94.4,233,568,41
401,Paulo Oliveira,pt POR,DF,Eibar,24.6,658,897,73.4,14770,5159,162,200,81,344,423,81.3,143,254,56.3
402,Mathías Olivera,uy URU,MF,Getafe,1.1,11,31,35.5,110,29,9,16,56.3,1,5,20,0,3,0
403,Michael Olunga,ke KEN,"FW,MF",Girona,4.8,76,112,67.9,996,120,43,63,68.3,25,30,83.3,1,3,33.3
404,Javier Ontiveros,es ESP,"MF,FW",Málaga,4.3,118,173,68.2,1876,648,67,81,82.7,37,56,66.1,10,22,45.5
405,Fabián Orellana,cl CHI,"MF,FW",Eibar,13.1,377,541,69.7,6144,1292,207,257,80.5,108,161,67.1,44,72,61.1
406,Mikel Oyarzabal,es ESP,"FW,MF",Real Sociedad,30.8,740,1008,73.4,10621,2571,457,543,84.2,169,228,74.1,59,114,51.8
407,Daniel Pacheco,es ESP,"MF,FW",Getafe,1.9,62,102,60.8,1208,358,29,38,76.3,20,34,58.8,13,22,59.1
408,Fernando Pacheco,es ESP,GK,Alavés,37.3,580,1056,54.9,23565,20654,49,50,98,153,157,97.5,377,844,44.7
409,Costel Pantilimon,ro ROU,GK,La Coruña,6,108,169,63.9,3904,3305,14,14,100,33,34,97.1,61,118,51.7
410,Rubén Pardo,es ESP,MF,Real Sociedad,2.5,107,140,76.4,1977,588,44,50,88,48,57,84.2,12,25,48
411,Nicolás Pareja,ar ARG,DF,Sevilla,4.5,197,228,86.4,4155,1683,70,74,94.6,86,97,88.7,37,53,69.8
412,Daniel Parejo,es ESP,MF,Valencia,33.3,2090,2560,81.6,41540,16327,803,905,88.7,906,1037,87.4,333,499,66.7
413,Thomas Partey,gh GHA,"MF,DF",Atlético Madrid,26.4,1182,1437,82.3,20409,6531,577,649,88.9,429,506,84.8,135,195,69.2
414,Paulinho,br BRA,MF,Barcelona,21.6,1074,1231,87.2,14866,3365,615,679,90.6,324,366,88.5,47,58,81
415,Gabriel Paulista,br BRA,DF,Valencia,28.7,1197,1379,86.8,24126,9489,368,405,90.9,655,719,91.1,165,230,71.7
416,Giampaolo Pazzini,it ITA,FW,Levante,4.9,43,66,65.2,542,67,30,44,68.2,9,12,75,1,3,33.3
417,Alfonso Pedraza,es ESP,"MF,DF",Alavés,27.1,454,720,63.1,6895,2806,251,324,77.5,160,227,70.5,25,72,34.7
418,Rubén Peña,es ESP,"DF,MF",Eibar,19.2,664,955,69.5,11799,4717,315,399,78.9,241,328,73.5,89,170,52.4
419,Gabriel Peñalba,ar ARG,MF,Las Palmas,6.3,326,381,85.6,5200,1516,162,178,91,122,139,87.8,24,39,61.5
420,Adalberto Peñaranda,ve VEN,"FW,MF",Málaga,8.9,193,249,77.5,2497,310,122,149,81.9,52,63,82.5,7,10,70
421,Andreas Pereira,br BRA,MF,Valencia,12,262,405,64.7,4479,1583,135,176,76.7,90,140,64.3,29,55,52.7
422,Hernán Pérez,py PAR,MF,Alavés,4.2,101,149,67.8,1611,458,57,76,75,26,36,72.2,12,24,50
423,Hernán Pérez,py PAR,"MF,DF",Espanyol,1.6,47,79,59.5,746,312,29,37,78.4,12,24,50,5,12,41.7
424,Lucas Pérez,es ESP,FW,La Coruña,31.1,680,1001,67.9,11110,3608,353,432,81.7,215,307,70,77,184,41.8
425,Rubén Pérez,es ESP,MF,Leganés,28,1140,1500,76,23886,8303,417,507,82.2,487,583,83.5,216,346,62.4
426,Pablo Piatti,ar ARG,"MF,FW",Espanyol,19.3,428,679,63,6722,2430,249,305,81.6,105,175,60,51,125,40.8
427,Tomás Pina Isla,es ESP,MF,Alavés,26.5,795,980,81.1,13329,4427,391,465,84.1,302,359,84.1,75,109,68.8
428,Gerard Piqué,es ESP,DF,Barcelona,29.2,1669,1868,89.3,32441,10908,613,661,92.7,791,856,92.4,236,304,77.6
429,Guido Pizarro,ar ARG,MF,Sevilla,19.5,1076,1251,86,18427,5716,494,555,89,480,540,88.9,82,103,79.6
430,Carles Planas,es ESP,DF,Girona,2.1,74,106,69.8,981,369,49,57,86,18,31,58.1,3,7,42.9
431,Pere Pons,es ESP,MF,Girona,28.4,824,1033,79.8,13993,3850,404,471,85.8,327,394,83,74,108,68.5
432,Francisco Portillo,es ESP,"MF,FW",Getafe,27.3,739,1020,72.5,11163,4024,418,505,82.8,229,312,73.4,57,100,57
433,Portu,es ESP,MF,Girona,33.3,477,672,71,7134,1785,273,331,82.5,159,214,74.3,25,51,49
434,Sergio Postigo,es ESP,DF,Levante,26.9,768,961,79.9,16597,7338,223,248,89.9,398,445,89.4,142,244,58.2
435,Darío Poveda,es ESP,MF,Villarreal,0,1,2,50,10,8,1,2,50,0,0,,0,0,
436,Andrés Prieto,es ESP,GK,Málaga,4,46,110,41.8,2093,1934,0,0,,12,15,80,34,94,36.2
437,Xabi Prieto,es ESP,"MF,FW",Real Sociedad,21.4,869,1065,81.6,12685,3382,495,565,87.6,296,354,83.6,50,78,64.1
438,Dani Raba,es ESP,"MF,FW",Villarreal,12.3,374,501,74.7,6629,1551,171,204,83.8,138,183,75.4,50,76,65.8
439,Nemanja Radoja,rs SRB,MF,Celta Vigo,12.3,523,611,85.6,8770,1891,247,281,87.9,223,250,89.2,39,51,76.5
440,Ivan Rakitic,hr CRO,MF,Barcelona,31.5,2282,2575,88.6,38020,11751,1127,1202,93.8,827,905,91.4,238,325,73.2
441,Jonás Ramalho,es ESP,DF,Girona,25.5,668,903,74,13589,5325,243,279,87.1,320,399,80.2,95,190,50
442,Benito Ramírez,es ESP,"FW,DF",Las Palmas,1.8,41,73,56.2,498,86,26,33,78.8,7,15,46.7,2,10,20
443,Sandro Ramírez,es ESP,"FW,MF",Sevilla,8,198,259,76.4,2736,532,123,140,87.9,58,76,76.3,8,25,32
444,Toño Ramírez,es ESP,GK,Real Sociedad,3.5,91,131,69.5,2496,1852,12,12,100,53,53,100,26,66,39.4
445,Iván Ramis,es ESP,DF,Eibar,14.5,578,700,82.6,14264,4965,121,142,85.2,287,331,86.7,162,208,77.9
446,Omar Ramos,es ESP,"FW,MF",Leganés,16.1,362,512,70.7,5745,1590,212,246,86.2,103,140,73.6,35,95,36.8
447,Sergio Ramos,es ESP,DF,Real Madrid,25.4,1717,1921,89.4,32838,14793,708,752,94.1,765,822,93.1,227,305,74.4
448,Recio,es ESP,MF,Málaga,20.4,812,1027,79.1,13953,4198,397,455,87.3,285,343,83.1,95,161,59
449,Alberto Redondo,es ESP,DF,Getafe,1,14,33,42.4,133,68,11,15,73.3,1,9,11.1,0,4,0
450,Xesc Regis,es ESP,FW,Eibar,0,0,0,,0,0,0,0,,0,0,,0,0,
451,Loïc Rémy,fr FRA,FW,Las Palmas,8.5,189,243,77.8,2863,606,109,133,82,52,67,77.6,18,27,66.7
452,Loïc Rémy,fr FRA,"FW,MF",Getafe,5.1,85,124,68.5,1227,156,53,69,76.8,23,34,67.6,6,10,60
453,Federico Ricca,uy URU,DF,Málaga,12.3,396,607,65.2,6327,3521,222,264,84.1,134,207,64.7,30,98,30.6
454,Diego Rico,es ESP,DF,Leganés,24.8,892,1329,67.1,15814,8615,442,531,83.2,336,482,69.7,101,230,43.9
455,Mikel Rico,es ESP,MF,Athletic Club,13,441,554,79.6,8001,1852,192,214,89.7,184,223,82.5,53,77,68.8
456,Sergio Rico,es ESP,GK,Sevilla,24,444,668,66.5,12988,10124,63,63,100,227,229,99.1,152,373,40.8
457,Asier Riesgo,es ESP,GK,Eibar,1,13,33,39.4,727,716,0,0,,0,0,,13,33,39.4
458,Cristian Rivera,es ESP,MF,Eibar,2.7,112,133,84.2,2076,285,38,45,84.4,58,61,95.1,13,19,68.4
459,Rober,es ESP,"DF,MF",Levante,21.2,555,680,81.6,10831,4124,204,234,87.2,277,316,87.7,71,110,64.5
460,Roberto,es ESP,GK,Málaga,34,519,998,52,21747,18793,24,24,100,165,168,98.2,330,804,41
461,Sergi Roberto,es ESP,DF,Barcelona,24.7,1634,1832,89.2,23188,6592,1001,1053,95.1,478,545,87.7,89,121,73.6
462,Álex Robles,es ESP,DF,Málaga,1,21,34,61.8,361,151,10,10,100,7,13,53.8,2,6,33.3
463,Marc Roca,es ESP,MF,Espanyol,2.9,151,170,88.8,2735,875,66,71,93,59,66,89.4,21,25,84
464,Rubén Rochina,es ESP,"MF,DF",Levante,1.7,62,86,72.1,1167,475,25,30,83.3,25,31,80.6,9,14,64.3
465,Rodri,es ESP,MF,Villarreal,35.9,2227,2483,89.7,40468,11630,975,1067,91.4,953,1039,91.7,265,308,86
466,Rodrigo,es ESP,FW,Valencia,29.8,688,928,74.1,10085,2192,370,453,81.7,221,299,73.9,46,80,57.5
467,Kévin Rodrigues,pt POR,DF,Real Sociedad,18.2,726,927,78.3,11312,4117,398,445,89.4,270,330,81.8,44,103,42.7
468,Ángel Rodríguez,es ESP,FW,Getafe,25.5,260,392,66.3,3933,881,133,183,72.7,87,130,66.9,22,35,62.9
469,Iván Rodríguez,es ESP,DF,Málaga,0.2,10,11,90.9,194,82,6,6,100,2,2,100,2,2,100
470,Diego Rolán,uy URU,"FW,MF",Málaga,21.6,472,606,77.9,6500,1331,296,347,85.3,119,157,75.8,29,49,59.2
471,Esteban Rolón,ar ARG,MF,Málaga,4.6,105,138,76.1,1780,482,58,71,81.7,32,45,71.1,13,15,86.7
472,Óscar Romero,py PAR,"MF,FW",Alavés,2.8,44,74,59.5,943,357,17,24,70.8,14,22,63.6,11,23,47.8
473,Cristiano Ronaldo,pt POR,FW,Real Madrid,25.4,615,789,77.9,8268,1746,390,462,84.4,164,212,77.4,26,41,63.4
474,Facundo Roncaglia,ar ARG,DF,Celta Vigo,16.6,945,1083,87.3,19810,6812,286,305,93.8,507,536,94.6,147,224,65.6
475,Roberto Rosales,ve VEN,DF,Málaga,34.7,1359,1936,70.2,24397,12466,673,783,86,467,664,70.3,194,393,49.4
476,Rubén,es ESP,GK,La Coruña,27.5,442,712,62.1,16078,12546,44,45,97.8,159,160,99.4,237,501,47.3
477,Aitor Ruibal,es ESP,MF,Betis,0.1,4,4,100,33,5,4,4,100,0,0,,0,0,
478,Fabián Ruiz Peña,es ESP,MF,Betis,29.5,1813,2120,85.5,29625,7192,960,1057,90.8,633,723,87.6,168,212,79.2
479,Víctor Ruiz,es ESP,DF,Villarreal,26.8,1218,1430,85.2,23906,10797,472,500,94.4,569,625,91,160,272,58.8
480,Antonio Rukavina,rs SRB,DF,Villarreal,14.1,489,628,77.9,8304,3404,236,271,87.1,197,247,79.8,44,86,51.2
481,Gerónimo Rulli,ar ARG,GK,Real Sociedad,26,847,1115,76,23364,16741,113,114,99.1,446,459,97.2,284,533,53.3
482,Enric Saborit,es ESP,DF,Athletic Club,15.9,524,707,74.1,9157,2571,244,288,84.7,228,294,77.6,47,92,51.1
483,Mujaid Sadick,es ESP,DF,La Coruña,1.2,38,41,92.7,620,185,14,14,100,22,24,91.7,1,2,50
484,Armando Sadiku,al ALB,FW,Levante,3,53,71,74.6,687,179,31,39,79.5,18,23,78.3,0,2,0
485,Sergi Samper,es ESP,MF,Las Palmas,1.6,69,84,82.1,1088,231,33,38,86.8,28,33,84.8,4,8,50
486,Jairo Samperio,es ESP,"FW,MF",Las Palmas,6.2,96,155,61.9,1406,401,58,79,73.4,30,46,65.2,5,13,38.5
487,Mikel San José,es ESP,MF,Athletic Club,23.9,800,1025,78,14622,4583,341,412,82.8,348,420,82.9,93,139,66.9
488,Antonio Sanabria,py PAR,FW,Betis,9.5,126,174,72.4,1696,211,74,93,79.6,32,50,64,6,7,85.7
489,Carlos Sánchez,co COL,MF,Espanyol,12.5,478,584,81.8,8868,2054,209,249,83.9,197,223,88.3,63,85,74.1
490,Sergio Sánchez,es ESP,DF,Espanyol,1.1,28,41,68.3,516,201,9,12,75,14,15,93.3,4,10,40
491,Víctor Sánchez,es ESP,"MF,DF",Espanyol,27.3,1007,1404,71.7,15934,6243,558,637,87.6,331,445,74.4,83,240,34.6
492,Arona Sané,sn SEN,"MF,FW",Atlético Madrid,0.7,10,15,66.7,129,0,6,9,66.7,3,5,60,0,0,
493,Nicola Sansone,it ITA,"FW,MF",Villarreal,7.1,177,239,74.1,2538,596,112,135,83,44,60,73.3,12,18,66.7
494,Christian Santos,ve VEN,FW,Alavés,4.8,89,137,65,1073,151,59,85,69.4,21,36,58.3,2,3,66.7
495,Pablo Sarabia,es ESP,"FW,MF",Sevilla,26.6,865,1178,73.4,12670,4208,510,589,86.6,256,343,74.6,55,134,41
496,Imanol Sarriegi,es ESP,"MF,FW",Eibar,0.5,20,25,80,352,30,8,11,72.7,9,9,100,2,4,50
497,Stefan Savi?,me MNE,DF,Atlético Madrid,25.5,809,994,81.4,16894,6144,270,299,90.3,384,427,89.9,145,242,59.9
498,Fabian Schär,ch SUI,DF,La Coruña,24.7,758,957,79.2,17100,7073,233,260,89.6,353,400,88.3,166,272,61
499,Sergio Segura García,es ESP,DF,Leganés,0.3,,,,,,,,,,,,,,
500,Nélson Semedo,pt POR,DF,Barcelona,16.6,1000,1148,87.1,13976,3938,618,656,94.2,280,330,84.8,53,80,66.3
501,Rúben Semedo,pt POR,"DF,MF",Villarreal,2.6,78,89,87.6,1272,446,38,41,92.7,34,36,94.4,4,8,50
502,Gaku Shibasaki,jp JPN,"MF,FW",Getafe,11.1,256,357,71.7,4278,976,121,155,78.1,91,120,75.8,26,50,52
503,Sidnei,br BRA,DF,La Coruña,19.8,642,769,83.5,13907,4492,185,203,91.1,329,372,88.4,121,181,66.9
504,Jaime Sierra Mateos,es ESP,"FW,MF",Leganés,0.3,3,5,60,39,5,2,4,50,1,1,100,0,0,
505,David Simón,es ESP,DF,Las Palmas,8,413,525,78.7,5778,2109,258,284,90.8,115,153,75.2,22,54,40.7
506,Dimitris Siovas,gr GRE,DF,Leganés,22.9,547,744,73.5,10832,3916,188,228,82.5,275,340,80.9,76,153,49.7
507,Pione Sisto,dk DEN,"FW,MF",Celta Vigo,28,863,1075,80.3,14422,3379,472,532,88.7,254,314,80.9,108,169,63.9
508,Antonio Sivera,es ESP,GK,Alavés,0.7,7,15,46.7,311,279,1,1,100,1,1,100,5,13,38.5
509,Rubén Sobrino,es ESP,"FW,MF",Alavés,16.3,290,407,71.3,3622,775,193,239,80.8,62,93,66.7,11,21,52.4
510,Carlos Soler,es ESP,MF,Valencia,26.3,814,1002,81.2,13201,3615,437,486,89.9,288,343,84,67,112,59.8
511,Kévin Soni,cm CMR,MF,Girona,0.2,3,5,60,53,22,1,1,100,2,4,50,0,0,
512,David Soria,es ESP,GK,Sevilla,14,273,377,72.4,8316,6746,28,28,100,133,138,96.4,111,210,52.9
513,Roberto Soriano,it ITA,"MF,FW",Villarreal,12.7,395,511,77.3,5515,1416,249,293,85,113,138,81.9,16,29,55.2
514,Cristhian Stuani,uy URU,FW,Girona,30.1,329,500,65.8,4250,566,220,309,71.2,83,133,62.4,9,15,60
515,Damián Suárez,uy URU,DF,Getafe,32,1175,1698,69.2,20383,11107,623,721,86.4,378,553,68.4,143,321,44.5
516,Denis Suárez,es ESP,"MF,FW",Barcelona,6.6,312,387,80.6,4244,1048,193,218,88.5,81,97,83.5,16,31,51.6
517,Leonardo Suárez,ar ARG,MF,Villarreal,0.3,9,12,75,133,11,7,10,70,1,1,100,1,1,100
518,Luis Suárez,uy URU,FW,Barcelona,32.2,818,1080,75.7,11732,2032,486,596,81.5,211,274,77,58,84,69
519,Isaac Success,ng NGA,"MF,FW",Málaga,5.5,81,143,56.6,1370,283,39,57,68.4,35,52,67.3,5,18,27.8
520,Markel Susaeta,es ESP,"FW,MF",Athletic Club,25.2,746,1013,73.6,12787,3245,368,428,86,254,314,80.9,100,205,48.8
521,Tana,es ESP,"MF,FW",Las Palmas,17.2,694,832,83.4,9639,2925,434,473,91.8,179,214,83.6,44,81,54.3
522,Oussama Tannane,ma MAR,FW,Las Palmas,6.4,183,251,72.9,2774,724,106,124,85.5,59,78,75.6,13,29,44.8
523,Cristian Tello,es ESP,"FW,MF",Betis,18.8,549,724,75.8,8029,1725,332,400,83,167,223,74.9,32,52,61.5
524,Marc-André ter Stegen,de GER,GK,Barcelona,37,1068,1304,81.9,27867,19442,154,154,100,598,613,97.6,313,531,58.9
525,David Timor,es ESP,"MF,DF",Girona,10.3,379,470,80.6,7226,2558,172,192,89.6,136,160,85,53,87,60.9
526,Tito,es ESP,DF,Leganés,6.8,215,294,73.1,3192,1487,126,140,90,65,95,68.4,14,38,36.8
527,Hernán Toledo,ar ARG,"FW,MF",Las Palmas,6.9,113,173,65.3,1385,420,77,98,78.6,30,50,60,1,5,20
528,Toño,es ESP,DF,Levante,12,443,589,75.2,7402,2914,247,275,89.8,145,193,75.1,45,97,46.4
529,Daniel Torres,co COL,MF,Alavés,13.5,420,514,81.7,7635,2847,190,212,89.6,172,203,84.7,52,76,68.4
530,Fernando Torres,es ESP,FW,Atlético Madrid,10.9,147,248,59.3,1882,401,95,143,66.4,31,59,52.5,8,16,50
531,Ferrán Torres,es ESP,MF,Valencia,3.5,68,110,61.8,1005,379,46,63,73,17,26,65.4,4,13,30.8
532,Miguel Torres,es ESP,DF,Málaga,7.5,248,306,81,4098,2180,118,127,92.9,101,125,80.8,22,42,52.4
533,Pau Torres,es ESP,DF,Villarreal,0.6,20,32,62.5,428,175,6,9,66.7,10,12,83.3,4,8,50
534,Alin Tosca,ro ROU,DF,Betis,4.7,182,217,83.9,3015,1093,96,107,89.7,65,80,81.3,16,20,80
535,Manu Trigueros,es ESP,MF,Villarreal,30,1612,1912,84.3,29669,8840,714,777,91.9,651,738,88.2,218,308,70.8
536,Przemyslaw Tyton,pl POL,GK,La Coruña,1.1,17,28,60.7,508,358,1,1,100,9,9,100,7,18,38.9
537,Samuel Umtiti,fr FRA,DF,Barcelona,24.3,1483,1628,91.1,26965,9644,587,622,94.4,736,778,94.6,143,189,75.7
538,Enes Ünal,tr TUR,FW,Villarreal,12.5,205,286,71.7,2352,582,146,179,81.6,43,65,66.2,3,5,60
539,Enes Ünal,tr TUR,FW,Levante,6.6,104,140,74.3,1173,195,71,94,75.5,24,34,70.6,0,1,0
540,Francis Uzoho,ng NGA,GK,La Coruña,2,20,48,41.7,770,685,1,1,100,6,6,100,13,40,32.5
541,Gerard Valentín,es ESP,"DF,FW",La Coruña,1.8,35,55,63.6,629,309,15,18,83.3,15,25,60,4,9,44.4
542,Borja Valle,es ESP,"FW,MF",La Coruña,5.4,103,141,73,1511,277,63,71,88.7,29,48,60.4,7,11,63.6
543,Jesús Vallejo,es ESP,DF,Real Madrid,7,319,366,87.2,6507,2307,98,108,90.7,177,189,93.7,44,67,65.7
544,Federico Valverde,uy URU,"MF,FW",La Coruña,13.7,447,593,75.4,7941,2267,237,282,84,145,192,75.5,55,77,71.4
545,Raphaël Varane,fr FRA,DF,Real Madrid,25.8,1211,1339,90.4,24144,8451,434,460,94.3,591,635,93.1,169,214,79
546,Franco Vázquez,ar ARG,MF,Sevilla,20.4,655,915,71.6,9906,2768,367,448,81.9,213,280,76.1,46,85,54.1
547,Lucas Vázquez,es ESP,"MF,FW",Real Madrid,18.7,818,1014,80.7,11947,2703,515,563,91.5,218,273,79.9,55,91,60.4
548,Koke Vegas,es ESP,GK,Levante,1,15,29,51.7,481,392,2,2,100,6,6,100,7,21,33.3
549,Carlos Vela,mx MEX,FW,Real Sociedad,4.2,160,209,76.6,2510,920,89,100,89,44,58,75.9,18,33,54.5
550,Thomas Vermaelen,be BEL,DF,Barcelona,11.3,603,650,92.8,12304,3928,187,193,96.9,320,338,94.7,91,105,86.7
551,Mikel Vesga,es ESP,MF,Athletic Club,9,327,404,80.9,6069,1463,136,158,86.1,141,172,82,42,57,73.7
552,Rúben Vezo,pt POR,DF,Valencia,17.3,630,825,76.4,11175,4877,261,301,86.7,305,378,80.7,52,103,50.5
553,Aleix Vidal,es ESP,"MF,FW",Barcelona,5.1,207,275,75.3,3005,827,111,130,85.4,70,87,80.5,13,26,50
554,Nacho Vidal,es ESP,DF,Valencia,5,176,221,79.6,2842,1050,97,107,90.7,64,81,79,12,24,50
555,Jonathan Viera,es ESP,MF,Las Palmas,22.1,1271,1557,81.6,18812,5418,718,801,89.6,398,488,81.6,84,146,57.5
556,Luciano Vietto,ar ARG,FW,Atlético Madrid,3,68,80,85,823,132,43,46,93.5,14,18,77.8,2,3,66.7
557,Luciano Vietto,ar ARG,FW,Valencia,5.9,158,204,77.5,2190,470,99,113,87.6,38,54,70.4,11,16,68.8
558,Carlos Vigaray,es ESP,DF,Alavés,9.9,238,347,68.6,3958,1597,115,141,81.6,91,133,68.4,22,50,44
559,Dídac Vilà,es ESP,"DF,MF",Espanyol,8.1,318,418,76.1,5439,1636,164,184,89.1,115,145,79.3,30,58,51.7
560,Vitolo,es ESP,"FW,MF",Las Palmas,7.7,307,369,83.2,3854,1014,208,230,90.4,75,86,87.2,7,15,46.7
561,Vitolo,es ESP,"MF,FW",Atlético Madrid,6.9,235,304,77.3,2885,743,149,174,85.6,56,69,81.2,6,13,46.2
562,ime Vrsaljko,hr CRO,DF,Atlético Madrid,18.8,608,891,68.2,9404,3391,335,406,82.5,221,318,69.5,36,110,32.7
563,Wakaso,gh GHA,MF,Alavés,12.2,330,480,68.8,6784,2152,125,148,84.5,123,172,71.5,72,134,53.7
564,Daniel Wass,dk DEN,"MF,DF",Celta Vigo,32.6,1257,1676,75,19875,6057,690,801,86.1,425,547,77.7,94,216,43.5
565,Axel Werner,ar ARG,GK,Atlético Madrid,1,5,17,29.4,223,205,0,0,,1,1,100,4,16,25
566,Iñaki Williams,gh GHA,"FW,MF",Athletic Club,31.7,555,761,72.9,8171,1618,311,383,81.2,177,241,73.4,39,58,67.2
567,Yoel,es ESP,GK,Eibar,1,14,40,35,746,742,0,0,,0,0,,14,40,35
568,Joseba Zaldúa,es ESP,DF,Leganés,28.4,921,1264,72.9,14775,6228,501,571,87.7,339,455,74.5,64,173,37
569,Simone Zaza,it ITA,FW,Valencia,23.1,319,465,68.6,4630,914,179,226,79.2,94,135,69.6,22,32,68.8
570,Nabil El Zhar,ma MAR,"FW,MF",Leganés,22,469,644,72.8,7069,2171,280,337,83.1,130,181,71.8,40,73,54.8
571,Luca Zidane,fr FRA,GK,Real Madrid,1,30,32,93.8,725,327,2,2,100,22,22,100,6,8,75
572,Igor Zubeldia,es ESP,MF,Real Sociedad,17.6,810,944,85.8,15702,3292,305,348,87.6,387,426,90.8,106,137,77.4
573,David Zurutuza,es ESP,MF,Real Sociedad,24.9,987,1165,84.7,16088,4088,512,580,88.3,374,427,87.6,80,104,76.9
